-- phpMyAdmin SQL Dump
-- version 5.2.1
-- https://www.phpmyadmin.net/
--
-- Хост: localhost
-- Время создания: Мар 03 2026 г., 16:17
-- Версия сервера: 9.1.0
-- Версия PHP: 8.2.27

SET SQL_MODE = "NO_AUTO_VALUE_ON_ZERO";
START TRANSACTION;
SET time_zone = "+00:00";


/*!40101 SET @OLD_CHARACTER_SET_CLIENT=@@CHARACTER_SET_CLIENT */;
/*!40101 SET @OLD_CHARACTER_SET_RESULTS=@@CHARACTER_SET_RESULTS */;
/*!40101 SET @OLD_COLLATION_CONNECTION=@@COLLATION_CONNECTION */;
/*!40101 SET NAMES utf8mb4 */;

--
-- База данных: `psr`
--

-- --------------------------------------------------------

--
-- Структура таблицы `companies`
--

CREATE TABLE `companies` (
  `company_id` bigint UNSIGNED NOT NULL,
  `title` text COLLATE utf8mb4_unicode_ci NOT NULL,
  `stay_cost` int NOT NULL
) ENGINE=InnoDB DEFAULT CHARSET=utf8mb4 COLLATE=utf8mb4_unicode_ci;

--
-- Дамп данных таблицы `companies`
--

INSERT INTO `companies` (`company_id`, `title`, `stay_cost`) VALUES
(1, 'Сокол', 0),
(2, 'Альфа-Старт', 0),
(3, 'ИП Данилина', 0),
(4, 'ИП Креминский', 0),
(5, 'ИП Роганов', 0);

-- --------------------------------------------------------

--
-- Структура таблицы `lines`
--

CREATE TABLE `lines` (
  `line_id` bigint UNSIGNED NOT NULL,
  `title` varchar(255) CHARACTER SET utf8mb4 COLLATE utf8mb4_unicode_ci NOT NULL,
  `color` varchar(7) CHARACTER SET utf8mb4 COLLATE utf8mb4_unicode_ci DEFAULT NULL,
  `type_id` varchar(255) CHARACTER SET utf8mb4 COLLATE utf8mb4_unicode_ci NOT NULL
) ENGINE=InnoDB DEFAULT CHARSET=utf8mb4 COLLATE=utf8mb4_unicode_ci;

--
-- Дамп данных таблицы `lines`
--

INSERT INTO `lines` (`line_id`, `title`, `color`, `type_id`) VALUES
(6, 'Машина для производства стаканчиков', NULL, '1'),
(7, 'Машина для формовки Dream Kissм (ОКА)', NULL, '1'),
(8, 'Первая фис машина (23 отсадки, зефир с начинкой - 19 отсадок)', '#2E81FF', '1'),
(9, 'Вторая фис машина (23 отсадки, зефир с начинкой - 19 отсадок)', NULL, '1'),
(10, 'Третья фис машина (23 отсадки, зефир с начинкой - 19 отсадок)', NULL, '1'),
(11, 'Непрерывная линия №1', NULL, '1'),
(12, 'НЕПРЕРЫВНАЯ ЛИНИЯ №2', NULL, '1'),
(13, 'FLOY PAK 7 с апликатором', NULL, '2'),
(14, 'НЕПРЕРЫВНАЯ ЛИНИЯ №2 - Шоколадная линия 2', NULL, '2'),
(15, 'FLOY PAK 9', NULL, '2'),
(16, 'FLOY PAK Большой китайский №4', NULL, '2'),
(17, 'Непрерывная линия сахарной пудры №1 - Шоколадная линия', NULL, '2'),
(18, 'Непрерывная линия сахарной пудры №1', NULL, '2'),
(19, 'FLOY PAK 6 с апликатором', NULL, '2'),
(20, 'Шоколадная линия 1', NULL, '2'),
(21, 'FLOY PAK 8', NULL, '2'),
(22, 'FLOY PAK 3', NULL, '2'),
(23, 'FLOY PAK 1', NULL, '2'),
(24, 'Линия эквивалент', NULL, '2'),
(25, 'Полуавтоматическая линия сахарной пудры', NULL, '2'),
(26, 'FLOY PAK 2', NULL, '2'),
(27, 'FLOY PAK №10', NULL, '2'),
(28, 'FLOY PAK №5', NULL, '2'),
(29, 'Термоупаковка 1', NULL, '2'),
(30, 'Термоупаковка 2', NULL, '2'),
(31, 'Линия ONE SHOT (КРУГ-38)', NULL, '2'),
(32, 'НОВАЯ вертикальная установка (33 упаковки в мин.)', NULL, '2'),
(33, 'СТАРАЯ вертикальная установка', NULL, '2'),
(34, 'Резка суфле-уп.', NULL, '2'),
(36, 'Картонажный участок - Напечатка кроя', NULL, '2'),
(37, 'Сборка ящиков под продукцию', NULL, '2'),
(40, 'Сборка подарочного набора', NULL, '2'),
(41, 'Непрерывная линия №2 - сахарная пудра', NULL, '2'),
(42, 'Датирование (2 машины-8000шт/час)', NULL, '2'),
(43, 'ОБСЫПКА КОКОСОВОЙ СТРУЖКОЙ', NULL, '1'),
(44, 'ВАРКА СУФЛЕ', NULL, '1'),
(45, 'Резка суфле', NULL, '1'),
(46, 'ОГН', NULL, '2'),
(47, 'Варочный участок', NULL, '1'),
(48, 'Картонажный участок-подготовка кроя-крышка', NULL, '2'),
(49, 'Картонажный участок-подготовка кроя-дно', NULL, '2');

-- --------------------------------------------------------

--
-- Структура таблицы `lines_extra`
--

CREATE TABLE `lines_extra` (
  `line_extra_id` bigint UNSIGNED NOT NULL,
  `line_id` bigint UNSIGNED NOT NULL,
  `workers_count` int DEFAULT NULL,
  `started_at` datetime NOT NULL,
  `ended_at` datetime NOT NULL,
  `down_from` time DEFAULT NULL,
  `down_time` int DEFAULT NULL,
  `cancel_reason` int DEFAULT NULL,
  `master` int DEFAULT NULL,
  `engineer` int DEFAULT NULL,
  `prep_time` int DEFAULT NULL,
  `after_time` int DEFAULT NULL,
  `has_detector` tinyint DEFAULT NULL,
  `detector_start` time DEFAULT NULL,
  `detector_end` time DEFAULT NULL,
  `date` date DEFAULT NULL,
  `extra_title` text COLLATE utf8mb4_unicode_ci,
  `isDay` tinyint(1) NOT NULL
) ENGINE=InnoDB DEFAULT CHARSET=utf8mb4 COLLATE=utf8mb4_unicode_ci;

--
-- Дамп данных таблицы `lines_extra`
--

INSERT INTO `lines_extra` (`line_extra_id`, `line_id`, `workers_count`, `started_at`, `ended_at`, `down_from`, `down_time`, `cancel_reason`, `master`, `engineer`, `prep_time`, `after_time`, `has_detector`, `detector_start`, `detector_end`, `date`, `extra_title`, `isDay`) VALUES
(1, 49, NULL, '2026-02-16 18:30:00', '2026-02-16 05:30:00', NULL, NULL, NULL, NULL, NULL, NULL, NULL, NULL, NULL, NULL, '2026-02-16', NULL, 0),
(2, 7, 4, '2025-07-30 09:00:00', '2025-07-30 12:00:00', NULL, NULL, NULL, NULL, NULL, 30, 30, NULL, NULL, NULL, '2025-07-30', NULL, 1),
(3, 8, 4, '2025-07-30 08:00:00', '2025-07-30 18:00:00', NULL, NULL, NULL, NULL, NULL, 120, 60, NULL, NULL, NULL, '2025-07-30', NULL, 1),
(4, 9, 4, '2025-07-30 08:00:00', '2025-07-30 18:00:00', NULL, NULL, NULL, NULL, NULL, 120, 60, NULL, NULL, NULL, '2025-07-30', NULL, 1),
(5, 10, 4, '2025-07-30 08:00:00', '2025-07-30 18:00:00', NULL, NULL, NULL, NULL, NULL, 120, 60, NULL, NULL, NULL, '2025-07-30', NULL, 1),
(6, 11, 3, '2025-07-30 08:00:00', '2025-07-30 18:30:00', NULL, NULL, NULL, NULL, NULL, 120, 60, NULL, NULL, NULL, '2025-07-30', NULL, 1),
(7, 12, 3, '2025-07-30 08:00:00', '2025-07-30 18:30:00', NULL, NULL, NULL, NULL, NULL, 120, 60, NULL, NULL, NULL, '2025-07-30', NULL, 1),
(8, 13, 3, '2025-07-30 08:00:00', '2025-07-30 20:00:00', NULL, NULL, NULL, NULL, NULL, NULL, 10, NULL, NULL, NULL, '2025-07-30', NULL, 1),
(9, 14, 6, '2025-07-30 08:00:00', '2025-07-30 20:00:00', NULL, NULL, NULL, NULL, NULL, 20, 30, NULL, NULL, NULL, '2025-07-30', NULL, 1),
(10, 15, 3, '2025-07-30 08:00:00', '2025-07-30 20:00:00', NULL, NULL, NULL, NULL, NULL, NULL, 10, NULL, NULL, NULL, '2025-07-30', NULL, 1),
(11, 16, 4, '2025-07-30 08:00:00', '2025-07-30 20:00:00', NULL, NULL, NULL, NULL, NULL, NULL, 10, NULL, NULL, NULL, '2025-07-30', NULL, 1),
(12, 17, 6, '2025-07-30 08:00:00', '2025-07-30 20:00:00', NULL, NULL, NULL, NULL, NULL, 20, 30, NULL, NULL, NULL, '2025-07-30', NULL, 1),
(13, 18, 12, '2025-07-30 08:00:00', '2025-07-30 20:00:00', NULL, NULL, NULL, NULL, NULL, 20, 30, NULL, NULL, NULL, '2025-07-30', NULL, 1),
(14, 19, 3, '2025-07-30 08:00:00', '2025-07-30 20:00:00', NULL, NULL, NULL, NULL, NULL, NULL, 10, NULL, NULL, NULL, '2025-07-30', NULL, 1),
(15, 20, 7, '2025-07-30 09:30:00', '2025-07-30 20:00:00', NULL, NULL, NULL, NULL, NULL, 5, 30, NULL, NULL, NULL, '2025-07-30', NULL, 1),
(16, 21, 4, '2025-07-30 09:30:00', '2025-07-30 20:00:00', NULL, NULL, NULL, NULL, NULL, NULL, 10, NULL, NULL, NULL, '2025-07-30', NULL, 1),
(17, 22, 4, '2025-07-30 09:30:00', '2025-07-30 20:00:00', NULL, NULL, NULL, NULL, NULL, NULL, 10, NULL, NULL, NULL, '2025-07-30', NULL, 1),
(18, 23, 4, '2025-07-30 09:30:00', '2025-07-30 20:00:00', NULL, NULL, NULL, NULL, NULL, NULL, 10, NULL, NULL, NULL, '2025-07-30', NULL, 1),
(19, 24, 5, '2025-07-30 09:30:00', '2025-07-30 20:00:00', NULL, NULL, NULL, NULL, NULL, 5, 30, NULL, NULL, NULL, '2025-07-30', NULL, 1),
(20, 25, 12, '2025-07-30 09:30:00', '2025-07-30 20:00:00', NULL, NULL, NULL, NULL, NULL, 5, 15, NULL, NULL, NULL, '2025-07-30', NULL, 1),
(21, 26, 4, '2025-07-30 09:30:00', '2025-07-30 20:00:00', NULL, NULL, NULL, NULL, NULL, NULL, 10, NULL, NULL, NULL, '2025-07-30', NULL, 1),
(22, 27, 4, '2025-07-30 09:30:00', '2025-07-30 20:00:00', NULL, NULL, NULL, NULL, NULL, NULL, 10, NULL, NULL, NULL, '2025-07-30', NULL, 1),
(23, 28, 4, '2025-07-30 09:30:00', '2025-07-30 20:00:00', NULL, NULL, NULL, NULL, NULL, NULL, 10, NULL, NULL, NULL, '2025-07-30', NULL, 1),
(24, 29, 2, '2025-07-30 09:30:00', '2025-07-30 20:00:00', NULL, NULL, NULL, NULL, NULL, NULL, 10, NULL, NULL, NULL, '2025-07-30', NULL, 1),
(25, 30, 2, '2025-07-30 09:30:00', '2025-07-30 20:00:00', NULL, NULL, NULL, NULL, NULL, NULL, 10, NULL, NULL, NULL, '2025-07-30', NULL, 1),
(26, 31, 3, '2025-07-30 08:00:00', '2025-07-30 20:00:00', NULL, NULL, NULL, NULL, NULL, 30, 30, NULL, NULL, NULL, '2025-07-30', NULL, 1),
(27, 32, 3, '2025-07-30 08:00:00', '2025-07-30 20:00:00', NULL, NULL, NULL, NULL, NULL, NULL, 10, NULL, NULL, NULL, '2025-07-30', NULL, 1),
(28, 33, 3, '2025-07-30 08:00:00', '2025-07-30 12:00:00', NULL, NULL, NULL, NULL, NULL, 0, 10, NULL, NULL, NULL, '2025-07-30', NULL, 1),
(29, 34, 2, '2025-07-30 08:00:00', '2025-07-30 12:00:00', NULL, NULL, NULL, NULL, NULL, 10, 10, NULL, NULL, NULL, '2025-07-30', NULL, 1),
(30, 36, 1, '2025-07-30 08:00:00', '2025-07-30 09:00:00', NULL, NULL, NULL, NULL, NULL, NULL, 10, NULL, NULL, NULL, '2025-07-30', NULL, 1),
(31, 37, 1, '2025-07-30 08:00:00', '2025-07-30 10:00:00', NULL, NULL, NULL, NULL, NULL, NULL, 10, NULL, NULL, NULL, '2025-07-30', NULL, 1),
(32, 40, 1, '2025-07-30 08:00:00', '2025-07-30 12:00:00', NULL, NULL, NULL, NULL, NULL, 0, 0, NULL, NULL, NULL, '2025-07-30', NULL, 1),
(33, 41, 12, '2025-07-30 08:00:00', '2025-07-30 20:00:00', NULL, NULL, NULL, NULL, NULL, 20, 30, NULL, NULL, NULL, '2025-07-30', NULL, 1),
(34, 42, 1, '2025-07-30 08:00:00', '2025-07-30 20:00:00', NULL, NULL, NULL, NULL, NULL, NULL, 10, NULL, NULL, NULL, '2025-07-30', NULL, 1),
(35, 43, 3, '2025-07-30 08:00:00', '2025-07-30 09:00:00', NULL, NULL, NULL, NULL, NULL, NULL, 60, NULL, NULL, NULL, '2025-07-30', NULL, 1),
(36, 44, 5, '2025-07-30 07:00:00', '2025-07-30 09:00:00', NULL, NULL, NULL, NULL, NULL, 60, 30, NULL, NULL, NULL, '2025-07-30', NULL, 1),
(37, 45, 2, '2025-07-30 07:00:00', '2025-07-30 10:00:00', NULL, NULL, NULL, NULL, NULL, 10, 10, NULL, NULL, NULL, '2025-07-30', NULL, 1),
(38, 46, 1, '2025-07-30 08:00:00', '2025-07-30 20:00:00', NULL, NULL, NULL, NULL, NULL, NULL, 10, NULL, NULL, NULL, '2025-07-30', NULL, 1),
(39, 47, 1, '2025-07-30 08:00:00', '2025-07-30 12:00:00', NULL, NULL, NULL, NULL, NULL, 0, 0, NULL, NULL, NULL, '2025-07-30', NULL, 1),
(40, 6, 5, '2025-06-24 21:00:00', '2025-06-25 00:00:00', NULL, NULL, NULL, NULL, NULL, 30, 30, NULL, NULL, NULL, '2025-06-24', NULL, 0),
(41, 7, 4, '2025-06-24 21:00:00', '2025-06-25 00:00:00', NULL, NULL, NULL, NULL, NULL, 30, 30, NULL, NULL, NULL, '2025-06-24', NULL, 0),
(42, 8, 4, '2025-06-24 20:00:00', '2025-06-25 06:00:00', NULL, NULL, NULL, NULL, NULL, 120, 60, NULL, NULL, NULL, '2025-06-24', NULL, 0),
(43, 9, 4, '2025-06-24 20:00:00', '2025-06-25 06:00:00', NULL, NULL, NULL, NULL, NULL, 120, 60, NULL, NULL, NULL, '2025-06-24', NULL, 0),
(44, 10, 4, '2025-06-24 20:00:00', '2025-06-25 06:00:00', NULL, NULL, NULL, NULL, NULL, 120, 60, NULL, NULL, NULL, '2025-06-24', NULL, 0),
(45, 11, 3, '2025-06-24 20:00:00', '2025-06-25 06:30:00', NULL, NULL, NULL, NULL, NULL, 120, 60, NULL, NULL, NULL, '2025-06-24', NULL, 0),
(46, 12, 3, '2025-06-24 20:00:00', '2025-06-25 06:30:00', NULL, NULL, NULL, NULL, NULL, 120, 60, NULL, NULL, NULL, '2025-06-24', NULL, 0),
(47, 13, 3, '2025-06-24 20:00:00', '2025-06-25 08:00:00', NULL, NULL, NULL, NULL, NULL, NULL, 10, NULL, NULL, NULL, '2025-06-24', NULL, 0),
(48, 14, 6, '2025-06-24 20:00:00', '2025-06-25 08:00:00', NULL, NULL, NULL, NULL, NULL, 20, 30, NULL, NULL, NULL, '2025-06-24', NULL, 0),
(49, 15, 3, '2025-06-24 20:00:00', '2025-06-25 08:00:00', NULL, NULL, NULL, NULL, NULL, NULL, 10, NULL, NULL, NULL, '2025-06-24', NULL, 0),
(50, 16, 4, '2025-06-24 20:00:00', '2025-06-25 08:00:00', NULL, NULL, NULL, NULL, NULL, NULL, 10, NULL, NULL, NULL, '2025-06-24', NULL, 0),
(51, 17, 6, '2025-06-24 20:00:00', '2025-06-25 08:00:00', NULL, NULL, NULL, NULL, NULL, 20, 30, NULL, NULL, NULL, '2025-06-24', NULL, 0),
(52, 18, 12, '2025-06-24 20:00:00', '2025-06-25 08:00:00', NULL, NULL, NULL, NULL, NULL, 20, 30, NULL, NULL, NULL, '2025-06-24', NULL, 0),
(53, 19, 3, '2025-06-24 20:00:00', '2025-06-25 08:00:00', NULL, NULL, NULL, NULL, NULL, NULL, 10, NULL, NULL, NULL, '2025-06-24', NULL, 0),
(54, 20, 7, '2025-06-24 21:30:00', '2025-06-25 08:00:00', NULL, NULL, NULL, NULL, NULL, 5, 30, NULL, NULL, NULL, '2025-06-24', NULL, 0),
(55, 21, 4, '2025-06-24 21:30:00', '2025-06-25 08:00:00', NULL, NULL, NULL, NULL, NULL, NULL, 10, NULL, NULL, NULL, '2025-06-24', NULL, 0),
(56, 22, 4, '2025-06-24 21:30:00', '2025-06-25 08:00:00', NULL, NULL, NULL, NULL, NULL, NULL, 10, NULL, NULL, NULL, '2025-06-24', NULL, 0),
(57, 23, 4, '2025-06-24 21:30:00', '2025-06-25 08:00:00', NULL, NULL, NULL, NULL, NULL, NULL, 10, NULL, NULL, NULL, '2025-06-24', NULL, 0),
(58, 24, 5, '2025-06-24 21:30:00', '2025-06-25 08:00:00', NULL, NULL, NULL, NULL, NULL, 5, 30, NULL, NULL, NULL, '2025-06-24', NULL, 0),
(59, 25, 12, '2025-06-24 21:30:00', '2025-06-25 08:00:00', NULL, NULL, NULL, NULL, NULL, 5, 15, NULL, NULL, NULL, '2025-06-24', NULL, 0),
(60, 26, 4, '2025-06-24 21:30:00', '2025-06-25 08:00:00', NULL, NULL, NULL, NULL, NULL, NULL, 10, NULL, NULL, NULL, '2025-06-24', NULL, 0),
(61, 27, 4, '2025-06-24 21:30:00', '2025-06-25 08:00:00', NULL, NULL, NULL, NULL, NULL, NULL, 10, NULL, NULL, NULL, '2025-06-24', NULL, 0),
(62, 28, 4, '2025-06-24 21:30:00', '2025-06-25 08:00:00', NULL, NULL, NULL, NULL, NULL, NULL, 10, NULL, NULL, NULL, '2025-06-24', NULL, 0),
(63, 29, 2, '2025-06-24 21:30:00', '2025-06-25 08:00:00', NULL, NULL, NULL, NULL, NULL, NULL, 10, NULL, NULL, NULL, '2025-06-24', NULL, 0),
(64, 30, 2, '2025-06-24 21:30:00', '2025-06-25 08:00:00', NULL, NULL, NULL, NULL, NULL, NULL, 10, NULL, NULL, NULL, '2025-06-24', NULL, 0),
(65, 31, 3, '2025-06-24 20:00:00', '2025-06-25 08:00:00', NULL, NULL, NULL, NULL, NULL, 30, 30, NULL, NULL, NULL, '2025-06-24', NULL, 0),
(66, 32, 3, '2025-06-24 20:00:00', '2025-06-25 08:00:00', NULL, NULL, NULL, NULL, NULL, NULL, 10, NULL, NULL, NULL, '2025-06-24', NULL, 0),
(67, 33, 3, '2025-06-24 20:00:00', '2025-06-25 00:00:00', NULL, NULL, NULL, NULL, NULL, 0, 10, NULL, NULL, NULL, '2025-06-24', NULL, 0),
(68, 34, 2, '2025-06-24 20:00:00', '2025-06-25 00:00:00', NULL, NULL, NULL, NULL, NULL, 10, 10, NULL, NULL, NULL, '2025-06-24', NULL, 0),
(69, 36, 1, '2025-06-24 20:00:00', '2025-06-24 21:00:00', NULL, NULL, NULL, NULL, NULL, NULL, 10, NULL, NULL, NULL, '2025-06-24', NULL, 0),
(70, 37, 1, '2025-06-24 20:00:00', '2025-06-24 22:00:00', NULL, NULL, NULL, NULL, NULL, NULL, 10, NULL, NULL, NULL, '2025-06-24', NULL, 0),
(71, 40, 1, '2025-06-24 20:00:00', '2025-06-25 00:00:00', NULL, NULL, NULL, NULL, NULL, 0, 0, NULL, NULL, NULL, '2025-06-24', NULL, 0),
(72, 41, 12, '2025-06-24 20:00:00', '2025-06-25 08:00:00', NULL, NULL, NULL, NULL, NULL, 20, 30, NULL, NULL, NULL, '2025-06-24', NULL, 0),
(73, 42, 1, '2025-06-24 20:00:00', '2025-06-25 08:00:00', NULL, NULL, NULL, NULL, NULL, NULL, 10, NULL, NULL, NULL, '2025-06-24', NULL, 0),
(74, 43, 3, '2025-06-24 20:00:00', '2025-06-24 21:00:00', NULL, NULL, NULL, NULL, NULL, NULL, 60, NULL, NULL, NULL, '2025-06-24', NULL, 0),
(75, 44, 5, '2025-06-24 19:00:00', '2025-06-24 21:00:00', NULL, NULL, NULL, NULL, NULL, 60, 30, NULL, NULL, NULL, '2025-06-24', NULL, 0),
(76, 45, 2, '2025-06-24 19:00:00', '2025-06-24 22:00:00', NULL, NULL, NULL, NULL, NULL, 10, 10, NULL, NULL, NULL, '2025-06-24', NULL, 0),
(77, 46, 1, '2025-06-24 20:00:00', '2025-06-25 08:00:00', NULL, NULL, NULL, NULL, NULL, NULL, 10, NULL, NULL, NULL, '2025-06-24', NULL, 0),
(78, 47, 1, '2025-06-24 20:00:00', '2025-06-25 00:00:00', NULL, NULL, NULL, NULL, NULL, 0, 0, NULL, NULL, NULL, '2025-06-24', NULL, 0),
(79, 6, 5, '2025-07-24 21:00:00', '2025-07-25 00:00:00', NULL, NULL, NULL, NULL, NULL, 30, 30, NULL, NULL, NULL, '2025-07-24', NULL, 0),
(80, 7, 4, '2025-07-24 21:00:00', '2025-07-25 00:00:00', NULL, NULL, NULL, NULL, NULL, 30, 30, NULL, NULL, NULL, '2025-07-24', NULL, 0),
(81, 8, 4, '2025-07-24 20:00:00', '2025-07-25 06:00:00', NULL, NULL, NULL, NULL, NULL, 120, 60, NULL, NULL, NULL, '2025-07-24', NULL, 0),
(82, 9, 4, '2025-07-24 20:00:00', '2025-07-25 06:00:00', NULL, NULL, NULL, NULL, NULL, 120, 60, NULL, NULL, NULL, '2025-07-24', NULL, 0),
(83, 10, 4, '2025-07-24 20:00:00', '2025-07-25 06:00:00', NULL, NULL, NULL, NULL, NULL, 120, 60, NULL, NULL, NULL, '2025-07-24', NULL, 0),
(84, 11, 3, '2025-07-24 20:00:00', '2025-07-25 06:30:00', NULL, NULL, NULL, NULL, NULL, 120, 60, NULL, NULL, NULL, '2025-07-24', NULL, 0),
(85, 12, 3, '2025-07-24 20:00:00', '2025-07-25 06:30:00', NULL, NULL, NULL, NULL, NULL, 120, 60, NULL, NULL, NULL, '2025-07-24', NULL, 0),
(86, 13, 3, '2025-07-24 20:00:00', '2025-07-25 08:00:00', NULL, NULL, NULL, NULL, NULL, NULL, 10, NULL, NULL, NULL, '2025-07-24', NULL, 0),
(87, 14, 6, '2025-07-24 20:00:00', '2025-07-25 08:00:00', NULL, NULL, NULL, NULL, NULL, 20, 30, NULL, NULL, NULL, '2025-07-24', NULL, 0),
(88, 15, 3, '2025-07-24 20:00:00', '2025-07-25 08:00:00', NULL, NULL, NULL, NULL, NULL, NULL, 10, NULL, NULL, NULL, '2025-07-24', NULL, 0),
(89, 16, 4, '2025-07-24 20:00:00', '2025-07-25 08:00:00', NULL, NULL, NULL, NULL, NULL, NULL, 10, NULL, NULL, NULL, '2025-07-24', NULL, 0),
(90, 17, 6, '2025-07-24 20:00:00', '2025-07-25 08:00:00', NULL, NULL, NULL, NULL, NULL, 20, 30, NULL, NULL, NULL, '2025-07-24', NULL, 0),
(91, 18, 12, '2025-07-24 20:00:00', '2025-07-25 08:00:00', NULL, NULL, NULL, NULL, NULL, 20, 30, NULL, NULL, NULL, '2025-07-24', NULL, 0),
(92, 19, 3, '2025-07-24 20:00:00', '2025-07-25 08:00:00', NULL, NULL, NULL, NULL, NULL, NULL, 10, NULL, NULL, NULL, '2025-07-24', NULL, 0),
(93, 20, 7, '2025-07-24 21:30:00', '2025-07-25 08:00:00', NULL, NULL, NULL, NULL, NULL, 5, 30, NULL, NULL, NULL, '2025-07-24', NULL, 0),
(94, 21, 4, '2025-07-24 21:30:00', '2025-07-25 08:00:00', NULL, NULL, NULL, NULL, NULL, NULL, 10, NULL, NULL, NULL, '2025-07-24', NULL, 0),
(95, 22, 4, '2025-07-24 21:30:00', '2025-07-25 08:00:00', NULL, NULL, NULL, NULL, NULL, NULL, 10, NULL, NULL, NULL, '2025-07-24', NULL, 0),
(96, 23, 4, '2025-07-24 21:30:00', '2025-07-25 08:00:00', NULL, NULL, NULL, NULL, NULL, NULL, 10, NULL, NULL, NULL, '2025-07-24', NULL, 0),
(97, 24, 5, '2025-07-24 21:30:00', '2025-07-25 08:00:00', NULL, NULL, NULL, NULL, NULL, 5, 30, NULL, NULL, NULL, '2025-07-24', NULL, 0),
(98, 25, 12, '2025-07-24 21:30:00', '2025-07-25 08:00:00', NULL, NULL, NULL, NULL, NULL, 5, 15, NULL, NULL, NULL, '2025-07-24', NULL, 0),
(99, 26, 4, '2025-07-24 21:30:00', '2025-07-25 08:00:00', NULL, NULL, NULL, NULL, NULL, NULL, 10, NULL, NULL, NULL, '2025-07-24', NULL, 0),
(100, 27, 4, '2025-07-24 21:30:00', '2025-07-25 08:00:00', NULL, NULL, NULL, NULL, NULL, NULL, 10, NULL, NULL, NULL, '2025-07-24', NULL, 0),
(101, 28, 4, '2025-07-24 21:30:00', '2025-07-25 08:00:00', NULL, NULL, NULL, NULL, NULL, NULL, 10, NULL, NULL, NULL, '2025-07-24', NULL, 0),
(102, 29, 2, '2025-07-24 21:30:00', '2025-07-25 08:00:00', NULL, NULL, NULL, NULL, NULL, NULL, 10, NULL, NULL, NULL, '2025-07-24', NULL, 0),
(103, 30, 2, '2025-07-24 21:30:00', '2025-07-25 08:00:00', NULL, NULL, NULL, NULL, NULL, NULL, 10, NULL, NULL, NULL, '2025-07-24', NULL, 0),
(104, 31, 3, '2025-07-24 20:00:00', '2025-07-25 08:00:00', NULL, NULL, NULL, NULL, NULL, 30, 30, NULL, NULL, NULL, '2025-07-24', NULL, 0),
(105, 32, 3, '2025-07-24 20:00:00', '2025-07-25 08:00:00', NULL, NULL, NULL, NULL, NULL, NULL, 10, NULL, NULL, NULL, '2025-07-24', NULL, 0),
(106, 33, 3, '2025-07-24 20:00:00', '2025-07-25 00:00:00', NULL, NULL, NULL, NULL, NULL, 0, 10, NULL, NULL, NULL, '2025-07-24', NULL, 0),
(107, 34, 2, '2025-07-24 20:00:00', '2025-07-25 00:00:00', NULL, NULL, NULL, NULL, NULL, 10, 10, NULL, NULL, NULL, '2025-07-24', NULL, 0),
(108, 36, 1, '2025-07-24 20:00:00', '2025-07-24 21:00:00', NULL, NULL, NULL, NULL, NULL, NULL, 10, NULL, NULL, NULL, '2025-07-24', NULL, 0),
(109, 37, 1, '2025-07-24 20:00:00', '2025-07-24 22:00:00', NULL, NULL, NULL, NULL, NULL, NULL, 10, NULL, NULL, NULL, '2025-07-24', NULL, 0),
(110, 40, 1, '2025-07-24 20:00:00', '2025-07-25 00:00:00', NULL, NULL, NULL, NULL, NULL, 0, 0, NULL, NULL, NULL, '2025-07-24', NULL, 0),
(111, 41, 12, '2025-07-24 20:00:00', '2025-07-25 08:00:00', NULL, NULL, NULL, NULL, NULL, 20, 30, NULL, NULL, NULL, '2025-07-24', NULL, 0),
(112, 42, 1, '2025-07-24 20:00:00', '2025-07-25 08:00:00', NULL, NULL, NULL, NULL, NULL, NULL, 10, NULL, NULL, NULL, '2025-07-24', NULL, 0),
(113, 43, 3, '2025-07-24 20:00:00', '2025-07-24 21:00:00', NULL, NULL, NULL, NULL, NULL, NULL, 60, NULL, NULL, NULL, '2025-07-24', NULL, 0),
(114, 44, 5, '2025-07-24 19:00:00', '2025-07-24 21:00:00', NULL, NULL, NULL, NULL, NULL, 60, 30, NULL, NULL, NULL, '2025-07-24', NULL, 0),
(115, 45, 2, '2025-07-24 19:00:00', '2025-07-24 22:00:00', NULL, NULL, NULL, NULL, NULL, 10, 10, NULL, NULL, NULL, '2025-07-24', NULL, 0),
(116, 46, 1, '2025-07-24 20:00:00', '2025-07-25 08:00:00', NULL, NULL, NULL, NULL, NULL, NULL, 10, NULL, NULL, NULL, '2025-07-24', NULL, 0),
(117, 47, 1, '2025-07-24 20:00:00', '2025-07-25 00:00:00', NULL, NULL, NULL, NULL, NULL, 0, 0, NULL, NULL, NULL, '2025-07-24', NULL, 0),
(118, 6, 5, '2025-08-04 09:00:00', '2025-08-04 12:00:00', NULL, NULL, NULL, NULL, NULL, 30, 30, NULL, NULL, NULL, '2025-08-04', NULL, 1),
(119, 7, 4, '2025-08-04 09:00:00', '2025-08-04 12:00:00', NULL, NULL, NULL, NULL, NULL, 30, 30, NULL, NULL, NULL, '2025-08-04', NULL, 1),
(120, 8, 4, '2025-08-04 08:00:00', '2025-08-04 18:00:00', NULL, NULL, NULL, NULL, NULL, 120, 60, NULL, NULL, NULL, '2025-08-04', NULL, 1),
(121, 9, 4, '2025-08-04 08:00:00', '2025-08-04 18:00:00', NULL, NULL, NULL, NULL, NULL, 120, 60, NULL, NULL, NULL, '2025-08-04', NULL, 1),
(122, 10, 4, '2025-08-04 08:00:00', '2025-08-04 18:00:00', NULL, NULL, NULL, NULL, NULL, 120, 60, NULL, NULL, NULL, '2025-08-04', NULL, 1),
(123, 11, 3, '2025-08-04 08:00:00', '2025-08-04 18:30:00', NULL, NULL, NULL, NULL, NULL, 120, 60, NULL, NULL, NULL, '2025-08-04', NULL, 1),
(124, 12, 3, '2025-08-04 08:00:00', '2025-08-04 18:30:00', NULL, NULL, NULL, NULL, NULL, 120, 60, NULL, NULL, NULL, '2025-08-04', NULL, 1),
(125, 13, 3, '2025-08-04 08:00:00', '2025-08-04 20:00:00', NULL, NULL, NULL, NULL, NULL, NULL, 10, NULL, NULL, NULL, '2025-08-04', NULL, 1),
(126, 14, 6, '2025-08-04 08:00:00', '2025-08-04 20:00:00', NULL, NULL, NULL, NULL, NULL, 20, 30, NULL, NULL, NULL, '2025-08-04', NULL, 1),
(127, 15, 3, '2025-08-04 08:00:00', '2025-08-04 20:00:00', NULL, NULL, NULL, NULL, NULL, NULL, 10, NULL, NULL, NULL, '2025-08-04', NULL, 1),
(128, 16, 4, '2025-08-04 08:00:00', '2025-08-04 20:00:00', NULL, NULL, NULL, NULL, NULL, NULL, 10, NULL, NULL, NULL, '2025-08-04', NULL, 1),
(129, 17, 6, '2025-08-04 08:00:00', '2025-08-04 20:00:00', NULL, NULL, NULL, NULL, NULL, 20, 30, NULL, NULL, NULL, '2025-08-04', NULL, 1),
(130, 18, 12, '2025-08-04 08:00:00', '2025-08-04 20:00:00', NULL, NULL, NULL, NULL, NULL, 20, 30, NULL, NULL, NULL, '2025-08-04', NULL, 1),
(131, 19, 3, '2025-08-04 08:00:00', '2025-08-04 20:00:00', NULL, NULL, NULL, NULL, NULL, NULL, 10, NULL, NULL, NULL, '2025-08-04', NULL, 1),
(132, 20, 7, '2025-08-04 09:30:00', '2025-08-04 20:00:00', NULL, NULL, NULL, NULL, NULL, 5, 30, NULL, NULL, NULL, '2025-08-04', NULL, 1),
(133, 21, 4, '2025-08-04 09:30:00', '2025-08-04 20:00:00', NULL, NULL, NULL, NULL, NULL, NULL, 10, NULL, NULL, NULL, '2025-08-04', NULL, 1),
(134, 22, 4, '2025-08-04 09:30:00', '2025-08-04 20:00:00', NULL, NULL, NULL, NULL, NULL, NULL, 10, NULL, NULL, NULL, '2025-08-04', NULL, 1),
(135, 23, 4, '2025-08-04 09:30:00', '2025-08-04 20:00:00', NULL, NULL, NULL, NULL, NULL, NULL, 10, NULL, NULL, NULL, '2025-08-04', NULL, 1),
(136, 24, 5, '2025-08-04 09:30:00', '2025-08-04 20:00:00', NULL, NULL, NULL, NULL, NULL, 5, 30, NULL, NULL, NULL, '2025-08-04', NULL, 1),
(137, 25, 12, '2025-08-04 09:30:00', '2025-08-04 20:00:00', NULL, NULL, NULL, NULL, NULL, 5, 15, NULL, NULL, NULL, '2025-08-04', NULL, 1),
(138, 26, 4, '2025-08-04 09:30:00', '2025-08-04 20:00:00', NULL, NULL, NULL, NULL, NULL, NULL, 10, NULL, NULL, NULL, '2025-08-04', NULL, 1),
(139, 27, 4, '2025-08-04 09:30:00', '2025-08-04 20:00:00', NULL, NULL, NULL, NULL, NULL, NULL, 10, NULL, NULL, NULL, '2025-08-04', NULL, 1),
(140, 28, 4, '2025-08-04 09:30:00', '2025-08-04 20:00:00', NULL, NULL, NULL, NULL, NULL, NULL, 10, NULL, NULL, NULL, '2025-08-04', NULL, 1),
(141, 29, 2, '2025-08-04 09:30:00', '2025-08-04 20:00:00', NULL, NULL, NULL, NULL, NULL, NULL, 10, NULL, NULL, NULL, '2025-08-04', NULL, 1),
(142, 30, 2, '2025-08-04 09:30:00', '2025-08-04 20:00:00', NULL, NULL, NULL, NULL, NULL, NULL, 10, NULL, NULL, NULL, '2025-08-04', NULL, 1),
(143, 31, 3, '2025-08-04 08:00:00', '2025-08-04 20:00:00', NULL, NULL, NULL, NULL, NULL, 30, 30, NULL, NULL, NULL, '2025-08-04', NULL, 1),
(144, 32, 3, '2025-08-04 08:00:00', '2025-08-04 20:00:00', NULL, NULL, NULL, NULL, NULL, NULL, 10, NULL, NULL, NULL, '2025-08-04', NULL, 1),
(145, 33, 3, '2025-08-04 08:00:00', '2025-08-04 12:00:00', NULL, NULL, NULL, NULL, NULL, 0, 10, NULL, NULL, NULL, '2025-08-04', NULL, 1),
(146, 34, 2, '2025-08-04 08:00:00', '2025-08-04 12:00:00', NULL, NULL, NULL, NULL, NULL, 10, 10, NULL, NULL, NULL, '2025-08-04', NULL, 1),
(147, 36, 1, '2025-08-04 08:00:00', '2025-08-04 09:00:00', NULL, NULL, NULL, NULL, NULL, NULL, 10, NULL, NULL, NULL, '2025-08-04', NULL, 1),
(148, 37, 1, '2025-08-04 08:00:00', '2025-08-04 10:00:00', NULL, NULL, NULL, NULL, NULL, NULL, 10, NULL, NULL, NULL, '2025-08-04', NULL, 1),
(149, 40, 1, '2025-08-04 08:00:00', '2025-08-04 12:00:00', NULL, NULL, NULL, NULL, NULL, 0, 0, NULL, NULL, NULL, '2025-08-04', NULL, 1),
(150, 41, 12, '2025-08-04 08:00:00', '2025-08-04 20:00:00', NULL, NULL, NULL, NULL, NULL, 20, 30, NULL, NULL, NULL, '2025-08-04', NULL, 1),
(151, 42, 1, '2025-08-04 08:00:00', '2025-08-04 20:00:00', NULL, NULL, NULL, NULL, NULL, NULL, 10, NULL, NULL, NULL, '2025-08-04', NULL, 1),
(152, 43, 3, '2025-08-04 08:00:00', '2025-08-04 09:00:00', NULL, NULL, NULL, NULL, NULL, NULL, 60, NULL, NULL, NULL, '2025-08-04', NULL, 1),
(153, 44, 5, '2025-08-04 07:00:00', '2025-08-04 09:00:00', NULL, NULL, NULL, NULL, NULL, 60, 30, NULL, NULL, NULL, '2025-08-04', NULL, 1),
(154, 45, 2, '2025-08-04 07:00:00', '2025-08-04 10:00:00', NULL, NULL, NULL, NULL, NULL, 10, 10, NULL, NULL, NULL, '2025-08-04', NULL, 1),
(155, 46, 1, '2025-08-04 08:00:00', '2025-08-04 20:00:00', NULL, NULL, NULL, NULL, NULL, NULL, 10, NULL, NULL, NULL, '2025-08-04', NULL, 1),
(156, 47, 1, '2025-08-04 08:00:00', '2025-08-04 12:00:00', NULL, NULL, NULL, NULL, NULL, 0, 0, NULL, NULL, NULL, '2025-08-04', NULL, 1),
(157, 6, 5, '2025-08-10 21:00:00', '2025-08-11 00:00:00', NULL, NULL, NULL, NULL, NULL, 30, 30, NULL, NULL, NULL, '2025-08-10', NULL, 0),
(158, 7, 4, '2025-08-10 21:00:00', '2025-08-11 00:00:00', NULL, NULL, NULL, NULL, NULL, 30, 30, NULL, NULL, NULL, '2025-08-10', NULL, 0),
(159, 8, 4, '2025-08-10 20:00:00', '2025-08-11 06:00:00', NULL, NULL, NULL, NULL, NULL, 120, 60, NULL, NULL, NULL, '2025-08-10', NULL, 0),
(160, 9, 4, '2025-08-10 20:00:00', '2025-08-11 06:00:00', NULL, NULL, NULL, NULL, NULL, 120, 60, NULL, NULL, NULL, '2025-08-10', NULL, 0),
(161, 10, 4, '2025-08-10 20:00:00', '2025-08-11 06:00:00', NULL, NULL, NULL, NULL, NULL, 120, 60, NULL, NULL, NULL, '2025-08-10', NULL, 0),
(162, 11, 3, '2025-08-10 20:00:00', '2025-08-11 06:30:00', NULL, NULL, NULL, NULL, NULL, 120, 60, NULL, NULL, NULL, '2025-08-10', NULL, 0),
(163, 12, 3, '2025-08-10 20:00:00', '2025-08-11 06:30:00', NULL, NULL, NULL, NULL, NULL, 120, 60, NULL, NULL, NULL, '2025-08-10', NULL, 0),
(164, 13, 3, '2025-08-10 20:00:00', '2025-08-11 08:00:00', NULL, NULL, NULL, NULL, NULL, NULL, 10, NULL, NULL, NULL, '2025-08-10', NULL, 0),
(165, 14, 6, '2025-08-10 20:00:00', '2025-08-11 08:00:00', NULL, NULL, NULL, NULL, NULL, 20, 30, NULL, NULL, NULL, '2025-08-10', NULL, 0),
(166, 15, 3, '2025-08-10 20:00:00', '2025-08-11 08:00:00', NULL, NULL, NULL, NULL, NULL, NULL, 10, NULL, NULL, NULL, '2025-08-10', NULL, 0),
(167, 16, 4, '2025-08-10 20:00:00', '2025-08-11 08:00:00', NULL, NULL, NULL, NULL, NULL, NULL, 10, NULL, NULL, NULL, '2025-08-10', NULL, 0),
(168, 17, 6, '2025-08-10 20:00:00', '2025-08-11 08:00:00', NULL, NULL, NULL, NULL, NULL, 20, 30, NULL, NULL, NULL, '2025-08-10', NULL, 0),
(169, 18, 12, '2025-08-10 20:00:00', '2025-08-11 08:00:00', NULL, NULL, NULL, NULL, NULL, 20, 30, NULL, NULL, NULL, '2025-08-10', NULL, 0),
(170, 19, 3, '2025-08-10 20:00:00', '2025-08-11 08:00:00', NULL, NULL, NULL, NULL, NULL, NULL, 10, NULL, NULL, NULL, '2025-08-10', NULL, 0),
(171, 20, 7, '2025-08-10 21:30:00', '2025-08-11 08:00:00', NULL, NULL, NULL, NULL, NULL, 5, 30, NULL, NULL, NULL, '2025-08-10', NULL, 0),
(172, 21, 4, '2025-08-10 21:30:00', '2025-08-11 08:00:00', NULL, NULL, NULL, NULL, NULL, NULL, 10, NULL, NULL, NULL, '2025-08-10', NULL, 0),
(173, 22, 4, '2025-08-10 21:30:00', '2025-08-11 08:00:00', NULL, NULL, NULL, NULL, NULL, NULL, 10, NULL, NULL, NULL, '2025-08-10', NULL, 0),
(174, 23, 4, '2025-08-10 21:30:00', '2025-08-11 08:00:00', NULL, NULL, NULL, NULL, NULL, NULL, 10, NULL, NULL, NULL, '2025-08-10', NULL, 0),
(175, 24, 5, '2025-08-10 21:30:00', '2025-08-11 08:00:00', NULL, NULL, NULL, NULL, NULL, 5, 30, NULL, NULL, NULL, '2025-08-10', NULL, 0),
(176, 25, 12, '2025-08-10 21:30:00', '2025-08-11 08:00:00', NULL, NULL, NULL, NULL, NULL, 5, 15, NULL, NULL, NULL, '2025-08-10', NULL, 0),
(177, 26, 4, '2025-08-10 21:30:00', '2025-08-11 08:00:00', NULL, NULL, NULL, NULL, NULL, NULL, 10, NULL, NULL, NULL, '2025-08-10', NULL, 0),
(178, 27, 4, '2025-08-10 21:30:00', '2025-08-11 08:00:00', NULL, NULL, NULL, NULL, NULL, NULL, 10, NULL, NULL, NULL, '2025-08-10', NULL, 0),
(179, 28, 4, '2025-08-10 21:30:00', '2025-08-11 08:00:00', NULL, NULL, NULL, NULL, NULL, NULL, 10, NULL, NULL, NULL, '2025-08-10', NULL, 0),
(180, 29, 2, '2025-08-10 21:30:00', '2025-08-11 08:00:00', NULL, NULL, NULL, NULL, NULL, NULL, 10, NULL, NULL, NULL, '2025-08-10', NULL, 0),
(181, 30, 2, '2025-08-10 21:30:00', '2025-08-11 08:00:00', NULL, NULL, NULL, NULL, NULL, NULL, 10, NULL, NULL, NULL, '2025-08-10', NULL, 0),
(182, 31, 3, '2025-08-10 20:00:00', '2025-08-11 08:00:00', NULL, NULL, NULL, NULL, NULL, 30, 30, NULL, NULL, NULL, '2025-08-10', NULL, 0),
(183, 32, 3, '2025-08-10 20:00:00', '2025-08-11 08:00:00', NULL, NULL, NULL, NULL, NULL, NULL, 10, NULL, NULL, NULL, '2025-08-10', NULL, 0),
(184, 33, 3, '2025-08-10 20:00:00', '2025-08-11 00:00:00', NULL, NULL, NULL, NULL, NULL, 0, 10, NULL, NULL, NULL, '2025-08-10', NULL, 0),
(185, 34, 2, '2025-08-10 20:00:00', '2025-08-11 00:00:00', NULL, NULL, NULL, NULL, NULL, 10, 10, NULL, NULL, NULL, '2025-08-10', NULL, 0),
(186, 36, 1, '2025-08-10 20:00:00', '2025-08-10 21:00:00', NULL, NULL, NULL, NULL, NULL, NULL, 10, NULL, NULL, NULL, '2025-08-10', NULL, 0),
(187, 37, 1, '2025-08-10 20:00:00', '2025-08-10 22:00:00', NULL, NULL, NULL, NULL, NULL, NULL, 10, NULL, NULL, NULL, '2025-08-10', NULL, 0),
(188, 40, 1, '2025-08-10 20:00:00', '2025-08-11 00:00:00', NULL, NULL, NULL, NULL, NULL, 0, 0, NULL, NULL, NULL, '2025-08-10', NULL, 0),
(189, 41, 12, '2025-08-10 20:00:00', '2025-08-11 08:00:00', NULL, NULL, NULL, NULL, NULL, 20, 30, NULL, NULL, NULL, '2025-08-10', NULL, 0),
(190, 42, 1, '2025-08-10 20:00:00', '2025-08-11 08:00:00', NULL, NULL, NULL, NULL, NULL, NULL, 10, NULL, NULL, NULL, '2025-08-10', NULL, 0),
(191, 43, 3, '2025-08-10 20:00:00', '2025-08-10 21:00:00', NULL, NULL, NULL, NULL, NULL, NULL, 60, NULL, NULL, NULL, '2025-08-10', NULL, 0),
(192, 44, 5, '2025-08-10 19:00:00', '2025-08-10 21:00:00', NULL, NULL, NULL, NULL, NULL, 60, 30, NULL, NULL, NULL, '2025-08-10', NULL, 0),
(193, 45, 2, '2025-08-10 19:00:00', '2025-08-10 22:00:00', NULL, NULL, NULL, NULL, NULL, 10, 10, NULL, NULL, NULL, '2025-08-10', NULL, 0),
(194, 46, 1, '2025-08-10 20:00:00', '2025-08-11 08:00:00', NULL, NULL, NULL, NULL, NULL, NULL, 10, NULL, NULL, NULL, '2025-08-10', NULL, 0),
(195, 47, 1, '2025-08-10 20:00:00', '2025-08-11 00:00:00', NULL, NULL, NULL, NULL, NULL, 0, 0, NULL, NULL, NULL, '2025-08-10', NULL, 0),
(196, 6, 5, '2025-08-11 09:00:00', '2025-08-11 12:00:00', NULL, NULL, NULL, NULL, NULL, 30, 30, NULL, NULL, NULL, '2025-08-11', NULL, 1),
(197, 7, 4, '2025-08-11 09:00:00', '2025-08-11 12:00:00', NULL, NULL, NULL, NULL, NULL, 30, 30, NULL, NULL, NULL, '2025-08-11', NULL, 1),
(198, 8, 4, '2025-08-11 08:00:00', '2025-08-11 18:00:00', NULL, NULL, NULL, NULL, NULL, 120, 60, NULL, NULL, NULL, '2025-08-11', NULL, 1),
(199, 9, 4, '2025-08-11 08:00:00', '2025-08-11 18:00:00', NULL, NULL, NULL, NULL, NULL, 120, 60, NULL, NULL, NULL, '2025-08-11', NULL, 1),
(200, 10, 4, '2025-08-11 08:00:00', '2025-08-11 18:00:00', NULL, NULL, NULL, NULL, NULL, 120, 60, NULL, NULL, NULL, '2025-08-11', NULL, 1),
(201, 11, 3, '2025-08-11 08:00:00', '2025-08-11 18:30:00', NULL, NULL, NULL, NULL, NULL, 120, 60, NULL, NULL, NULL, '2025-08-11', NULL, 1),
(202, 12, 3, '2025-08-11 08:00:00', '2025-08-11 18:30:00', NULL, NULL, NULL, NULL, NULL, 120, 60, NULL, NULL, NULL, '2025-08-11', NULL, 1),
(203, 13, 3, '2025-08-11 08:00:00', '2025-08-11 20:00:00', NULL, NULL, NULL, NULL, NULL, NULL, 10, NULL, NULL, NULL, '2025-08-11', NULL, 1),
(204, 14, 6, '2025-08-11 08:00:00', '2025-08-11 20:00:00', NULL, NULL, NULL, NULL, NULL, 20, 30, NULL, NULL, NULL, '2025-08-11', NULL, 1),
(205, 15, 3, '2025-08-11 08:00:00', '2025-08-11 20:00:00', NULL, NULL, NULL, NULL, NULL, NULL, 10, NULL, NULL, NULL, '2025-08-11', NULL, 1),
(206, 16, 4, '2025-08-11 08:00:00', '2025-08-11 20:00:00', NULL, NULL, NULL, NULL, NULL, NULL, 10, NULL, NULL, NULL, '2025-08-11', NULL, 1),
(207, 17, 6, '2025-08-11 08:00:00', '2025-08-11 20:00:00', NULL, NULL, NULL, NULL, NULL, 20, 30, NULL, NULL, NULL, '2025-08-11', NULL, 1),
(208, 18, 12, '2025-08-11 08:00:00', '2025-08-11 20:00:00', NULL, NULL, NULL, NULL, NULL, 20, 30, NULL, NULL, NULL, '2025-08-11', NULL, 1),
(209, 19, 3, '2025-08-11 08:00:00', '2025-08-11 20:00:00', NULL, NULL, NULL, NULL, NULL, NULL, 10, NULL, NULL, NULL, '2025-08-11', NULL, 1),
(210, 20, 7, '2025-08-11 09:30:00', '2025-08-11 20:00:00', NULL, NULL, NULL, NULL, NULL, 5, 30, NULL, NULL, NULL, '2025-08-11', NULL, 1),
(211, 21, 4, '2025-08-11 09:30:00', '2025-08-11 20:00:00', NULL, NULL, NULL, NULL, NULL, NULL, 10, NULL, NULL, NULL, '2025-08-11', NULL, 1),
(212, 22, 4, '2025-08-11 09:30:00', '2025-08-11 20:00:00', NULL, NULL, NULL, NULL, NULL, NULL, 10, NULL, NULL, NULL, '2025-08-11', NULL, 1),
(213, 23, 4, '2025-08-11 09:30:00', '2025-08-11 20:00:00', NULL, NULL, NULL, NULL, NULL, NULL, 10, NULL, NULL, NULL, '2025-08-11', NULL, 1),
(214, 24, 5, '2025-08-11 09:30:00', '2025-08-11 20:00:00', NULL, NULL, NULL, NULL, NULL, 5, 30, NULL, NULL, NULL, '2025-08-11', NULL, 1),
(215, 25, 12, '2025-08-11 09:30:00', '2025-08-11 20:00:00', NULL, NULL, NULL, NULL, NULL, 5, 15, NULL, NULL, NULL, '2025-08-11', NULL, 1),
(216, 26, 4, '2025-08-11 09:30:00', '2025-08-11 20:00:00', NULL, NULL, NULL, NULL, NULL, NULL, 10, NULL, NULL, NULL, '2025-08-11', NULL, 1),
(217, 27, 4, '2025-08-11 09:30:00', '2025-08-11 20:00:00', NULL, NULL, NULL, NULL, NULL, NULL, 10, NULL, NULL, NULL, '2025-08-11', NULL, 1),
(218, 28, 4, '2025-08-11 09:30:00', '2025-08-11 20:00:00', NULL, NULL, NULL, NULL, NULL, NULL, 10, NULL, NULL, NULL, '2025-08-11', NULL, 1),
(219, 29, 2, '2025-08-11 09:30:00', '2025-08-11 20:00:00', NULL, NULL, NULL, NULL, NULL, NULL, 10, NULL, NULL, NULL, '2025-08-11', NULL, 1),
(220, 30, 2, '2025-08-11 09:30:00', '2025-08-11 20:00:00', NULL, NULL, NULL, NULL, NULL, NULL, 10, NULL, NULL, NULL, '2025-08-11', NULL, 1),
(221, 31, 3, '2025-08-11 08:00:00', '2025-08-11 20:00:00', NULL, NULL, NULL, NULL, NULL, 30, 30, NULL, NULL, NULL, '2025-08-11', NULL, 1),
(222, 32, 3, '2025-08-11 08:00:00', '2025-08-11 20:00:00', NULL, NULL, NULL, NULL, NULL, NULL, 10, NULL, NULL, NULL, '2025-08-11', NULL, 1),
(223, 33, 3, '2025-08-11 08:00:00', '2025-08-11 12:00:00', NULL, NULL, NULL, NULL, NULL, 0, 10, NULL, NULL, NULL, '2025-08-11', NULL, 1),
(224, 34, 2, '2025-08-11 08:00:00', '2025-08-11 12:00:00', NULL, NULL, NULL, NULL, NULL, 10, 10, NULL, NULL, NULL, '2025-08-11', NULL, 1),
(225, 36, 1, '2025-08-11 08:00:00', '2025-08-11 09:00:00', NULL, NULL, NULL, NULL, NULL, NULL, 10, NULL, NULL, NULL, '2025-08-11', NULL, 1),
(226, 37, 1, '2025-08-11 08:00:00', '2025-08-11 10:00:00', NULL, NULL, NULL, NULL, NULL, NULL, 10, NULL, NULL, NULL, '2025-08-11', NULL, 1),
(227, 40, 1, '2025-08-11 08:00:00', '2025-08-11 12:00:00', NULL, NULL, NULL, NULL, NULL, 0, 0, NULL, NULL, NULL, '2025-08-11', NULL, 1),
(228, 41, 12, '2025-08-11 08:00:00', '2025-08-11 20:00:00', NULL, NULL, NULL, NULL, NULL, 20, 30, NULL, NULL, NULL, '2025-08-11', NULL, 1),
(229, 42, 1, '2025-08-11 08:00:00', '2025-08-11 20:00:00', NULL, NULL, NULL, NULL, NULL, NULL, 10, NULL, NULL, NULL, '2025-08-11', NULL, 1),
(230, 43, 3, '2025-08-11 08:00:00', '2025-08-11 09:00:00', NULL, NULL, NULL, NULL, NULL, NULL, 60, NULL, NULL, NULL, '2025-08-11', NULL, 1),
(231, 44, 5, '2025-08-11 07:00:00', '2025-08-11 09:00:00', NULL, NULL, NULL, NULL, NULL, 60, 30, NULL, NULL, NULL, '2025-08-11', NULL, 1),
(232, 45, 2, '2025-08-11 07:00:00', '2025-08-11 10:00:00', NULL, NULL, NULL, NULL, NULL, 10, 10, NULL, NULL, NULL, '2025-08-11', NULL, 1),
(233, 46, 1, '2025-08-11 08:00:00', '2025-08-11 20:00:00', NULL, NULL, NULL, NULL, NULL, NULL, 10, NULL, NULL, NULL, '2025-08-11', NULL, 1),
(234, 47, 1, '2025-08-11 08:00:00', '2025-08-11 12:00:00', NULL, NULL, NULL, NULL, NULL, 0, 0, NULL, NULL, NULL, '2025-08-11', NULL, 1),
(235, 6, 5, '2025-08-13 09:00:00', '2025-08-13 12:00:00', NULL, NULL, NULL, NULL, NULL, 30, 30, NULL, NULL, NULL, '2025-08-13', NULL, 1),
(236, 7, 4, '2025-08-13 09:00:00', '2025-08-13 12:00:00', NULL, NULL, NULL, NULL, NULL, 30, 30, NULL, NULL, NULL, '2025-08-13', NULL, 1),
(237, 8, 4, '2025-08-13 08:00:00', '2025-08-13 18:00:00', NULL, NULL, NULL, NULL, NULL, 120, 60, NULL, NULL, NULL, '2025-08-13', NULL, 1),
(238, 9, 4, '2025-08-13 08:00:00', '2025-08-13 18:00:00', NULL, NULL, NULL, NULL, NULL, 120, 60, NULL, NULL, NULL, '2025-08-13', NULL, 1),
(239, 10, 4, '2025-08-13 08:00:00', '2025-08-13 18:00:00', NULL, NULL, NULL, NULL, NULL, 120, 60, NULL, NULL, NULL, '2025-08-13', NULL, 1),
(240, 11, 3, '2025-08-13 08:00:00', '2025-08-13 18:30:00', NULL, NULL, NULL, NULL, NULL, 120, 60, NULL, NULL, NULL, '2025-08-13', NULL, 1),
(241, 12, 3, '2025-08-13 08:00:00', '2025-08-13 18:30:00', NULL, NULL, NULL, NULL, NULL, 120, 60, NULL, NULL, NULL, '2025-08-13', NULL, 1),
(242, 13, 3, '2025-08-13 08:00:00', '2025-08-13 20:00:00', NULL, NULL, NULL, NULL, NULL, NULL, 10, NULL, NULL, NULL, '2025-08-13', NULL, 1),
(243, 14, 6, '2025-08-13 08:00:00', '2025-08-13 20:00:00', NULL, NULL, NULL, NULL, NULL, 20, 30, NULL, NULL, NULL, '2025-08-13', NULL, 1),
(244, 15, 3, '2025-08-13 08:00:00', '2025-08-13 20:00:00', NULL, NULL, NULL, NULL, NULL, NULL, 10, NULL, NULL, NULL, '2025-08-13', NULL, 1),
(245, 16, 4, '2025-08-13 08:00:00', '2025-08-13 20:00:00', NULL, NULL, NULL, NULL, NULL, NULL, 10, NULL, NULL, NULL, '2025-08-13', NULL, 1),
(246, 17, 6, '2025-08-13 08:00:00', '2025-08-13 20:00:00', NULL, NULL, NULL, NULL, NULL, 20, 30, NULL, NULL, NULL, '2025-08-13', NULL, 1),
(247, 18, 12, '2025-08-13 08:00:00', '2025-08-13 20:00:00', NULL, NULL, NULL, NULL, NULL, 20, 30, NULL, NULL, NULL, '2025-08-13', NULL, 1),
(248, 19, 3, '2025-08-13 08:00:00', '2025-08-13 20:00:00', NULL, NULL, NULL, NULL, NULL, NULL, 10, NULL, NULL, NULL, '2025-08-13', NULL, 1),
(249, 20, 7, '2025-08-13 09:30:00', '2025-08-13 20:00:00', NULL, NULL, NULL, NULL, NULL, 5, 30, NULL, NULL, NULL, '2025-08-13', NULL, 1),
(250, 21, 4, '2025-08-13 09:30:00', '2025-08-13 20:00:00', NULL, NULL, NULL, NULL, NULL, NULL, 10, NULL, NULL, NULL, '2025-08-13', NULL, 1),
(251, 22, 4, '2025-08-13 09:30:00', '2025-08-13 20:00:00', NULL, NULL, NULL, NULL, NULL, NULL, 10, NULL, NULL, NULL, '2025-08-13', NULL, 1),
(252, 23, 4, '2025-08-13 09:30:00', '2025-08-13 20:00:00', NULL, NULL, NULL, NULL, NULL, NULL, 10, NULL, NULL, NULL, '2025-08-13', NULL, 1),
(253, 24, 5, '2025-08-13 09:30:00', '2025-08-13 20:00:00', NULL, NULL, NULL, NULL, NULL, 5, 30, NULL, NULL, NULL, '2025-08-13', NULL, 1),
(254, 25, 12, '2025-08-13 09:30:00', '2025-08-13 20:00:00', NULL, NULL, NULL, NULL, NULL, 5, 15, NULL, NULL, NULL, '2025-08-13', NULL, 1),
(255, 26, 4, '2025-08-13 09:30:00', '2025-08-13 20:00:00', NULL, NULL, NULL, NULL, NULL, NULL, 10, NULL, NULL, NULL, '2025-08-13', NULL, 1),
(256, 27, 4, '2025-08-13 09:30:00', '2025-08-13 20:00:00', NULL, NULL, NULL, NULL, NULL, NULL, 10, NULL, NULL, NULL, '2025-08-13', NULL, 1),
(257, 28, 4, '2025-08-13 09:30:00', '2025-08-13 20:00:00', NULL, NULL, NULL, NULL, NULL, NULL, 10, NULL, NULL, NULL, '2025-08-13', NULL, 1),
(258, 29, 2, '2025-08-13 09:30:00', '2025-08-13 20:00:00', NULL, NULL, NULL, NULL, NULL, NULL, 10, NULL, NULL, NULL, '2025-08-13', NULL, 1),
(259, 30, 2, '2025-08-13 09:30:00', '2025-08-13 20:00:00', NULL, NULL, NULL, NULL, NULL, NULL, 10, NULL, NULL, NULL, '2025-08-13', NULL, 1),
(260, 31, 3, '2025-08-13 08:00:00', '2025-08-13 20:00:00', NULL, NULL, NULL, NULL, NULL, 30, 30, NULL, NULL, NULL, '2025-08-13', NULL, 1),
(261, 32, 3, '2025-08-13 08:00:00', '2025-08-13 20:00:00', NULL, NULL, NULL, NULL, NULL, NULL, 10, NULL, NULL, NULL, '2025-08-13', NULL, 1),
(262, 33, 3, '2025-08-13 08:00:00', '2025-08-13 12:00:00', NULL, NULL, NULL, NULL, NULL, 0, 10, NULL, NULL, NULL, '2025-08-13', NULL, 1),
(263, 34, 2, '2025-08-13 08:00:00', '2025-08-13 12:00:00', NULL, NULL, NULL, NULL, NULL, 10, 10, NULL, NULL, NULL, '2025-08-13', NULL, 1),
(264, 36, 1, '2025-08-13 08:00:00', '2025-08-13 09:00:00', NULL, NULL, NULL, NULL, NULL, NULL, 10, NULL, NULL, NULL, '2025-08-13', NULL, 1),
(265, 37, 1, '2025-08-13 08:00:00', '2025-08-13 10:00:00', NULL, NULL, NULL, NULL, NULL, NULL, 10, NULL, NULL, NULL, '2025-08-13', NULL, 1),
(266, 40, 1, '2025-08-13 08:00:00', '2025-08-13 12:00:00', NULL, NULL, NULL, NULL, NULL, 0, 0, NULL, NULL, NULL, '2025-08-13', NULL, 1),
(267, 41, 12, '2025-08-13 08:00:00', '2025-08-13 20:00:00', NULL, NULL, NULL, NULL, NULL, 20, 30, NULL, NULL, NULL, '2025-08-13', NULL, 1),
(268, 42, 1, '2025-08-13 08:00:00', '2025-08-13 20:00:00', NULL, NULL, NULL, NULL, NULL, NULL, 10, NULL, NULL, NULL, '2025-08-13', NULL, 1),
(269, 43, 3, '2025-08-13 08:00:00', '2025-08-13 09:00:00', NULL, NULL, NULL, NULL, NULL, NULL, 60, NULL, NULL, NULL, '2025-08-13', NULL, 1),
(270, 44, 5, '2025-08-13 07:00:00', '2025-08-13 09:00:00', NULL, NULL, NULL, NULL, NULL, 60, 30, NULL, NULL, NULL, '2025-08-13', NULL, 1),
(271, 45, 2, '2025-08-13 07:00:00', '2025-08-13 10:00:00', NULL, NULL, NULL, NULL, NULL, 10, 10, NULL, NULL, NULL, '2025-08-13', NULL, 1),
(272, 46, 1, '2025-08-13 08:00:00', '2025-08-13 20:00:00', NULL, NULL, NULL, NULL, NULL, NULL, 10, NULL, NULL, NULL, '2025-08-13', NULL, 1),
(273, 47, 1, '2025-08-13 08:00:00', '2025-08-13 12:00:00', NULL, NULL, NULL, NULL, NULL, 0, 0, NULL, NULL, NULL, '2025-08-13', NULL, 1),
(274, 6, 5, '2025-08-11 21:00:00', '2025-08-12 00:00:00', NULL, NULL, NULL, NULL, NULL, 30, 30, NULL, NULL, NULL, '2025-08-11', NULL, 0),
(275, 7, 4, '2025-08-11 21:00:00', '2025-08-12 00:00:00', NULL, NULL, NULL, NULL, NULL, 30, 30, NULL, NULL, NULL, '2025-08-11', NULL, 0),
(276, 8, 4, '2025-08-11 20:00:00', '2025-08-12 06:00:00', NULL, NULL, NULL, NULL, NULL, 120, 60, NULL, NULL, NULL, '2025-08-11', NULL, 0),
(277, 9, 4, '2025-08-11 20:00:00', '2025-08-12 06:00:00', NULL, NULL, NULL, NULL, NULL, 120, 60, NULL, NULL, NULL, '2025-08-11', NULL, 0),
(278, 10, 4, '2025-08-11 20:00:00', '2025-08-12 06:00:00', NULL, NULL, NULL, NULL, NULL, 120, 60, NULL, NULL, NULL, '2025-08-11', NULL, 0),
(279, 11, 3, '2025-08-11 20:00:00', '2025-08-12 06:30:00', NULL, NULL, NULL, NULL, NULL, 120, 60, NULL, NULL, NULL, '2025-08-11', NULL, 0),
(280, 12, 3, '2025-08-11 20:00:00', '2025-08-12 06:30:00', NULL, NULL, NULL, NULL, NULL, 120, 60, NULL, NULL, NULL, '2025-08-11', NULL, 0),
(281, 13, 3, '2025-08-11 20:00:00', '2025-08-12 08:00:00', NULL, NULL, NULL, NULL, NULL, NULL, 10, NULL, NULL, NULL, '2025-08-11', NULL, 0),
(282, 14, 6, '2025-08-11 20:00:00', '2025-08-12 08:00:00', NULL, NULL, NULL, NULL, NULL, 20, 30, NULL, NULL, NULL, '2025-08-11', NULL, 0),
(283, 15, 3, '2025-08-11 20:00:00', '2025-08-12 08:00:00', NULL, NULL, NULL, NULL, NULL, NULL, 10, NULL, NULL, NULL, '2025-08-11', NULL, 0),
(284, 16, 4, '2025-08-11 20:00:00', '2025-08-12 08:00:00', NULL, NULL, NULL, NULL, NULL, NULL, 10, NULL, NULL, NULL, '2025-08-11', NULL, 0),
(285, 17, 6, '2025-08-11 20:00:00', '2025-08-12 08:00:00', NULL, NULL, NULL, NULL, NULL, 20, 30, NULL, NULL, NULL, '2025-08-11', NULL, 0),
(286, 18, 12, '2025-08-11 20:00:00', '2025-08-12 08:00:00', NULL, NULL, NULL, NULL, NULL, 20, 30, NULL, NULL, NULL, '2025-08-11', NULL, 0),
(287, 19, 3, '2025-08-11 20:00:00', '2025-08-12 08:00:00', NULL, NULL, NULL, NULL, NULL, NULL, 10, NULL, NULL, NULL, '2025-08-11', NULL, 0),
(288, 20, 7, '2025-08-11 21:30:00', '2025-08-12 08:00:00', NULL, NULL, NULL, NULL, NULL, 5, 30, NULL, NULL, NULL, '2025-08-11', NULL, 0),
(289, 21, 4, '2025-08-11 21:30:00', '2025-08-12 08:00:00', NULL, NULL, NULL, NULL, NULL, NULL, 10, NULL, NULL, NULL, '2025-08-11', NULL, 0),
(290, 22, 4, '2025-08-11 21:30:00', '2025-08-12 08:00:00', NULL, NULL, NULL, NULL, NULL, NULL, 10, NULL, NULL, NULL, '2025-08-11', NULL, 0),
(291, 23, 4, '2025-08-11 21:30:00', '2025-08-12 08:00:00', NULL, NULL, NULL, NULL, NULL, NULL, 10, NULL, NULL, NULL, '2025-08-11', NULL, 0),
(292, 24, 5, '2025-08-11 21:30:00', '2025-08-12 08:00:00', NULL, NULL, NULL, NULL, NULL, 5, 30, NULL, NULL, NULL, '2025-08-11', NULL, 0),
(293, 25, 12, '2025-08-11 21:30:00', '2025-08-12 08:00:00', NULL, NULL, NULL, NULL, NULL, 5, 15, NULL, NULL, NULL, '2025-08-11', NULL, 0),
(294, 26, 4, '2025-08-11 21:30:00', '2025-08-12 08:00:00', NULL, NULL, NULL, NULL, NULL, NULL, 10, NULL, NULL, NULL, '2025-08-11', NULL, 0),
(295, 27, 4, '2025-08-11 21:30:00', '2025-08-12 08:00:00', NULL, NULL, NULL, NULL, NULL, NULL, 10, NULL, NULL, NULL, '2025-08-11', NULL, 0),
(296, 28, 4, '2025-08-11 21:30:00', '2025-08-12 08:00:00', NULL, NULL, NULL, NULL, NULL, NULL, 10, NULL, NULL, NULL, '2025-08-11', NULL, 0),
(297, 29, 2, '2025-08-11 21:30:00', '2025-08-12 08:00:00', NULL, NULL, NULL, NULL, NULL, NULL, 10, NULL, NULL, NULL, '2025-08-11', NULL, 0),
(298, 30, 2, '2025-08-11 21:30:00', '2025-08-12 08:00:00', NULL, NULL, NULL, NULL, NULL, NULL, 10, NULL, NULL, NULL, '2025-08-11', NULL, 0),
(299, 31, 3, '2025-08-11 20:00:00', '2025-08-12 08:00:00', NULL, NULL, NULL, NULL, NULL, 30, 30, NULL, NULL, NULL, '2025-08-11', NULL, 0),
(300, 32, 3, '2025-08-11 20:00:00', '2025-08-12 08:00:00', NULL, NULL, NULL, NULL, NULL, NULL, 10, NULL, NULL, NULL, '2025-08-11', NULL, 0),
(301, 33, 3, '2025-08-11 20:00:00', '2025-08-12 00:00:00', NULL, NULL, NULL, NULL, NULL, 0, 10, NULL, NULL, NULL, '2025-08-11', NULL, 0),
(302, 34, 2, '2025-08-11 20:00:00', '2025-08-12 00:00:00', NULL, NULL, NULL, NULL, NULL, 10, 10, NULL, NULL, NULL, '2025-08-11', NULL, 0),
(303, 36, 1, '2025-08-11 20:00:00', '2025-08-11 21:00:00', NULL, NULL, NULL, NULL, NULL, NULL, 10, NULL, NULL, NULL, '2025-08-11', NULL, 0),
(304, 37, 1, '2025-08-11 20:00:00', '2025-08-11 22:00:00', NULL, NULL, NULL, NULL, NULL, NULL, 10, NULL, NULL, NULL, '2025-08-11', NULL, 0),
(305, 40, 1, '2025-08-11 20:00:00', '2025-08-12 00:00:00', NULL, NULL, NULL, NULL, NULL, 0, 0, NULL, NULL, NULL, '2025-08-11', NULL, 0),
(306, 41, 12, '2025-08-11 20:00:00', '2025-08-12 08:00:00', NULL, NULL, NULL, NULL, NULL, 20, 30, NULL, NULL, NULL, '2025-08-11', NULL, 0),
(307, 42, 1, '2025-08-11 20:00:00', '2025-08-12 08:00:00', NULL, NULL, NULL, NULL, NULL, NULL, 10, NULL, NULL, NULL, '2025-08-11', NULL, 0),
(308, 43, 3, '2025-08-11 20:00:00', '2025-08-11 21:00:00', NULL, NULL, NULL, NULL, NULL, NULL, 60, NULL, NULL, NULL, '2025-08-11', NULL, 0),
(309, 44, 5, '2025-08-11 19:00:00', '2025-08-11 21:00:00', NULL, NULL, NULL, NULL, NULL, 60, 30, NULL, NULL, NULL, '2025-08-11', NULL, 0),
(310, 45, 2, '2025-08-11 19:00:00', '2025-08-11 22:00:00', NULL, NULL, NULL, NULL, NULL, 10, 10, NULL, NULL, NULL, '2025-08-11', NULL, 0),
(311, 46, 1, '2025-08-11 20:00:00', '2025-08-12 08:00:00', NULL, NULL, NULL, NULL, NULL, NULL, 10, NULL, NULL, NULL, '2025-08-11', NULL, 0),
(312, 47, 1, '2025-08-11 20:00:00', '2025-08-12 00:00:00', NULL, NULL, NULL, NULL, NULL, 0, 0, NULL, NULL, NULL, '2025-08-11', NULL, 0),
(313, 6, 5, '2025-08-13 21:00:00', '2025-08-14 00:00:00', NULL, NULL, NULL, NULL, NULL, 30, 30, NULL, NULL, NULL, '2025-08-13', NULL, 0),
(314, 7, 4, '2025-08-13 21:00:00', '2025-08-14 00:00:00', NULL, NULL, NULL, NULL, NULL, 30, 30, NULL, NULL, NULL, '2025-08-13', NULL, 0),
(315, 8, 4, '2025-08-13 20:00:00', '2025-08-14 06:00:00', NULL, NULL, NULL, NULL, NULL, 120, 60, NULL, NULL, NULL, '2025-08-13', NULL, 0),
(316, 9, 4, '2025-08-13 20:00:00', '2025-08-14 06:00:00', NULL, NULL, NULL, NULL, NULL, 120, 60, NULL, NULL, NULL, '2025-08-13', NULL, 0),
(317, 10, 4, '2025-08-13 20:00:00', '2025-08-14 06:00:00', NULL, NULL, NULL, NULL, NULL, 120, 60, NULL, NULL, NULL, '2025-08-13', NULL, 0),
(318, 11, 3, '2025-08-13 20:00:00', '2025-08-14 06:30:00', NULL, NULL, NULL, NULL, NULL, 120, 60, NULL, NULL, NULL, '2025-08-13', NULL, 0),
(319, 12, 3, '2025-08-13 20:00:00', '2025-08-14 06:30:00', NULL, NULL, NULL, NULL, NULL, 120, 60, NULL, NULL, NULL, '2025-08-13', NULL, 0),
(320, 13, 3, '2025-08-13 20:00:00', '2025-08-14 08:00:00', NULL, NULL, NULL, NULL, NULL, NULL, 10, NULL, NULL, NULL, '2025-08-13', NULL, 0),
(321, 14, 6, '2025-08-13 20:00:00', '2025-08-14 08:00:00', NULL, NULL, NULL, NULL, NULL, 20, 30, NULL, NULL, NULL, '2025-08-13', NULL, 0),
(322, 15, 3, '2025-08-13 20:00:00', '2025-08-14 08:00:00', NULL, NULL, NULL, NULL, NULL, NULL, 10, NULL, NULL, NULL, '2025-08-13', NULL, 0),
(323, 16, 4, '2025-08-13 20:00:00', '2025-08-14 08:00:00', NULL, NULL, NULL, NULL, NULL, NULL, 10, NULL, NULL, NULL, '2025-08-13', NULL, 0),
(324, 17, 6, '2025-08-13 20:00:00', '2025-08-14 08:00:00', NULL, NULL, NULL, NULL, NULL, 20, 30, NULL, NULL, NULL, '2025-08-13', NULL, 0),
(325, 18, 12, '2025-08-13 20:00:00', '2025-08-14 08:00:00', NULL, NULL, NULL, NULL, NULL, 20, 30, NULL, NULL, NULL, '2025-08-13', NULL, 0),
(326, 19, 3, '2025-08-13 20:00:00', '2025-08-14 08:00:00', NULL, NULL, NULL, NULL, NULL, NULL, 10, NULL, NULL, NULL, '2025-08-13', NULL, 0),
(327, 20, 7, '2025-08-13 21:30:00', '2025-08-14 08:00:00', NULL, NULL, NULL, NULL, NULL, 5, 30, NULL, NULL, NULL, '2025-08-13', NULL, 0),
(328, 21, 4, '2025-08-13 21:30:00', '2025-08-14 08:00:00', NULL, NULL, NULL, NULL, NULL, NULL, 10, NULL, NULL, NULL, '2025-08-13', NULL, 0),
(329, 22, 4, '2025-08-13 21:30:00', '2025-08-14 08:00:00', NULL, NULL, NULL, NULL, NULL, NULL, 10, NULL, NULL, NULL, '2025-08-13', NULL, 0),
(330, 23, 4, '2025-08-13 21:30:00', '2025-08-14 08:00:00', NULL, NULL, NULL, NULL, NULL, NULL, 10, NULL, NULL, NULL, '2025-08-13', NULL, 0),
(331, 24, 5, '2025-08-13 21:30:00', '2025-08-14 08:00:00', NULL, NULL, NULL, NULL, NULL, 5, 30, NULL, NULL, NULL, '2025-08-13', NULL, 0),
(332, 25, 12, '2025-08-13 21:30:00', '2025-08-14 08:00:00', NULL, NULL, NULL, NULL, NULL, 5, 15, NULL, NULL, NULL, '2025-08-13', NULL, 0),
(333, 26, 4, '2025-08-13 21:30:00', '2025-08-14 08:00:00', NULL, NULL, NULL, NULL, NULL, NULL, 10, NULL, NULL, NULL, '2025-08-13', NULL, 0),
(334, 27, 4, '2025-08-13 21:30:00', '2025-08-14 08:00:00', NULL, NULL, NULL, NULL, NULL, NULL, 10, NULL, NULL, NULL, '2025-08-13', NULL, 0),
(335, 28, 4, '2025-08-13 21:30:00', '2025-08-14 08:00:00', NULL, NULL, NULL, NULL, NULL, NULL, 10, NULL, NULL, NULL, '2025-08-13', NULL, 0),
(336, 29, 2, '2025-08-13 21:30:00', '2025-08-14 08:00:00', NULL, NULL, NULL, NULL, NULL, NULL, 10, NULL, NULL, NULL, '2025-08-13', NULL, 0),
(337, 30, 2, '2025-08-13 21:30:00', '2025-08-14 08:00:00', NULL, NULL, NULL, NULL, NULL, NULL, 10, NULL, NULL, NULL, '2025-08-13', NULL, 0),
(338, 31, 3, '2025-08-13 20:00:00', '2025-08-14 08:00:00', NULL, NULL, NULL, NULL, NULL, 30, 30, NULL, NULL, NULL, '2025-08-13', NULL, 0),
(339, 32, 3, '2025-08-13 20:00:00', '2025-08-14 08:00:00', NULL, NULL, NULL, NULL, NULL, NULL, 10, NULL, NULL, NULL, '2025-08-13', NULL, 0),
(340, 33, 3, '2025-08-13 20:00:00', '2025-08-14 00:00:00', NULL, NULL, NULL, NULL, NULL, 0, 10, NULL, NULL, NULL, '2025-08-13', NULL, 0),
(341, 34, 2, '2025-08-13 20:00:00', '2025-08-14 00:00:00', NULL, NULL, NULL, NULL, NULL, 10, 10, NULL, NULL, NULL, '2025-08-13', NULL, 0),
(342, 36, 1, '2025-08-13 20:00:00', '2025-08-13 21:00:00', NULL, NULL, NULL, NULL, NULL, NULL, 10, NULL, NULL, NULL, '2025-08-13', NULL, 0),
(343, 37, 1, '2025-08-13 20:00:00', '2025-08-13 22:00:00', NULL, NULL, NULL, NULL, NULL, NULL, 10, NULL, NULL, NULL, '2025-08-13', NULL, 0),
(344, 40, 1, '2025-08-13 20:00:00', '2025-08-14 00:00:00', NULL, NULL, NULL, NULL, NULL, 0, 0, NULL, NULL, NULL, '2025-08-13', NULL, 0),
(345, 41, 12, '2025-08-13 20:00:00', '2025-08-14 08:00:00', NULL, NULL, NULL, NULL, NULL, 20, 30, NULL, NULL, NULL, '2025-08-13', NULL, 0),
(346, 42, 1, '2025-08-13 20:00:00', '2025-08-14 08:00:00', NULL, NULL, NULL, NULL, NULL, NULL, 10, NULL, NULL, NULL, '2025-08-13', NULL, 0),
(347, 43, 3, '2025-08-13 20:00:00', '2025-08-13 21:00:00', NULL, NULL, NULL, NULL, NULL, NULL, 60, NULL, NULL, NULL, '2025-08-13', NULL, 0),
(348, 44, 5, '2025-08-13 19:00:00', '2025-08-13 21:00:00', NULL, NULL, NULL, NULL, NULL, 60, 30, NULL, NULL, NULL, '2025-08-13', NULL, 0),
(349, 45, 2, '2025-08-13 19:00:00', '2025-08-13 22:00:00', NULL, NULL, NULL, NULL, NULL, 10, 10, NULL, NULL, NULL, '2025-08-13', NULL, 0),
(350, 46, 1, '2025-08-13 20:00:00', '2025-08-14 08:00:00', NULL, NULL, NULL, NULL, NULL, NULL, 10, NULL, NULL, NULL, '2025-08-13', NULL, 0),
(351, 47, 1, '2025-08-13 20:00:00', '2025-08-14 00:00:00', NULL, NULL, NULL, NULL, NULL, 0, 0, NULL, NULL, NULL, '2025-08-13', NULL, 0),
(352, 6, 5, '2025-08-15 09:00:00', '2025-08-15 12:00:00', NULL, NULL, NULL, NULL, NULL, 30, 30, NULL, NULL, NULL, '2025-08-15', NULL, 1),
(353, 7, 4, '2025-08-15 09:00:00', '2025-08-15 12:00:00', NULL, NULL, NULL, NULL, NULL, 30, 30, NULL, NULL, NULL, '2025-08-15', NULL, 1),
(354, 8, 4, '2025-08-15 08:00:00', '2025-08-15 18:00:00', NULL, NULL, NULL, NULL, NULL, 120, 60, NULL, NULL, NULL, '2025-08-15', NULL, 1),
(355, 9, 4, '2025-08-15 08:00:00', '2025-08-15 18:00:00', NULL, NULL, NULL, NULL, NULL, 120, 60, NULL, NULL, NULL, '2025-08-15', NULL, 1),
(356, 10, 4, '2025-08-15 08:00:00', '2025-08-15 18:00:00', NULL, NULL, NULL, NULL, NULL, 120, 60, NULL, NULL, NULL, '2025-08-15', NULL, 1),
(357, 11, 3, '2025-08-15 08:00:00', '2025-08-15 18:30:00', NULL, NULL, NULL, NULL, NULL, 120, 60, NULL, NULL, NULL, '2025-08-15', NULL, 1),
(358, 12, 3, '2025-08-15 08:00:00', '2025-08-15 18:30:00', NULL, NULL, NULL, NULL, NULL, 120, 60, NULL, NULL, NULL, '2025-08-15', NULL, 1),
(359, 13, 3, '2025-08-15 08:00:00', '2025-08-15 20:00:00', NULL, NULL, NULL, NULL, NULL, NULL, 10, NULL, NULL, NULL, '2025-08-15', NULL, 1),
(360, 14, 6, '2025-08-15 08:00:00', '2025-08-15 20:00:00', NULL, NULL, NULL, NULL, NULL, 20, 30, NULL, NULL, NULL, '2025-08-15', NULL, 1),
(361, 15, 3, '2025-08-15 08:00:00', '2025-08-15 20:00:00', NULL, NULL, NULL, NULL, NULL, NULL, 10, NULL, NULL, NULL, '2025-08-15', NULL, 1);
INSERT INTO `lines_extra` (`line_extra_id`, `line_id`, `workers_count`, `started_at`, `ended_at`, `down_from`, `down_time`, `cancel_reason`, `master`, `engineer`, `prep_time`, `after_time`, `has_detector`, `detector_start`, `detector_end`, `date`, `extra_title`, `isDay`) VALUES
(362, 16, 4, '2025-08-15 08:00:00', '2025-08-15 20:00:00', NULL, NULL, NULL, NULL, NULL, NULL, 10, NULL, NULL, NULL, '2025-08-15', NULL, 1),
(363, 17, 6, '2025-08-15 08:00:00', '2025-08-15 20:00:00', NULL, NULL, NULL, NULL, NULL, 20, 30, NULL, NULL, NULL, '2025-08-15', NULL, 1),
(364, 18, 12, '2025-08-15 08:00:00', '2025-08-15 20:00:00', NULL, NULL, NULL, NULL, NULL, 20, 30, NULL, NULL, NULL, '2025-08-15', NULL, 1),
(365, 19, 3, '2025-08-15 08:00:00', '2025-08-15 20:00:00', NULL, NULL, NULL, NULL, NULL, NULL, 10, NULL, NULL, NULL, '2025-08-15', NULL, 1),
(366, 20, 7, '2025-08-15 09:30:00', '2025-08-15 20:00:00', NULL, NULL, NULL, NULL, NULL, 5, 30, NULL, NULL, NULL, '2025-08-15', NULL, 1),
(367, 21, 4, '2025-08-15 09:30:00', '2025-08-15 20:00:00', NULL, NULL, NULL, NULL, NULL, NULL, 10, NULL, NULL, NULL, '2025-08-15', NULL, 1),
(368, 22, 4, '2025-08-15 09:30:00', '2025-08-15 20:00:00', NULL, NULL, NULL, NULL, NULL, NULL, 10, NULL, NULL, NULL, '2025-08-15', NULL, 1),
(369, 23, 4, '2025-08-15 09:30:00', '2025-08-15 20:00:00', NULL, NULL, NULL, NULL, NULL, NULL, 10, NULL, NULL, NULL, '2025-08-15', NULL, 1),
(370, 24, 5, '2025-08-15 09:30:00', '2025-08-15 20:00:00', NULL, NULL, NULL, NULL, NULL, 5, 30, NULL, NULL, NULL, '2025-08-15', NULL, 1),
(371, 25, 12, '2025-08-15 09:30:00', '2025-08-15 20:00:00', NULL, NULL, NULL, NULL, NULL, 5, 15, NULL, NULL, NULL, '2025-08-15', NULL, 1),
(372, 26, 4, '2025-08-15 09:30:00', '2025-08-15 20:00:00', NULL, NULL, NULL, NULL, NULL, NULL, 10, NULL, NULL, NULL, '2025-08-15', NULL, 1),
(373, 27, 4, '2025-08-15 09:30:00', '2025-08-15 20:00:00', NULL, NULL, NULL, NULL, NULL, NULL, 10, NULL, NULL, NULL, '2025-08-15', NULL, 1),
(374, 28, 4, '2025-08-15 09:30:00', '2025-08-15 20:00:00', NULL, NULL, NULL, NULL, NULL, NULL, 10, NULL, NULL, NULL, '2025-08-15', NULL, 1),
(375, 29, 2, '2025-08-15 09:30:00', '2025-08-15 20:00:00', NULL, NULL, NULL, NULL, NULL, NULL, 10, NULL, NULL, NULL, '2025-08-15', NULL, 1),
(376, 30, 2, '2025-08-15 09:30:00', '2025-08-15 20:00:00', NULL, NULL, NULL, NULL, NULL, NULL, 10, NULL, NULL, NULL, '2025-08-15', NULL, 1),
(377, 31, 3, '2025-08-15 08:00:00', '2025-08-15 20:00:00', NULL, NULL, NULL, NULL, NULL, 30, 30, NULL, NULL, NULL, '2025-08-15', NULL, 1),
(378, 32, 3, '2025-08-15 08:00:00', '2025-08-15 20:00:00', NULL, NULL, NULL, NULL, NULL, NULL, 10, NULL, NULL, NULL, '2025-08-15', NULL, 1),
(379, 33, 3, '2025-08-15 08:00:00', '2025-08-15 12:00:00', NULL, NULL, NULL, NULL, NULL, 0, 10, NULL, NULL, NULL, '2025-08-15', NULL, 1),
(380, 34, 2, '2025-08-15 08:00:00', '2025-08-15 12:00:00', NULL, NULL, NULL, NULL, NULL, 10, 10, NULL, NULL, NULL, '2025-08-15', NULL, 1),
(381, 36, 1, '2025-08-15 08:00:00', '2025-08-15 09:00:00', NULL, NULL, NULL, NULL, NULL, NULL, 10, NULL, NULL, NULL, '2025-08-15', NULL, 1),
(382, 37, 1, '2025-08-15 08:00:00', '2025-08-15 10:00:00', NULL, NULL, NULL, NULL, NULL, NULL, 10, NULL, NULL, NULL, '2025-08-15', NULL, 1),
(383, 40, 1, '2025-08-15 08:00:00', '2025-08-15 12:00:00', NULL, NULL, NULL, NULL, NULL, 0, 0, NULL, NULL, NULL, '2025-08-15', NULL, 1),
(384, 41, 12, '2025-08-15 08:00:00', '2025-08-15 20:00:00', NULL, NULL, NULL, NULL, NULL, 20, 30, NULL, NULL, NULL, '2025-08-15', NULL, 1),
(385, 42, 1, '2025-08-15 08:00:00', '2025-08-15 20:00:00', NULL, NULL, NULL, NULL, NULL, NULL, 10, NULL, NULL, NULL, '2025-08-15', NULL, 1),
(386, 43, 3, '2025-08-15 08:00:00', '2025-08-15 09:00:00', NULL, NULL, NULL, NULL, NULL, NULL, 60, NULL, NULL, NULL, '2025-08-15', NULL, 1),
(387, 44, 5, '2025-08-15 07:00:00', '2025-08-15 09:00:00', NULL, NULL, NULL, NULL, NULL, 60, 30, NULL, NULL, NULL, '2025-08-15', NULL, 1),
(388, 45, 2, '2025-08-15 07:00:00', '2025-08-15 10:00:00', NULL, NULL, NULL, NULL, NULL, 10, 10, NULL, NULL, NULL, '2025-08-15', NULL, 1),
(389, 46, 1, '2025-08-15 08:00:00', '2025-08-15 20:00:00', NULL, NULL, NULL, NULL, NULL, NULL, 10, NULL, NULL, NULL, '2025-08-15', NULL, 1),
(390, 47, 1, '2025-08-15 08:00:00', '2025-08-15 12:00:00', NULL, NULL, NULL, NULL, NULL, 0, 0, NULL, NULL, NULL, '2025-08-15', NULL, 1),
(391, 6, 5, '2025-08-22 09:00:00', '2025-08-22 12:00:00', NULL, NULL, NULL, NULL, NULL, 30, 30, NULL, NULL, NULL, '2025-08-22', NULL, 1),
(392, 7, 4, '2025-08-22 09:00:00', '2025-08-22 12:00:00', NULL, NULL, NULL, NULL, NULL, 30, 30, NULL, NULL, NULL, '2025-08-22', NULL, 1),
(393, 8, 4, '2025-08-22 08:00:00', '2025-08-22 18:00:00', NULL, NULL, NULL, NULL, NULL, 120, 60, NULL, NULL, NULL, '2025-08-22', NULL, 1),
(394, 9, 4, '2025-08-22 08:00:00', '2025-08-22 18:00:00', NULL, NULL, NULL, NULL, NULL, 120, 60, NULL, NULL, NULL, '2025-08-22', NULL, 1),
(395, 10, 4, '2025-08-22 08:00:00', '2025-08-22 18:00:00', NULL, NULL, NULL, NULL, NULL, 120, 60, NULL, NULL, NULL, '2025-08-22', NULL, 1),
(396, 11, 3, '2025-08-22 08:00:00', '2025-08-22 18:30:00', NULL, NULL, NULL, NULL, NULL, 120, 60, NULL, NULL, NULL, '2025-08-22', NULL, 1),
(397, 12, 3, '2025-08-22 08:00:00', '2025-08-22 18:30:00', NULL, NULL, NULL, NULL, NULL, 120, 60, NULL, NULL, NULL, '2025-08-22', NULL, 1),
(398, 13, 3, '2025-08-22 08:00:00', '2025-08-22 20:00:00', NULL, NULL, NULL, NULL, NULL, NULL, 10, NULL, NULL, NULL, '2025-08-22', NULL, 1),
(399, 14, 6, '2025-08-22 08:00:00', '2025-08-22 20:00:00', NULL, NULL, NULL, NULL, NULL, 20, 30, NULL, NULL, NULL, '2025-08-22', NULL, 1),
(400, 15, 3, '2025-08-22 08:00:00', '2025-08-22 20:00:00', NULL, NULL, NULL, NULL, NULL, NULL, 10, NULL, NULL, NULL, '2025-08-22', NULL, 1),
(401, 16, 4, '2025-08-22 08:00:00', '2025-08-22 20:00:00', NULL, NULL, NULL, NULL, NULL, NULL, 10, NULL, NULL, NULL, '2025-08-22', NULL, 1),
(402, 17, 6, '2025-08-22 08:00:00', '2025-08-22 20:00:00', NULL, NULL, NULL, NULL, NULL, 20, 30, NULL, NULL, NULL, '2025-08-22', NULL, 1),
(403, 18, 12, '2025-08-22 08:00:00', '2025-08-22 20:00:00', NULL, NULL, NULL, NULL, NULL, 20, 30, NULL, NULL, NULL, '2025-08-22', NULL, 1),
(404, 19, 3, '2025-08-22 08:00:00', '2025-08-22 20:00:00', NULL, NULL, NULL, NULL, NULL, NULL, 10, NULL, NULL, NULL, '2025-08-22', NULL, 1),
(405, 20, 7, '2025-08-22 09:30:00', '2025-08-22 20:00:00', NULL, NULL, NULL, NULL, NULL, 5, 30, NULL, NULL, NULL, '2025-08-22', NULL, 1),
(406, 21, 4, '2025-08-22 09:30:00', '2025-08-22 20:00:00', NULL, NULL, NULL, NULL, NULL, NULL, 10, NULL, NULL, NULL, '2025-08-22', NULL, 1),
(407, 22, 4, '2025-08-22 09:30:00', '2025-08-22 20:00:00', NULL, NULL, NULL, NULL, NULL, NULL, 10, NULL, NULL, NULL, '2025-08-22', NULL, 1),
(408, 23, 4, '2025-08-22 09:30:00', '2025-08-22 20:00:00', NULL, NULL, NULL, NULL, NULL, NULL, 10, NULL, NULL, NULL, '2025-08-22', NULL, 1),
(409, 24, 5, '2025-08-22 09:30:00', '2025-08-22 20:00:00', NULL, NULL, NULL, NULL, NULL, 5, 30, NULL, NULL, NULL, '2025-08-22', NULL, 1),
(410, 25, 12, '2025-08-22 09:30:00', '2025-08-22 20:00:00', NULL, NULL, NULL, NULL, NULL, 5, 15, NULL, NULL, NULL, '2025-08-22', NULL, 1),
(411, 26, 4, '2025-08-22 09:30:00', '2025-08-22 20:00:00', NULL, NULL, NULL, NULL, NULL, NULL, 10, NULL, NULL, NULL, '2025-08-22', NULL, 1),
(412, 27, 4, '2025-08-22 09:30:00', '2025-08-22 20:00:00', NULL, NULL, NULL, NULL, NULL, NULL, 10, NULL, NULL, NULL, '2025-08-22', NULL, 1),
(413, 28, 4, '2025-08-22 09:30:00', '2025-08-22 20:00:00', NULL, NULL, NULL, NULL, NULL, NULL, 10, NULL, NULL, NULL, '2025-08-22', NULL, 1),
(414, 29, 2, '2025-08-22 09:30:00', '2025-08-22 20:00:00', NULL, NULL, NULL, NULL, NULL, NULL, 10, NULL, NULL, NULL, '2025-08-22', NULL, 1),
(415, 30, 2, '2025-08-22 09:30:00', '2025-08-22 20:00:00', NULL, NULL, NULL, NULL, NULL, NULL, 10, NULL, NULL, NULL, '2025-08-22', NULL, 1),
(416, 31, 3, '2025-08-22 08:00:00', '2025-08-22 20:00:00', NULL, NULL, NULL, NULL, NULL, 30, 30, NULL, NULL, NULL, '2025-08-22', NULL, 1),
(417, 32, 3, '2025-08-22 08:00:00', '2025-08-22 20:00:00', NULL, NULL, NULL, NULL, NULL, NULL, 10, NULL, NULL, NULL, '2025-08-22', NULL, 1),
(418, 33, 3, '2025-08-22 08:00:00', '2025-08-22 12:00:00', NULL, NULL, NULL, NULL, NULL, 0, 10, NULL, NULL, NULL, '2025-08-22', NULL, 1),
(419, 34, 2, '2025-08-22 08:00:00', '2025-08-22 12:00:00', NULL, NULL, NULL, NULL, NULL, 10, 10, NULL, NULL, NULL, '2025-08-22', NULL, 1),
(420, 36, 1, '2025-08-22 08:00:00', '2025-08-22 09:00:00', NULL, NULL, NULL, NULL, NULL, NULL, 10, NULL, NULL, NULL, '2025-08-22', NULL, 1),
(421, 37, 1, '2025-08-22 08:00:00', '2025-08-22 10:00:00', NULL, NULL, NULL, NULL, NULL, NULL, 10, NULL, NULL, NULL, '2025-08-22', NULL, 1),
(422, 40, 1, '2025-08-22 08:00:00', '2025-08-22 12:00:00', NULL, NULL, NULL, NULL, NULL, 0, 0, NULL, NULL, NULL, '2025-08-22', NULL, 1),
(423, 41, 12, '2025-08-22 08:00:00', '2025-08-22 20:00:00', NULL, NULL, NULL, NULL, NULL, 20, 30, NULL, NULL, NULL, '2025-08-22', NULL, 1),
(424, 42, 1, '2025-08-22 08:00:00', '2025-08-22 20:00:00', NULL, NULL, NULL, NULL, NULL, NULL, 10, NULL, NULL, NULL, '2025-08-22', NULL, 1),
(425, 43, 3, '2025-08-22 08:00:00', '2025-08-22 09:00:00', NULL, NULL, NULL, NULL, NULL, NULL, 60, NULL, NULL, NULL, '2025-08-22', NULL, 1),
(426, 44, 5, '2025-08-22 07:00:00', '2025-08-22 09:00:00', NULL, NULL, NULL, NULL, NULL, 60, 30, NULL, NULL, NULL, '2025-08-22', NULL, 1),
(427, 45, 2, '2025-08-22 07:00:00', '2025-08-22 10:00:00', NULL, NULL, NULL, NULL, NULL, 10, 10, NULL, NULL, NULL, '2025-08-22', NULL, 1),
(428, 46, 1, '2025-08-22 08:00:00', '2025-08-22 20:00:00', NULL, NULL, NULL, NULL, NULL, NULL, 10, NULL, NULL, NULL, '2025-08-22', NULL, 1),
(429, 47, 1, '2025-08-22 08:00:00', '2025-08-22 12:00:00', NULL, NULL, NULL, NULL, NULL, 0, 0, NULL, NULL, NULL, '2025-08-22', NULL, 1),
(430, 6, 5, '2025-08-22 21:00:00', '2025-08-23 00:00:00', NULL, NULL, NULL, NULL, NULL, 30, 30, NULL, NULL, NULL, '2025-08-22', NULL, 0),
(431, 7, 4, '2025-08-22 21:00:00', '2025-08-23 00:00:00', NULL, NULL, NULL, NULL, NULL, 30, 30, NULL, NULL, NULL, '2025-08-22', NULL, 0),
(432, 8, 4, '2025-08-22 20:00:00', '2025-08-23 06:00:00', NULL, NULL, NULL, NULL, NULL, 120, 60, NULL, NULL, NULL, '2025-08-22', NULL, 0),
(433, 9, 4, '2025-08-22 20:00:00', '2025-08-23 06:00:00', NULL, NULL, NULL, NULL, NULL, 120, 60, NULL, NULL, NULL, '2025-08-22', NULL, 0),
(434, 10, 4, '2025-08-22 20:00:00', '2025-08-23 06:00:00', NULL, NULL, NULL, NULL, NULL, 120, 60, NULL, NULL, NULL, '2025-08-22', NULL, 0),
(435, 11, 3, '2025-08-22 20:00:00', '2025-08-23 06:30:00', NULL, NULL, NULL, NULL, NULL, 120, 60, NULL, NULL, NULL, '2025-08-22', NULL, 0),
(436, 12, 3, '2025-08-22 20:00:00', '2025-08-23 06:30:00', NULL, NULL, NULL, NULL, NULL, 120, 60, NULL, NULL, NULL, '2025-08-22', NULL, 0),
(437, 13, 3, '2025-08-22 20:00:00', '2025-08-23 08:00:00', NULL, NULL, NULL, NULL, NULL, NULL, 10, NULL, NULL, NULL, '2025-08-22', NULL, 0),
(438, 14, 6, '2025-08-22 20:00:00', '2025-08-23 08:00:00', NULL, NULL, NULL, NULL, NULL, 20, 30, NULL, NULL, NULL, '2025-08-22', NULL, 0),
(439, 15, 3, '2025-08-22 20:00:00', '2025-08-23 08:00:00', NULL, NULL, NULL, NULL, NULL, NULL, 10, NULL, NULL, NULL, '2025-08-22', NULL, 0),
(440, 16, 4, '2025-08-22 20:00:00', '2025-08-23 08:00:00', NULL, NULL, NULL, NULL, NULL, NULL, 10, NULL, NULL, NULL, '2025-08-22', NULL, 0),
(441, 17, 6, '2025-08-22 20:00:00', '2025-08-23 08:00:00', NULL, NULL, NULL, NULL, NULL, 20, 30, NULL, NULL, NULL, '2025-08-22', NULL, 0),
(442, 18, 12, '2025-08-22 20:00:00', '2025-08-23 08:00:00', NULL, NULL, NULL, NULL, NULL, 20, 30, NULL, NULL, NULL, '2025-08-22', NULL, 0),
(443, 19, 3, '2025-08-22 20:00:00', '2025-08-23 08:00:00', NULL, NULL, NULL, NULL, NULL, NULL, 10, NULL, NULL, NULL, '2025-08-22', NULL, 0),
(444, 20, 7, '2025-08-22 21:30:00', '2025-08-23 08:00:00', NULL, NULL, NULL, NULL, NULL, 5, 30, NULL, NULL, NULL, '2025-08-22', NULL, 0),
(445, 21, 4, '2025-08-22 21:30:00', '2025-08-23 08:00:00', NULL, NULL, NULL, NULL, NULL, NULL, 10, NULL, NULL, NULL, '2025-08-22', NULL, 0),
(446, 22, 4, '2025-08-22 21:30:00', '2025-08-23 08:00:00', NULL, NULL, NULL, NULL, NULL, NULL, 10, NULL, NULL, NULL, '2025-08-22', NULL, 0),
(447, 23, 4, '2025-08-22 21:30:00', '2025-08-23 08:00:00', NULL, NULL, NULL, NULL, NULL, NULL, 10, NULL, NULL, NULL, '2025-08-22', NULL, 0),
(448, 24, 5, '2025-08-22 21:30:00', '2025-08-23 08:00:00', NULL, NULL, NULL, NULL, NULL, 5, 30, NULL, NULL, NULL, '2025-08-22', NULL, 0),
(449, 25, 12, '2025-08-22 21:30:00', '2025-08-23 08:00:00', NULL, NULL, NULL, NULL, NULL, 5, 15, NULL, NULL, NULL, '2025-08-22', NULL, 0),
(450, 26, 4, '2025-08-22 21:30:00', '2025-08-23 08:00:00', NULL, NULL, NULL, NULL, NULL, NULL, 10, NULL, NULL, NULL, '2025-08-22', NULL, 0),
(451, 27, 4, '2025-08-22 21:30:00', '2025-08-23 08:00:00', NULL, NULL, NULL, NULL, NULL, NULL, 10, NULL, NULL, NULL, '2025-08-22', NULL, 0),
(452, 28, 4, '2025-08-22 21:30:00', '2025-08-23 08:00:00', NULL, NULL, NULL, NULL, NULL, NULL, 10, NULL, NULL, NULL, '2025-08-22', NULL, 0),
(453, 29, 2, '2025-08-22 21:30:00', '2025-08-23 08:00:00', NULL, NULL, NULL, NULL, NULL, NULL, 10, NULL, NULL, NULL, '2025-08-22', NULL, 0),
(454, 30, 2, '2025-08-22 21:30:00', '2025-08-23 08:00:00', NULL, NULL, NULL, NULL, NULL, NULL, 10, NULL, NULL, NULL, '2025-08-22', NULL, 0),
(455, 31, 3, '2025-08-22 20:00:00', '2025-08-23 08:00:00', NULL, NULL, NULL, NULL, NULL, 30, 30, NULL, NULL, NULL, '2025-08-22', NULL, 0),
(456, 32, 3, '2025-08-22 20:00:00', '2025-08-23 08:00:00', NULL, NULL, NULL, NULL, NULL, NULL, 10, NULL, NULL, NULL, '2025-08-22', NULL, 0),
(457, 33, 3, '2025-08-22 20:00:00', '2025-08-23 00:00:00', NULL, NULL, NULL, NULL, NULL, 0, 10, NULL, NULL, NULL, '2025-08-22', NULL, 0),
(458, 34, 2, '2025-08-22 20:00:00', '2025-08-23 00:00:00', NULL, NULL, NULL, NULL, NULL, 10, 10, NULL, NULL, NULL, '2025-08-22', NULL, 0),
(459, 36, 1, '2025-08-22 20:00:00', '2025-08-22 21:00:00', NULL, NULL, NULL, NULL, NULL, NULL, 10, NULL, NULL, NULL, '2025-08-22', NULL, 0),
(460, 37, 1, '2025-08-22 20:00:00', '2025-08-22 22:00:00', NULL, NULL, NULL, NULL, NULL, NULL, 10, NULL, NULL, NULL, '2025-08-22', NULL, 0),
(461, 40, 1, '2025-08-22 20:00:00', '2025-08-23 00:00:00', NULL, NULL, NULL, NULL, NULL, 0, 0, NULL, NULL, NULL, '2025-08-22', NULL, 0),
(462, 41, 12, '2025-08-22 20:00:00', '2025-08-23 08:00:00', NULL, NULL, NULL, NULL, NULL, 20, 30, NULL, NULL, NULL, '2025-08-22', NULL, 0),
(463, 42, 1, '2025-08-22 20:00:00', '2025-08-23 08:00:00', NULL, NULL, NULL, NULL, NULL, NULL, 10, NULL, NULL, NULL, '2025-08-22', NULL, 0),
(464, 43, 3, '2025-08-22 20:00:00', '2025-08-22 21:00:00', NULL, NULL, NULL, NULL, NULL, NULL, 60, NULL, NULL, NULL, '2025-08-22', NULL, 0),
(465, 44, 5, '2025-08-22 19:00:00', '2025-08-22 21:00:00', NULL, NULL, NULL, NULL, NULL, 60, 30, NULL, NULL, NULL, '2025-08-22', NULL, 0),
(466, 45, 2, '2025-08-22 19:00:00', '2025-08-22 22:00:00', NULL, NULL, NULL, NULL, NULL, 10, 10, NULL, NULL, NULL, '2025-08-22', NULL, 0),
(467, 46, 1, '2025-08-22 20:00:00', '2025-08-23 08:00:00', NULL, NULL, NULL, NULL, NULL, NULL, 10, NULL, NULL, NULL, '2025-08-22', NULL, 0),
(468, 47, 1, '2025-08-22 20:00:00', '2025-08-23 00:00:00', NULL, NULL, NULL, NULL, NULL, 0, 0, NULL, NULL, NULL, '2025-08-22', NULL, 0),
(469, 6, 5, '2025-09-17 09:00:00', '2025-09-17 12:00:00', NULL, NULL, NULL, NULL, NULL, 30, 30, NULL, NULL, NULL, '2025-09-17', NULL, 1),
(470, 7, 4, '2025-09-17 09:00:00', '2025-09-17 12:00:00', NULL, NULL, NULL, NULL, NULL, 30, 30, NULL, NULL, NULL, '2025-09-17', NULL, 1),
(471, 8, 4, '2025-09-17 08:00:00', '2025-09-17 18:00:00', NULL, NULL, NULL, NULL, NULL, 120, 60, NULL, NULL, NULL, '2025-09-17', NULL, 1),
(472, 9, 4, '2025-09-17 08:00:00', '2025-09-17 18:00:00', NULL, NULL, NULL, NULL, NULL, 120, 60, NULL, NULL, NULL, '2025-09-17', NULL, 1),
(473, 10, 4, '2025-09-17 08:00:00', '2025-09-17 18:00:00', NULL, NULL, NULL, NULL, NULL, 120, 60, NULL, NULL, NULL, '2025-09-17', NULL, 1),
(474, 11, 3, '2025-09-17 08:00:00', '2025-09-17 18:30:00', NULL, NULL, NULL, NULL, NULL, 120, 60, NULL, NULL, NULL, '2025-09-17', NULL, 1),
(475, 12, 3, '2025-09-17 08:00:00', '2025-09-17 18:30:00', NULL, NULL, NULL, NULL, NULL, 120, 60, NULL, NULL, NULL, '2025-09-17', NULL, 1),
(476, 13, 3, '2025-09-17 08:00:00', '2025-09-17 20:00:00', NULL, NULL, NULL, NULL, NULL, NULL, 10, NULL, NULL, NULL, '2025-09-17', NULL, 1),
(477, 14, 6, '2025-09-17 08:00:00', '2025-09-17 20:00:00', NULL, NULL, NULL, NULL, NULL, 20, 30, NULL, NULL, NULL, '2025-09-17', NULL, 1),
(478, 15, 3, '2025-09-17 08:00:00', '2025-09-17 20:00:00', NULL, NULL, NULL, NULL, NULL, NULL, 10, NULL, NULL, NULL, '2025-09-17', NULL, 1),
(479, 16, 4, '2025-09-17 08:00:00', '2025-09-17 20:00:00', NULL, NULL, NULL, NULL, NULL, NULL, 10, NULL, NULL, NULL, '2025-09-17', NULL, 1),
(480, 17, 6, '2025-09-17 08:00:00', '2025-09-17 20:00:00', NULL, NULL, NULL, NULL, NULL, 20, 30, NULL, NULL, NULL, '2025-09-17', NULL, 1),
(481, 18, 12, '2025-09-17 08:00:00', '2025-09-17 20:00:00', NULL, NULL, NULL, NULL, NULL, 20, 30, NULL, NULL, NULL, '2025-09-17', NULL, 1),
(482, 19, 3, '2025-09-17 08:00:00', '2025-09-17 20:00:00', NULL, NULL, NULL, NULL, NULL, NULL, 10, NULL, NULL, NULL, '2025-09-17', NULL, 1),
(483, 20, 7, '2025-09-17 09:30:00', '2025-09-17 20:00:00', NULL, NULL, NULL, NULL, NULL, 5, 30, NULL, NULL, NULL, '2025-09-17', NULL, 1),
(484, 21, 4, '2025-09-17 09:30:00', '2025-09-17 20:00:00', NULL, NULL, NULL, NULL, NULL, NULL, 10, NULL, NULL, NULL, '2025-09-17', NULL, 1),
(485, 22, 4, '2025-09-17 09:30:00', '2025-09-17 20:00:00', NULL, NULL, NULL, NULL, NULL, NULL, 10, NULL, NULL, NULL, '2025-09-17', NULL, 1),
(486, 23, 4, '2025-09-17 09:30:00', '2025-09-17 20:00:00', NULL, NULL, NULL, NULL, NULL, NULL, 10, NULL, NULL, NULL, '2025-09-17', NULL, 1),
(487, 24, 5, '2025-09-17 09:30:00', '2025-09-17 20:00:00', NULL, NULL, NULL, NULL, NULL, 5, 30, NULL, NULL, NULL, '2025-09-17', NULL, 1),
(488, 25, 12, '2025-09-17 09:30:00', '2025-09-17 20:00:00', NULL, NULL, NULL, NULL, NULL, 5, 15, NULL, NULL, NULL, '2025-09-17', NULL, 1),
(489, 26, 4, '2025-09-17 09:30:00', '2025-09-17 20:00:00', NULL, NULL, NULL, NULL, NULL, NULL, 10, NULL, NULL, NULL, '2025-09-17', NULL, 1),
(490, 27, 4, '2025-09-17 09:30:00', '2025-09-17 20:00:00', NULL, NULL, NULL, NULL, NULL, NULL, 10, NULL, NULL, NULL, '2025-09-17', NULL, 1),
(491, 28, 4, '2025-09-17 09:30:00', '2025-09-17 20:00:00', NULL, NULL, NULL, NULL, NULL, NULL, 10, NULL, NULL, NULL, '2025-09-17', NULL, 1),
(492, 29, 2, '2025-09-17 09:30:00', '2025-09-17 20:00:00', NULL, NULL, NULL, NULL, NULL, NULL, 10, NULL, NULL, NULL, '2025-09-17', NULL, 1),
(493, 30, 2, '2025-09-17 09:30:00', '2025-09-17 20:00:00', NULL, NULL, NULL, NULL, NULL, NULL, 10, NULL, NULL, NULL, '2025-09-17', NULL, 1),
(494, 31, 3, '2025-09-17 08:00:00', '2025-09-17 20:00:00', NULL, NULL, NULL, NULL, NULL, 30, 30, NULL, NULL, NULL, '2025-09-17', NULL, 1),
(495, 32, 3, '2025-09-17 08:00:00', '2025-09-17 20:00:00', NULL, NULL, NULL, NULL, NULL, NULL, 10, NULL, NULL, NULL, '2025-09-17', NULL, 1),
(496, 33, 3, '2025-09-17 08:00:00', '2025-09-17 12:00:00', NULL, NULL, NULL, NULL, NULL, 0, 10, NULL, NULL, NULL, '2025-09-17', NULL, 1),
(497, 34, 2, '2025-09-17 08:00:00', '2025-09-17 12:00:00', NULL, NULL, NULL, NULL, NULL, 10, 10, NULL, NULL, NULL, '2025-09-17', NULL, 1),
(498, 36, 1, '2025-09-17 08:00:00', '2025-09-17 09:00:00', NULL, NULL, NULL, NULL, NULL, NULL, 10, NULL, NULL, NULL, '2025-09-17', NULL, 1),
(499, 37, 1, '2025-09-17 08:00:00', '2025-09-17 10:00:00', NULL, NULL, NULL, NULL, NULL, NULL, 10, NULL, NULL, NULL, '2025-09-17', NULL, 1),
(500, 40, 1, '2025-09-17 08:00:00', '2025-09-17 12:00:00', NULL, NULL, NULL, NULL, NULL, 0, 0, NULL, NULL, NULL, '2025-09-17', NULL, 1),
(501, 41, 12, '2025-09-17 08:00:00', '2025-09-17 20:00:00', NULL, NULL, NULL, NULL, NULL, 20, 30, NULL, NULL, NULL, '2025-09-17', NULL, 1),
(502, 42, 1, '2025-09-17 08:00:00', '2025-09-17 20:00:00', NULL, NULL, NULL, NULL, NULL, NULL, 10, NULL, NULL, NULL, '2025-09-17', NULL, 1),
(503, 43, 3, '2025-09-17 08:00:00', '2025-09-17 09:00:00', NULL, NULL, NULL, NULL, NULL, NULL, 60, NULL, NULL, NULL, '2025-09-17', NULL, 1),
(504, 44, 5, '2025-09-17 07:00:00', '2025-09-17 09:00:00', NULL, NULL, NULL, NULL, NULL, 60, 30, NULL, NULL, NULL, '2025-09-17', NULL, 1),
(505, 45, 2, '2025-09-17 07:00:00', '2025-09-17 10:00:00', NULL, NULL, NULL, NULL, NULL, 10, 10, NULL, NULL, NULL, '2025-09-17', NULL, 1),
(506, 46, 1, '2025-09-17 08:00:00', '2025-09-17 20:00:00', NULL, NULL, NULL, NULL, NULL, NULL, 10, NULL, NULL, NULL, '2025-09-17', NULL, 1),
(507, 47, 1, '2025-09-17 08:00:00', '2025-09-17 12:00:00', NULL, NULL, NULL, NULL, NULL, 0, 0, NULL, NULL, NULL, '2025-09-17', NULL, 1),
(508, 6, 5, '2025-09-18 09:00:00', '2025-09-18 12:00:00', NULL, NULL, NULL, NULL, NULL, 30, 30, NULL, NULL, NULL, '2025-09-18', NULL, 1),
(509, 7, 4, '2025-09-18 09:00:00', '2025-09-18 12:00:00', NULL, NULL, NULL, NULL, NULL, 30, 30, NULL, NULL, NULL, '2025-09-18', NULL, 1),
(510, 8, 4, '2025-09-18 08:00:00', '2025-09-18 18:00:00', NULL, NULL, NULL, NULL, NULL, 120, 60, NULL, NULL, NULL, '2025-09-18', NULL, 1),
(511, 9, 4, '2025-09-18 08:00:00', '2025-09-18 18:00:00', NULL, NULL, NULL, NULL, NULL, 120, 60, NULL, NULL, NULL, '2025-09-18', NULL, 1),
(512, 10, 4, '2025-09-18 08:00:00', '2025-09-18 18:00:00', NULL, NULL, NULL, NULL, NULL, 120, 60, NULL, NULL, NULL, '2025-09-18', NULL, 1),
(513, 11, 3, '2025-09-18 08:00:00', '2025-09-18 18:30:00', NULL, NULL, NULL, NULL, NULL, 120, 60, NULL, NULL, NULL, '2025-09-18', NULL, 1),
(514, 12, 3, '2025-09-18 08:00:00', '2025-09-18 18:30:00', NULL, NULL, NULL, NULL, NULL, 120, 60, NULL, NULL, NULL, '2025-09-18', NULL, 1),
(515, 13, 3, '2025-09-18 08:00:00', '2025-09-18 20:00:00', NULL, NULL, NULL, NULL, NULL, NULL, 10, NULL, NULL, NULL, '2025-09-18', NULL, 1),
(516, 14, 6, '2025-09-18 08:00:00', '2025-09-18 20:00:00', NULL, NULL, NULL, NULL, NULL, 20, 30, NULL, NULL, NULL, '2025-09-18', NULL, 1),
(517, 15, 3, '2025-09-18 08:00:00', '2025-09-18 20:00:00', NULL, NULL, NULL, NULL, NULL, NULL, 10, NULL, NULL, NULL, '2025-09-18', NULL, 1),
(518, 16, 4, '2025-09-18 08:00:00', '2025-09-18 20:00:00', NULL, NULL, NULL, NULL, NULL, NULL, 10, NULL, NULL, NULL, '2025-09-18', NULL, 1),
(519, 17, 6, '2025-09-18 08:00:00', '2025-09-18 20:00:00', NULL, NULL, NULL, NULL, NULL, 20, 30, NULL, NULL, NULL, '2025-09-18', NULL, 1),
(520, 18, 12, '2025-09-18 08:00:00', '2025-09-18 20:00:00', NULL, NULL, NULL, NULL, NULL, 20, 30, NULL, NULL, NULL, '2025-09-18', NULL, 1),
(521, 19, 3, '2025-09-18 08:00:00', '2025-09-18 20:00:00', NULL, NULL, NULL, NULL, NULL, NULL, 10, NULL, NULL, NULL, '2025-09-18', NULL, 1),
(522, 20, 7, '2025-09-18 09:30:00', '2025-09-18 20:00:00', NULL, NULL, NULL, NULL, NULL, 5, 30, NULL, NULL, NULL, '2025-09-18', NULL, 1),
(523, 21, 4, '2025-09-18 09:30:00', '2025-09-18 20:00:00', NULL, NULL, NULL, NULL, NULL, NULL, 10, NULL, NULL, NULL, '2025-09-18', NULL, 1),
(524, 22, 4, '2025-09-18 09:30:00', '2025-09-18 20:00:00', NULL, NULL, NULL, NULL, NULL, NULL, 10, NULL, NULL, NULL, '2025-09-18', NULL, 1),
(525, 23, 4, '2025-09-18 09:30:00', '2025-09-18 20:00:00', NULL, NULL, NULL, NULL, NULL, NULL, 10, NULL, NULL, NULL, '2025-09-18', NULL, 1),
(526, 24, 5, '2025-09-18 09:30:00', '2025-09-18 20:00:00', NULL, NULL, NULL, NULL, NULL, 5, 30, NULL, NULL, NULL, '2025-09-18', NULL, 1),
(527, 25, 12, '2025-09-18 09:30:00', '2025-09-18 20:00:00', NULL, NULL, NULL, NULL, NULL, 5, 15, NULL, NULL, NULL, '2025-09-18', NULL, 1),
(528, 26, 4, '2025-09-18 09:30:00', '2025-09-18 20:00:00', NULL, NULL, NULL, NULL, NULL, NULL, 10, NULL, NULL, NULL, '2025-09-18', NULL, 1),
(529, 27, 4, '2025-09-18 09:30:00', '2025-09-18 20:00:00', NULL, NULL, NULL, NULL, NULL, NULL, 10, NULL, NULL, NULL, '2025-09-18', NULL, 1),
(530, 28, 4, '2025-09-18 09:30:00', '2025-09-18 20:00:00', NULL, NULL, NULL, NULL, NULL, NULL, 10, NULL, NULL, NULL, '2025-09-18', NULL, 1),
(531, 29, 2, '2025-09-18 09:30:00', '2025-09-18 20:00:00', NULL, NULL, NULL, NULL, NULL, NULL, 10, NULL, NULL, NULL, '2025-09-18', NULL, 1),
(532, 30, 2, '2025-09-18 09:30:00', '2025-09-18 20:00:00', NULL, NULL, NULL, NULL, NULL, NULL, 10, NULL, NULL, NULL, '2025-09-18', NULL, 1),
(533, 31, 3, '2025-09-18 08:00:00', '2025-09-18 20:00:00', NULL, NULL, NULL, NULL, NULL, 30, 30, NULL, NULL, NULL, '2025-09-18', NULL, 1),
(534, 32, 3, '2025-09-18 08:00:00', '2025-09-18 20:00:00', NULL, NULL, NULL, NULL, NULL, NULL, 10, NULL, NULL, NULL, '2025-09-18', NULL, 1),
(535, 33, 3, '2025-09-18 08:00:00', '2025-09-18 12:00:00', NULL, NULL, NULL, NULL, NULL, 0, 10, NULL, NULL, NULL, '2025-09-18', NULL, 1),
(536, 34, 2, '2025-09-18 08:00:00', '2025-09-18 12:00:00', NULL, NULL, NULL, NULL, NULL, 10, 10, NULL, NULL, NULL, '2025-09-18', NULL, 1),
(537, 36, 1, '2025-09-18 08:00:00', '2025-09-18 09:00:00', NULL, NULL, NULL, NULL, NULL, NULL, 10, NULL, NULL, NULL, '2025-09-18', NULL, 1),
(538, 37, 1, '2025-09-18 08:00:00', '2025-09-18 10:00:00', NULL, NULL, NULL, NULL, NULL, NULL, 10, NULL, NULL, NULL, '2025-09-18', NULL, 1),
(539, 40, 1, '2025-09-18 08:00:00', '2025-09-18 12:00:00', NULL, NULL, NULL, NULL, NULL, 0, 0, NULL, NULL, NULL, '2025-09-18', NULL, 1),
(540, 41, 12, '2025-09-18 08:00:00', '2025-09-18 20:00:00', NULL, NULL, NULL, NULL, NULL, 20, 30, NULL, NULL, NULL, '2025-09-18', NULL, 1),
(541, 42, 1, '2025-09-18 08:00:00', '2025-09-18 20:00:00', NULL, NULL, NULL, NULL, NULL, NULL, 10, NULL, NULL, NULL, '2025-09-18', NULL, 1),
(542, 43, 3, '2025-09-18 08:00:00', '2025-09-18 09:00:00', NULL, NULL, NULL, NULL, NULL, NULL, 60, NULL, NULL, NULL, '2025-09-18', NULL, 1),
(543, 44, 5, '2025-09-18 07:00:00', '2025-09-18 09:00:00', NULL, NULL, NULL, NULL, NULL, 60, 30, NULL, NULL, NULL, '2025-09-18', NULL, 1),
(544, 45, 2, '2025-09-18 07:00:00', '2025-09-18 10:00:00', NULL, NULL, NULL, NULL, NULL, 10, 10, NULL, NULL, NULL, '2025-09-18', NULL, 1),
(545, 46, 1, '2025-09-18 08:00:00', '2025-09-18 20:00:00', NULL, NULL, NULL, NULL, NULL, NULL, 10, NULL, NULL, NULL, '2025-09-18', NULL, 1),
(546, 47, 1, '2025-09-18 08:00:00', '2025-09-18 12:00:00', NULL, NULL, NULL, NULL, NULL, 0, 0, NULL, NULL, NULL, '2025-09-18', NULL, 1),
(547, 6, 5, '2025-09-24 21:00:00', '2025-09-25 00:00:00', NULL, NULL, NULL, NULL, NULL, 30, 30, NULL, NULL, NULL, '2025-09-24', NULL, 0),
(548, 7, 4, '2025-09-24 21:00:00', '2025-09-25 00:00:00', NULL, NULL, NULL, NULL, NULL, 30, 30, NULL, NULL, NULL, '2025-09-24', NULL, 0),
(549, 8, 4, '2025-09-24 20:00:00', '2025-09-25 06:00:00', NULL, NULL, NULL, NULL, NULL, 120, 60, NULL, NULL, NULL, '2025-09-24', NULL, 0),
(550, 9, 4, '2025-09-24 20:00:00', '2025-09-25 06:00:00', NULL, NULL, NULL, NULL, NULL, 120, 60, NULL, NULL, NULL, '2025-09-24', NULL, 0),
(551, 10, 4, '2025-09-24 20:00:00', '2025-09-25 06:00:00', NULL, NULL, NULL, NULL, NULL, 120, 60, NULL, NULL, NULL, '2025-09-24', NULL, 0),
(552, 11, 3, '2025-09-24 20:00:00', '2025-09-25 06:30:00', NULL, NULL, NULL, NULL, NULL, 120, 60, NULL, NULL, NULL, '2025-09-24', NULL, 0),
(553, 12, 3, '2025-09-24 20:00:00', '2025-09-25 06:30:00', NULL, NULL, NULL, NULL, NULL, 120, 60, NULL, NULL, NULL, '2025-09-24', NULL, 0),
(554, 13, 3, '2025-09-24 20:00:00', '2025-09-25 08:00:00', NULL, NULL, NULL, NULL, NULL, NULL, 10, NULL, NULL, NULL, '2025-09-24', NULL, 0),
(555, 14, 6, '2025-09-24 20:00:00', '2025-09-25 08:00:00', NULL, NULL, NULL, NULL, NULL, 20, 30, NULL, NULL, NULL, '2025-09-24', NULL, 0),
(556, 15, 3, '2025-09-24 20:00:00', '2025-09-25 08:00:00', NULL, NULL, NULL, NULL, NULL, NULL, 10, NULL, NULL, NULL, '2025-09-24', NULL, 0),
(557, 16, 4, '2025-09-24 20:00:00', '2025-09-25 08:00:00', NULL, NULL, NULL, NULL, NULL, NULL, 10, NULL, NULL, NULL, '2025-09-24', NULL, 0),
(558, 17, 6, '2025-09-24 20:00:00', '2025-09-25 08:00:00', NULL, NULL, NULL, NULL, NULL, 20, 30, NULL, NULL, NULL, '2025-09-24', NULL, 0),
(559, 18, 12, '2025-09-24 20:00:00', '2025-09-25 08:00:00', NULL, NULL, NULL, NULL, NULL, 20, 30, NULL, NULL, NULL, '2025-09-24', NULL, 0),
(560, 19, 3, '2025-09-24 20:00:00', '2025-09-25 08:00:00', NULL, NULL, NULL, NULL, NULL, NULL, 10, NULL, NULL, NULL, '2025-09-24', NULL, 0),
(561, 20, 7, '2025-09-24 21:30:00', '2025-09-25 08:00:00', NULL, NULL, NULL, NULL, NULL, 5, 30, NULL, NULL, NULL, '2025-09-24', NULL, 0),
(562, 21, 4, '2025-09-24 21:30:00', '2025-09-25 08:00:00', NULL, NULL, NULL, NULL, NULL, NULL, 10, NULL, NULL, NULL, '2025-09-24', NULL, 0),
(563, 22, 4, '2025-09-24 21:30:00', '2025-09-25 08:00:00', NULL, NULL, NULL, NULL, NULL, NULL, 10, NULL, NULL, NULL, '2025-09-24', NULL, 0),
(564, 23, 4, '2025-09-24 21:30:00', '2025-09-25 08:00:00', NULL, NULL, NULL, NULL, NULL, NULL, 10, NULL, NULL, NULL, '2025-09-24', NULL, 0),
(565, 24, 5, '2025-09-24 21:30:00', '2025-09-25 08:00:00', NULL, NULL, NULL, NULL, NULL, 5, 30, NULL, NULL, NULL, '2025-09-24', NULL, 0),
(566, 25, 12, '2025-09-24 21:30:00', '2025-09-25 08:00:00', NULL, NULL, NULL, NULL, NULL, 5, 15, NULL, NULL, NULL, '2025-09-24', NULL, 0),
(567, 26, 4, '2025-09-24 21:30:00', '2025-09-25 08:00:00', NULL, NULL, NULL, NULL, NULL, NULL, 10, NULL, NULL, NULL, '2025-09-24', NULL, 0),
(568, 27, 4, '2025-09-24 21:30:00', '2025-09-25 08:00:00', NULL, NULL, NULL, NULL, NULL, NULL, 10, NULL, NULL, NULL, '2025-09-24', NULL, 0),
(569, 28, 4, '2025-09-24 21:30:00', '2025-09-25 08:00:00', NULL, NULL, NULL, NULL, NULL, NULL, 10, NULL, NULL, NULL, '2025-09-24', NULL, 0),
(570, 29, 2, '2025-09-24 21:30:00', '2025-09-25 08:00:00', NULL, NULL, NULL, NULL, NULL, NULL, 10, NULL, NULL, NULL, '2025-09-24', NULL, 0),
(571, 30, 2, '2025-09-24 21:30:00', '2025-09-25 08:00:00', NULL, NULL, NULL, NULL, NULL, NULL, 10, NULL, NULL, NULL, '2025-09-24', NULL, 0),
(572, 31, 3, '2025-09-24 20:00:00', '2025-09-25 08:00:00', NULL, NULL, NULL, NULL, NULL, 30, 30, NULL, NULL, NULL, '2025-09-24', NULL, 0),
(573, 32, 3, '2025-09-24 20:00:00', '2025-09-25 08:00:00', NULL, NULL, NULL, NULL, NULL, NULL, 10, NULL, NULL, NULL, '2025-09-24', NULL, 0),
(574, 33, 3, '2025-09-24 20:00:00', '2025-09-25 00:00:00', NULL, NULL, NULL, NULL, NULL, 0, 10, NULL, NULL, NULL, '2025-09-24', NULL, 0),
(575, 34, 2, '2025-09-24 20:00:00', '2025-09-25 00:00:00', NULL, NULL, NULL, NULL, NULL, 10, 10, NULL, NULL, NULL, '2025-09-24', NULL, 0),
(576, 36, 1, '2025-09-24 20:00:00', '2025-09-24 21:00:00', NULL, NULL, NULL, NULL, NULL, NULL, 10, NULL, NULL, NULL, '2025-09-24', NULL, 0),
(577, 37, 1, '2025-09-24 20:00:00', '2025-09-24 22:00:00', NULL, NULL, NULL, NULL, NULL, NULL, 10, NULL, NULL, NULL, '2025-09-24', NULL, 0),
(578, 40, 1, '2025-09-24 20:00:00', '2025-09-25 00:00:00', NULL, NULL, NULL, NULL, NULL, 0, 0, NULL, NULL, NULL, '2025-09-24', NULL, 0),
(579, 41, 12, '2025-09-24 20:00:00', '2025-09-25 08:00:00', NULL, NULL, NULL, NULL, NULL, 20, 30, NULL, NULL, NULL, '2025-09-24', NULL, 0),
(580, 42, 1, '2025-09-24 20:00:00', '2025-09-25 08:00:00', NULL, NULL, NULL, NULL, NULL, NULL, 10, NULL, NULL, NULL, '2025-09-24', NULL, 0),
(581, 43, 3, '2025-09-24 20:00:00', '2025-09-24 21:00:00', NULL, NULL, NULL, NULL, NULL, NULL, 60, NULL, NULL, NULL, '2025-09-24', NULL, 0),
(582, 44, 5, '2025-09-24 19:00:00', '2025-09-24 21:00:00', NULL, NULL, NULL, NULL, NULL, 60, 30, NULL, NULL, NULL, '2025-09-24', NULL, 0),
(583, 45, 2, '2025-09-24 19:00:00', '2025-09-24 22:00:00', NULL, NULL, NULL, NULL, NULL, 10, 10, NULL, NULL, NULL, '2025-09-24', NULL, 0),
(584, 46, 1, '2025-09-24 20:00:00', '2025-09-25 08:00:00', NULL, NULL, NULL, NULL, NULL, NULL, 10, NULL, NULL, NULL, '2025-09-24', NULL, 0),
(585, 47, 1, '2025-09-24 20:00:00', '2025-09-25 00:00:00', NULL, NULL, NULL, NULL, NULL, 0, 0, NULL, NULL, NULL, '2025-09-24', NULL, 0),
(586, 6, 5, '2025-10-13 21:00:00', '2025-10-14 00:00:00', NULL, NULL, NULL, NULL, NULL, 30, 30, NULL, NULL, NULL, '2025-10-13', NULL, 0),
(587, 7, 4, '2025-10-13 21:00:00', '2025-10-14 00:00:00', NULL, NULL, NULL, NULL, NULL, 30, 30, NULL, NULL, NULL, '2025-10-13', NULL, 0),
(588, 8, 4, '2025-10-13 20:00:00', '2025-10-14 06:00:00', NULL, NULL, NULL, NULL, NULL, 120, 60, NULL, NULL, NULL, '2025-10-13', NULL, 0),
(589, 9, 4, '2025-10-13 20:00:00', '2025-10-14 06:00:00', NULL, NULL, NULL, NULL, NULL, 120, 60, NULL, NULL, NULL, '2025-10-13', NULL, 0),
(590, 10, 4, '2025-10-13 20:00:00', '2025-10-14 06:00:00', NULL, NULL, NULL, NULL, NULL, 120, 60, NULL, NULL, NULL, '2025-10-13', NULL, 0),
(591, 11, 3, '2025-10-13 20:00:00', '2025-10-14 06:30:00', NULL, NULL, NULL, NULL, NULL, 120, 60, NULL, NULL, NULL, '2025-10-13', NULL, 0),
(592, 12, 3, '2025-10-13 20:00:00', '2025-10-14 06:30:00', NULL, NULL, NULL, NULL, NULL, 120, 60, NULL, NULL, NULL, '2025-10-13', NULL, 0),
(593, 13, 3, '2025-10-13 20:00:00', '2025-10-14 08:00:00', NULL, NULL, NULL, NULL, NULL, NULL, 10, NULL, NULL, NULL, '2025-10-13', NULL, 0),
(594, 14, 6, '2025-10-13 20:00:00', '2025-10-14 08:00:00', NULL, NULL, NULL, NULL, NULL, 20, 30, NULL, NULL, NULL, '2025-10-13', NULL, 0),
(595, 15, 3, '2025-10-13 20:00:00', '2025-10-14 08:00:00', NULL, NULL, NULL, NULL, NULL, NULL, 10, NULL, NULL, NULL, '2025-10-13', NULL, 0),
(596, 16, 4, '2025-10-13 20:00:00', '2025-10-14 08:00:00', NULL, NULL, NULL, NULL, NULL, NULL, 10, NULL, NULL, NULL, '2025-10-13', NULL, 0),
(597, 17, 6, '2025-10-13 20:00:00', '2025-10-14 08:00:00', NULL, NULL, NULL, NULL, NULL, 20, 30, NULL, NULL, NULL, '2025-10-13', NULL, 0),
(598, 18, 12, '2025-10-13 20:00:00', '2025-10-14 08:00:00', NULL, NULL, NULL, NULL, NULL, 20, 30, NULL, NULL, NULL, '2025-10-13', NULL, 0),
(599, 19, 3, '2025-10-13 20:00:00', '2025-10-14 08:00:00', NULL, NULL, NULL, NULL, NULL, NULL, 10, NULL, NULL, NULL, '2025-10-13', NULL, 0),
(600, 20, 7, '2025-10-13 21:30:00', '2025-10-14 08:00:00', NULL, NULL, NULL, NULL, NULL, 5, 30, NULL, NULL, NULL, '2025-10-13', NULL, 0),
(601, 21, 4, '2025-10-13 21:30:00', '2025-10-14 08:00:00', NULL, NULL, NULL, NULL, NULL, NULL, 10, NULL, NULL, NULL, '2025-10-13', NULL, 0),
(602, 22, 4, '2025-10-13 21:30:00', '2025-10-14 08:00:00', NULL, NULL, NULL, NULL, NULL, NULL, 10, NULL, NULL, NULL, '2025-10-13', NULL, 0),
(603, 23, 4, '2025-10-13 21:30:00', '2025-10-14 08:00:00', NULL, NULL, NULL, NULL, NULL, NULL, 10, NULL, NULL, NULL, '2025-10-13', NULL, 0),
(604, 24, 5, '2025-10-13 21:30:00', '2025-10-14 08:00:00', NULL, NULL, NULL, NULL, NULL, 5, 30, NULL, NULL, NULL, '2025-10-13', NULL, 0),
(605, 25, 12, '2025-10-13 21:30:00', '2025-10-14 08:00:00', NULL, NULL, NULL, NULL, NULL, 5, 15, NULL, NULL, NULL, '2025-10-13', NULL, 0),
(606, 26, 4, '2025-10-13 21:30:00', '2025-10-14 08:00:00', NULL, NULL, NULL, NULL, NULL, NULL, 10, NULL, NULL, NULL, '2025-10-13', NULL, 0),
(607, 27, 4, '2025-10-13 21:30:00', '2025-10-14 08:00:00', NULL, NULL, NULL, NULL, NULL, NULL, 10, NULL, NULL, NULL, '2025-10-13', NULL, 0),
(608, 28, 4, '2025-10-13 21:30:00', '2025-10-14 08:00:00', NULL, NULL, NULL, NULL, NULL, NULL, 10, NULL, NULL, NULL, '2025-10-13', NULL, 0),
(609, 29, 2, '2025-10-13 21:30:00', '2025-10-14 08:00:00', NULL, NULL, NULL, NULL, NULL, NULL, 10, NULL, NULL, NULL, '2025-10-13', NULL, 0),
(610, 30, 2, '2025-10-13 21:30:00', '2025-10-14 08:00:00', NULL, NULL, NULL, NULL, NULL, NULL, 10, NULL, NULL, NULL, '2025-10-13', NULL, 0),
(611, 31, 3, '2025-10-13 20:00:00', '2025-10-14 08:00:00', NULL, NULL, NULL, NULL, NULL, 30, 30, NULL, NULL, NULL, '2025-10-13', NULL, 0),
(612, 32, 3, '2025-10-13 20:00:00', '2025-10-14 08:00:00', NULL, NULL, NULL, NULL, NULL, NULL, 10, NULL, NULL, NULL, '2025-10-13', NULL, 0),
(613, 33, 3, '2025-10-13 20:00:00', '2025-10-14 00:00:00', NULL, NULL, NULL, NULL, NULL, 0, 10, NULL, NULL, NULL, '2025-10-13', NULL, 0),
(614, 34, 2, '2025-10-13 20:00:00', '2025-10-14 00:00:00', NULL, NULL, NULL, NULL, NULL, 10, 10, NULL, NULL, NULL, '2025-10-13', NULL, 0),
(615, 36, 1, '2025-10-13 20:00:00', '2025-10-13 21:00:00', NULL, NULL, NULL, NULL, NULL, NULL, 10, NULL, NULL, NULL, '2025-10-13', NULL, 0),
(616, 37, 1, '2025-10-13 20:00:00', '2025-10-13 22:00:00', NULL, NULL, NULL, NULL, NULL, NULL, 10, NULL, NULL, NULL, '2025-10-13', NULL, 0),
(617, 40, 1, '2025-10-13 20:00:00', '2025-10-14 00:00:00', NULL, NULL, NULL, NULL, NULL, 0, 0, NULL, NULL, NULL, '2025-10-13', NULL, 0),
(618, 41, 12, '2025-10-13 20:00:00', '2025-10-14 08:00:00', NULL, NULL, NULL, NULL, NULL, 20, 30, NULL, NULL, NULL, '2025-10-13', NULL, 0),
(619, 42, 1, '2025-10-13 20:00:00', '2025-10-14 08:00:00', NULL, NULL, NULL, NULL, NULL, NULL, 10, NULL, NULL, NULL, '2025-10-13', NULL, 0),
(620, 43, 3, '2025-10-13 20:00:00', '2025-10-13 21:00:00', NULL, NULL, NULL, NULL, NULL, NULL, 60, NULL, NULL, NULL, '2025-10-13', NULL, 0),
(621, 44, 5, '2025-10-13 19:00:00', '2025-10-13 21:00:00', NULL, NULL, NULL, NULL, NULL, 60, 30, NULL, NULL, NULL, '2025-10-13', NULL, 0),
(622, 45, 2, '2025-10-13 19:00:00', '2025-10-13 22:00:00', NULL, NULL, NULL, NULL, NULL, 10, 10, NULL, NULL, NULL, '2025-10-13', NULL, 0),
(623, 46, 1, '2025-10-13 20:00:00', '2025-10-14 08:00:00', NULL, NULL, NULL, NULL, NULL, NULL, 10, NULL, NULL, NULL, '2025-10-13', NULL, 0),
(624, 47, 1, '2025-10-13 20:00:00', '2025-10-14 00:00:00', NULL, NULL, NULL, NULL, NULL, 0, 0, NULL, NULL, NULL, '2025-10-13', NULL, 0),
(625, 6, 5, '2025-10-20 09:00:00', '2025-10-20 12:00:00', NULL, NULL, NULL, NULL, NULL, 30, 30, NULL, NULL, NULL, '2025-10-20', NULL, 1),
(626, 7, 4, '2025-10-20 09:00:00', '2025-10-20 12:00:00', NULL, NULL, NULL, NULL, NULL, 30, 30, NULL, NULL, NULL, '2025-10-20', NULL, 1),
(627, 8, 4, '2025-10-20 08:00:00', '2025-10-20 18:00:00', NULL, NULL, NULL, NULL, NULL, 120, 60, NULL, NULL, NULL, '2025-10-20', NULL, 1),
(628, 9, 4, '2025-10-20 08:00:00', '2025-10-20 18:00:00', NULL, NULL, NULL, NULL, NULL, 120, 60, NULL, NULL, NULL, '2025-10-20', NULL, 1),
(629, 10, 4, '2025-10-20 08:00:00', '2025-10-20 18:00:00', NULL, NULL, NULL, NULL, NULL, 120, 60, NULL, NULL, NULL, '2025-10-20', NULL, 1),
(630, 11, 3, '2025-10-20 08:00:00', '2025-10-20 18:30:00', NULL, NULL, NULL, NULL, NULL, 120, 60, NULL, NULL, NULL, '2025-10-20', NULL, 1),
(631, 12, 3, '2025-10-20 08:00:00', '2025-10-20 18:30:00', NULL, NULL, NULL, NULL, NULL, 120, 60, NULL, NULL, NULL, '2025-10-20', NULL, 1),
(632, 13, 3, '2025-10-20 08:00:00', '2025-10-20 20:00:00', NULL, NULL, NULL, NULL, NULL, NULL, 10, NULL, NULL, NULL, '2025-10-20', NULL, 1),
(633, 14, 6, '2025-10-20 08:00:00', '2025-10-20 20:00:00', NULL, NULL, NULL, NULL, NULL, 20, 30, NULL, NULL, NULL, '2025-10-20', NULL, 1),
(634, 15, 3, '2025-10-20 08:00:00', '2025-10-20 20:00:00', NULL, NULL, NULL, NULL, NULL, NULL, 10, NULL, NULL, NULL, '2025-10-20', NULL, 1),
(635, 16, 4, '2025-10-20 08:00:00', '2025-10-20 20:00:00', NULL, NULL, NULL, NULL, NULL, NULL, 10, NULL, NULL, NULL, '2025-10-20', NULL, 1),
(636, 17, 6, '2025-10-20 08:00:00', '2025-10-20 20:00:00', NULL, NULL, NULL, NULL, NULL, 20, 30, NULL, NULL, NULL, '2025-10-20', NULL, 1),
(637, 18, 12, '2025-10-20 08:00:00', '2025-10-20 20:00:00', NULL, NULL, NULL, NULL, NULL, 20, 30, NULL, NULL, NULL, '2025-10-20', NULL, 1),
(638, 19, 3, '2025-10-20 08:00:00', '2025-10-20 20:00:00', NULL, NULL, NULL, NULL, NULL, NULL, 10, NULL, NULL, NULL, '2025-10-20', NULL, 1),
(639, 20, 7, '2025-10-20 09:30:00', '2025-10-20 20:00:00', NULL, NULL, NULL, NULL, NULL, 5, 30, NULL, NULL, NULL, '2025-10-20', NULL, 1),
(640, 21, 4, '2025-10-20 09:30:00', '2025-10-20 20:00:00', NULL, NULL, NULL, NULL, NULL, NULL, 10, NULL, NULL, NULL, '2025-10-20', NULL, 1),
(641, 22, 4, '2025-10-20 09:30:00', '2025-10-20 20:00:00', NULL, NULL, NULL, NULL, NULL, NULL, 10, NULL, NULL, NULL, '2025-10-20', NULL, 1),
(642, 23, 4, '2025-10-20 09:30:00', '2025-10-20 20:00:00', NULL, NULL, NULL, NULL, NULL, NULL, 10, NULL, NULL, NULL, '2025-10-20', NULL, 1),
(643, 24, 5, '2025-10-20 09:30:00', '2025-10-20 20:00:00', NULL, NULL, NULL, NULL, NULL, 5, 30, NULL, NULL, NULL, '2025-10-20', NULL, 1),
(644, 25, 12, '2025-10-20 09:30:00', '2025-10-20 20:00:00', NULL, NULL, NULL, NULL, NULL, 5, 15, NULL, NULL, NULL, '2025-10-20', NULL, 1),
(645, 26, 4, '2025-10-20 09:30:00', '2025-10-20 20:00:00', NULL, NULL, NULL, NULL, NULL, NULL, 10, NULL, NULL, NULL, '2025-10-20', NULL, 1),
(646, 27, 4, '2025-10-20 09:30:00', '2025-10-20 20:00:00', NULL, NULL, NULL, NULL, NULL, NULL, 10, NULL, NULL, NULL, '2025-10-20', NULL, 1),
(647, 28, 4, '2025-10-20 09:30:00', '2025-10-20 20:00:00', NULL, NULL, NULL, NULL, NULL, NULL, 10, NULL, NULL, NULL, '2025-10-20', NULL, 1),
(648, 29, 2, '2025-10-20 09:30:00', '2025-10-20 20:00:00', NULL, NULL, NULL, NULL, NULL, NULL, 10, NULL, NULL, NULL, '2025-10-20', NULL, 1),
(649, 30, 2, '2025-10-20 09:30:00', '2025-10-20 20:00:00', NULL, NULL, NULL, NULL, NULL, NULL, 10, NULL, NULL, NULL, '2025-10-20', NULL, 1),
(650, 31, 3, '2025-10-20 08:00:00', '2025-10-20 20:00:00', NULL, NULL, NULL, NULL, NULL, 30, 30, NULL, NULL, NULL, '2025-10-20', NULL, 1),
(651, 32, 3, '2025-10-20 08:00:00', '2025-10-20 20:00:00', NULL, NULL, NULL, NULL, NULL, NULL, 10, NULL, NULL, NULL, '2025-10-20', NULL, 1),
(652, 33, 3, '2025-10-20 08:00:00', '2025-10-20 12:00:00', NULL, NULL, NULL, NULL, NULL, 0, 10, NULL, NULL, NULL, '2025-10-20', NULL, 1),
(653, 34, 2, '2025-10-20 08:00:00', '2025-10-20 12:00:00', NULL, NULL, NULL, NULL, NULL, 10, 10, NULL, NULL, NULL, '2025-10-20', NULL, 1),
(654, 36, 1, '2025-10-20 08:00:00', '2025-10-20 09:00:00', NULL, NULL, NULL, NULL, NULL, NULL, 10, NULL, NULL, NULL, '2025-10-20', NULL, 1),
(655, 37, 1, '2025-10-20 08:00:00', '2025-10-20 10:00:00', NULL, NULL, NULL, NULL, NULL, NULL, 10, NULL, NULL, NULL, '2025-10-20', NULL, 1),
(656, 40, 1, '2025-10-20 08:00:00', '2025-10-20 12:00:00', NULL, NULL, NULL, NULL, NULL, 0, 0, NULL, NULL, NULL, '2025-10-20', NULL, 1),
(657, 41, 12, '2025-10-20 08:00:00', '2025-10-20 20:00:00', NULL, NULL, NULL, NULL, NULL, 20, 30, NULL, NULL, NULL, '2025-10-20', NULL, 1),
(658, 42, 1, '2025-10-20 08:00:00', '2025-10-20 20:00:00', NULL, NULL, NULL, NULL, NULL, NULL, 10, NULL, NULL, NULL, '2025-10-20', NULL, 1),
(659, 43, 3, '2025-10-20 08:00:00', '2025-10-20 09:00:00', NULL, NULL, NULL, NULL, NULL, NULL, 60, NULL, NULL, NULL, '2025-10-20', NULL, 1),
(660, 44, 5, '2025-10-20 07:00:00', '2025-10-20 09:00:00', NULL, NULL, NULL, NULL, NULL, 60, 30, NULL, NULL, NULL, '2025-10-20', NULL, 1),
(661, 45, 2, '2025-10-20 07:00:00', '2025-10-20 10:00:00', NULL, NULL, NULL, NULL, NULL, 10, 10, NULL, NULL, NULL, '2025-10-20', NULL, 1),
(662, 46, 1, '2025-10-20 08:00:00', '2025-10-20 20:00:00', NULL, NULL, NULL, NULL, NULL, NULL, 10, NULL, NULL, NULL, '2025-10-20', NULL, 1),
(663, 47, 1, '2025-10-20 08:00:00', '2025-10-20 12:00:00', NULL, NULL, NULL, NULL, NULL, 0, 0, NULL, NULL, NULL, '2025-10-20', NULL, 1),
(664, 6, 5, '2025-10-20 21:00:00', '2025-10-21 00:00:00', NULL, NULL, NULL, NULL, NULL, 30, 30, NULL, NULL, NULL, '2025-10-20', NULL, 0),
(665, 7, 4, '2025-10-20 21:00:00', '2025-10-21 00:00:00', NULL, NULL, NULL, NULL, NULL, 30, 30, NULL, NULL, NULL, '2025-10-20', NULL, 0),
(666, 8, 4, '2025-10-20 20:00:00', '2025-10-21 06:00:00', NULL, NULL, NULL, NULL, NULL, 120, 60, NULL, NULL, NULL, '2025-10-20', NULL, 0),
(667, 9, 4, '2025-10-20 20:00:00', '2025-10-21 06:00:00', NULL, NULL, NULL, NULL, NULL, 120, 60, NULL, NULL, NULL, '2025-10-20', NULL, 0),
(668, 10, 4, '2025-10-20 20:00:00', '2025-10-21 06:00:00', NULL, NULL, NULL, NULL, NULL, 120, 60, NULL, NULL, NULL, '2025-10-20', NULL, 0),
(669, 11, 3, '2025-10-20 20:00:00', '2025-10-21 06:30:00', NULL, NULL, NULL, NULL, NULL, 120, 60, NULL, NULL, NULL, '2025-10-20', NULL, 0),
(670, 12, 3, '2025-10-20 20:00:00', '2025-10-21 06:30:00', NULL, NULL, NULL, NULL, NULL, 120, 60, NULL, NULL, NULL, '2025-10-20', NULL, 0),
(671, 13, 3, '2025-10-20 20:00:00', '2025-10-21 08:00:00', NULL, NULL, NULL, NULL, NULL, NULL, 10, NULL, NULL, NULL, '2025-10-20', NULL, 0),
(672, 14, 6, '2025-10-20 20:00:00', '2025-10-21 08:00:00', NULL, NULL, NULL, NULL, NULL, 20, 30, NULL, NULL, NULL, '2025-10-20', NULL, 0),
(673, 15, 3, '2025-10-20 20:00:00', '2025-10-21 08:00:00', NULL, NULL, NULL, NULL, NULL, NULL, 10, NULL, NULL, NULL, '2025-10-20', NULL, 0),
(674, 16, 4, '2025-10-20 20:00:00', '2025-10-21 08:00:00', NULL, NULL, NULL, NULL, NULL, NULL, 10, NULL, NULL, NULL, '2025-10-20', NULL, 0),
(675, 17, 6, '2025-10-20 20:00:00', '2025-10-21 08:00:00', NULL, NULL, NULL, NULL, NULL, 20, 30, NULL, NULL, NULL, '2025-10-20', NULL, 0),
(676, 18, 12, '2025-10-20 20:00:00', '2025-10-21 08:00:00', NULL, NULL, NULL, NULL, NULL, 20, 30, NULL, NULL, NULL, '2025-10-20', NULL, 0),
(677, 19, 3, '2025-10-20 20:00:00', '2025-10-21 08:00:00', NULL, NULL, NULL, NULL, NULL, NULL, 10, NULL, NULL, NULL, '2025-10-20', NULL, 0),
(678, 20, 7, '2025-10-20 21:30:00', '2025-10-21 08:00:00', NULL, NULL, NULL, NULL, NULL, 5, 30, NULL, NULL, NULL, '2025-10-20', NULL, 0),
(679, 21, 4, '2025-10-20 21:30:00', '2025-10-21 08:00:00', NULL, NULL, NULL, NULL, NULL, NULL, 10, NULL, NULL, NULL, '2025-10-20', NULL, 0),
(680, 22, 4, '2025-10-20 21:30:00', '2025-10-21 08:00:00', NULL, NULL, NULL, NULL, NULL, NULL, 10, NULL, NULL, NULL, '2025-10-20', NULL, 0),
(681, 23, 4, '2025-10-20 21:30:00', '2025-10-21 08:00:00', NULL, NULL, NULL, NULL, NULL, NULL, 10, NULL, NULL, NULL, '2025-10-20', NULL, 0),
(682, 24, 5, '2025-10-20 21:30:00', '2025-10-21 08:00:00', NULL, NULL, NULL, NULL, NULL, 5, 30, NULL, NULL, NULL, '2025-10-20', NULL, 0),
(683, 25, 12, '2025-10-20 21:30:00', '2025-10-21 08:00:00', NULL, NULL, NULL, NULL, NULL, 5, 15, NULL, NULL, NULL, '2025-10-20', NULL, 0),
(684, 26, 4, '2025-10-20 21:30:00', '2025-10-21 08:00:00', NULL, NULL, NULL, NULL, NULL, NULL, 10, NULL, NULL, NULL, '2025-10-20', NULL, 0),
(685, 27, 4, '2025-10-20 21:30:00', '2025-10-21 08:00:00', NULL, NULL, NULL, NULL, NULL, NULL, 10, NULL, NULL, NULL, '2025-10-20', NULL, 0),
(686, 28, 4, '2025-10-20 21:30:00', '2025-10-21 08:00:00', NULL, NULL, NULL, NULL, NULL, NULL, 10, NULL, NULL, NULL, '2025-10-20', NULL, 0),
(687, 29, 2, '2025-10-20 21:30:00', '2025-10-21 08:00:00', NULL, NULL, NULL, NULL, NULL, NULL, 10, NULL, NULL, NULL, '2025-10-20', NULL, 0),
(688, 30, 2, '2025-10-20 21:30:00', '2025-10-21 08:00:00', NULL, NULL, NULL, NULL, NULL, NULL, 10, NULL, NULL, NULL, '2025-10-20', NULL, 0),
(689, 31, 3, '2025-10-20 20:00:00', '2025-10-21 08:00:00', NULL, NULL, NULL, NULL, NULL, 30, 30, NULL, NULL, NULL, '2025-10-20', NULL, 0),
(690, 32, 3, '2025-10-20 20:00:00', '2025-10-21 08:00:00', NULL, NULL, NULL, NULL, NULL, NULL, 10, NULL, NULL, NULL, '2025-10-20', NULL, 0),
(691, 33, 3, '2025-10-20 20:00:00', '2025-10-21 00:00:00', NULL, NULL, NULL, NULL, NULL, 0, 10, NULL, NULL, NULL, '2025-10-20', NULL, 0),
(692, 34, 2, '2025-10-20 20:00:00', '2025-10-21 00:00:00', NULL, NULL, NULL, NULL, NULL, 10, 10, NULL, NULL, NULL, '2025-10-20', NULL, 0),
(693, 36, 1, '2025-10-20 20:00:00', '2025-10-20 21:00:00', NULL, NULL, NULL, NULL, NULL, NULL, 10, NULL, NULL, NULL, '2025-10-20', NULL, 0),
(694, 37, 1, '2025-10-20 20:00:00', '2025-10-20 22:00:00', NULL, NULL, NULL, NULL, NULL, NULL, 10, NULL, NULL, NULL, '2025-10-20', NULL, 0),
(695, 40, 1, '2025-10-20 20:00:00', '2025-10-21 00:00:00', NULL, NULL, NULL, NULL, NULL, 0, 0, NULL, NULL, NULL, '2025-10-20', NULL, 0),
(696, 41, 12, '2025-10-20 20:00:00', '2025-10-21 08:00:00', NULL, NULL, NULL, NULL, NULL, 20, 30, NULL, NULL, NULL, '2025-10-20', NULL, 0),
(697, 42, 1, '2025-10-20 20:00:00', '2025-10-21 08:00:00', NULL, NULL, NULL, NULL, NULL, NULL, 10, NULL, NULL, NULL, '2025-10-20', NULL, 0),
(698, 43, 3, '2025-10-20 20:00:00', '2025-10-20 21:00:00', NULL, NULL, NULL, NULL, NULL, NULL, 60, NULL, NULL, NULL, '2025-10-20', NULL, 0),
(699, 44, 5, '2025-10-20 19:00:00', '2025-10-20 21:00:00', NULL, NULL, NULL, NULL, NULL, 60, 30, NULL, NULL, NULL, '2025-10-20', NULL, 0),
(700, 45, 2, '2025-10-20 19:00:00', '2025-10-20 22:00:00', NULL, NULL, NULL, NULL, NULL, 10, 10, NULL, NULL, NULL, '2025-10-20', NULL, 0),
(701, 46, 1, '2025-10-20 20:00:00', '2025-10-21 08:00:00', NULL, NULL, NULL, NULL, NULL, NULL, 10, NULL, NULL, NULL, '2025-10-20', NULL, 0),
(702, 47, 1, '2025-10-20 20:00:00', '2025-10-21 00:00:00', NULL, NULL, NULL, NULL, NULL, 0, 0, NULL, NULL, NULL, '2025-10-20', NULL, 0),
(703, 6, 5, '2025-10-28 09:00:00', '2025-10-28 12:00:00', NULL, NULL, NULL, NULL, NULL, 30, 30, NULL, NULL, NULL, '2025-10-28', NULL, 1),
(704, 7, 4, '2025-10-28 09:00:00', '2025-10-28 12:00:00', NULL, NULL, NULL, NULL, NULL, 30, 30, NULL, NULL, NULL, '2025-10-28', NULL, 1),
(705, 8, 4, '2025-10-28 08:00:00', '2025-10-28 18:00:00', NULL, NULL, NULL, NULL, NULL, 120, 60, NULL, NULL, NULL, '2025-10-28', NULL, 1),
(706, 9, 4, '2025-10-28 08:00:00', '2025-10-28 18:00:00', NULL, NULL, NULL, NULL, NULL, 120, 60, NULL, NULL, NULL, '2025-10-28', NULL, 1),
(707, 10, 4, '2025-10-28 08:00:00', '2025-10-28 18:00:00', NULL, NULL, NULL, NULL, NULL, 120, 60, NULL, NULL, NULL, '2025-10-28', NULL, 1),
(708, 11, 3, '2025-10-28 08:00:00', '2025-10-28 18:30:00', NULL, NULL, NULL, NULL, NULL, 120, 60, NULL, NULL, NULL, '2025-10-28', NULL, 1),
(709, 12, 3, '2025-10-28 08:00:00', '2025-10-28 18:30:00', NULL, NULL, NULL, NULL, NULL, 120, 60, NULL, NULL, NULL, '2025-10-28', NULL, 1),
(710, 13, 3, '2025-10-28 08:00:00', '2025-10-28 20:00:00', NULL, NULL, NULL, NULL, NULL, NULL, 10, NULL, NULL, NULL, '2025-10-28', NULL, 1),
(711, 14, 6, '2025-10-28 08:00:00', '2025-10-28 20:00:00', NULL, NULL, NULL, NULL, NULL, 20, 30, NULL, NULL, NULL, '2025-10-28', NULL, 1),
(712, 15, 3, '2025-10-28 08:00:00', '2025-10-28 20:00:00', NULL, NULL, NULL, NULL, NULL, NULL, 10, NULL, NULL, NULL, '2025-10-28', NULL, 1),
(713, 16, 4, '2025-10-28 08:00:00', '2025-10-28 20:00:00', NULL, NULL, NULL, NULL, NULL, NULL, 10, NULL, NULL, NULL, '2025-10-28', NULL, 1),
(714, 17, 6, '2025-10-28 08:00:00', '2025-10-28 20:00:00', NULL, NULL, NULL, NULL, NULL, 20, 30, NULL, NULL, NULL, '2025-10-28', NULL, 1),
(715, 18, 12, '2025-10-28 08:00:00', '2025-10-28 20:00:00', NULL, NULL, NULL, NULL, NULL, 20, 30, NULL, NULL, NULL, '2025-10-28', NULL, 1),
(716, 19, 3, '2025-10-28 08:00:00', '2025-10-28 20:00:00', NULL, NULL, NULL, NULL, NULL, NULL, 10, NULL, NULL, NULL, '2025-10-28', NULL, 1),
(717, 20, 7, '2025-10-28 09:30:00', '2025-10-28 20:00:00', NULL, NULL, NULL, NULL, NULL, 5, 30, NULL, NULL, NULL, '2025-10-28', NULL, 1),
(718, 21, 4, '2025-10-28 09:30:00', '2025-10-28 20:00:00', NULL, NULL, NULL, NULL, NULL, NULL, 10, NULL, NULL, NULL, '2025-10-28', NULL, 1),
(719, 22, 4, '2025-10-28 09:30:00', '2025-10-28 20:00:00', NULL, NULL, NULL, NULL, NULL, NULL, 10, NULL, NULL, NULL, '2025-10-28', NULL, 1),
(720, 23, 4, '2025-10-28 09:30:00', '2025-10-28 20:00:00', NULL, NULL, NULL, NULL, NULL, NULL, 10, NULL, NULL, NULL, '2025-10-28', NULL, 1),
(721, 24, 5, '2025-10-28 09:30:00', '2025-10-28 20:00:00', NULL, NULL, NULL, NULL, NULL, 5, 30, NULL, NULL, NULL, '2025-10-28', NULL, 1);
INSERT INTO `lines_extra` (`line_extra_id`, `line_id`, `workers_count`, `started_at`, `ended_at`, `down_from`, `down_time`, `cancel_reason`, `master`, `engineer`, `prep_time`, `after_time`, `has_detector`, `detector_start`, `detector_end`, `date`, `extra_title`, `isDay`) VALUES
(722, 25, 12, '2025-10-28 09:30:00', '2025-10-28 20:00:00', NULL, NULL, NULL, NULL, NULL, 5, 15, NULL, NULL, NULL, '2025-10-28', NULL, 1),
(723, 26, 4, '2025-10-28 09:30:00', '2025-10-28 20:00:00', NULL, NULL, NULL, NULL, NULL, NULL, 10, NULL, NULL, NULL, '2025-10-28', NULL, 1),
(724, 27, 4, '2025-10-28 09:30:00', '2025-10-28 20:00:00', NULL, NULL, NULL, NULL, NULL, NULL, 10, NULL, NULL, NULL, '2025-10-28', NULL, 1),
(725, 28, 4, '2025-10-28 09:30:00', '2025-10-28 20:00:00', NULL, NULL, NULL, NULL, NULL, NULL, 10, NULL, NULL, NULL, '2025-10-28', NULL, 1),
(726, 29, 2, '2025-10-28 09:30:00', '2025-10-28 20:00:00', NULL, NULL, NULL, NULL, NULL, NULL, 10, NULL, NULL, NULL, '2025-10-28', NULL, 1),
(727, 30, 2, '2025-10-28 09:30:00', '2025-10-28 20:00:00', NULL, NULL, NULL, NULL, NULL, NULL, 10, NULL, NULL, NULL, '2025-10-28', NULL, 1),
(728, 31, 3, '2025-10-28 08:00:00', '2025-10-28 20:00:00', NULL, NULL, NULL, NULL, NULL, 30, 30, NULL, NULL, NULL, '2025-10-28', NULL, 1),
(729, 32, 3, '2025-10-28 08:00:00', '2025-10-28 20:00:00', NULL, NULL, NULL, NULL, NULL, NULL, 10, NULL, NULL, NULL, '2025-10-28', NULL, 1),
(730, 33, 3, '2025-10-28 08:00:00', '2025-10-28 12:00:00', NULL, NULL, NULL, NULL, NULL, 0, 10, NULL, NULL, NULL, '2025-10-28', NULL, 1),
(731, 34, 2, '2025-10-28 08:00:00', '2025-10-28 12:00:00', NULL, NULL, NULL, NULL, NULL, 10, 10, NULL, NULL, NULL, '2025-10-28', NULL, 1),
(732, 36, 1, '2025-10-28 08:00:00', '2025-10-28 09:00:00', NULL, NULL, NULL, NULL, NULL, NULL, 10, NULL, NULL, NULL, '2025-10-28', NULL, 1),
(733, 37, 1, '2025-10-28 08:00:00', '2025-10-28 10:00:00', NULL, NULL, NULL, NULL, NULL, NULL, 10, NULL, NULL, NULL, '2025-10-28', NULL, 1),
(734, 40, 1, '2025-10-28 08:00:00', '2025-10-28 12:00:00', NULL, NULL, NULL, NULL, NULL, 0, 0, NULL, NULL, NULL, '2025-10-28', NULL, 1),
(735, 41, 12, '2025-10-28 08:00:00', '2025-10-28 20:00:00', NULL, NULL, NULL, NULL, NULL, 20, 30, NULL, NULL, NULL, '2025-10-28', NULL, 1),
(736, 42, 1, '2025-10-28 08:00:00', '2025-10-28 20:00:00', NULL, NULL, NULL, NULL, NULL, NULL, 10, NULL, NULL, NULL, '2025-10-28', NULL, 1),
(737, 43, 3, '2025-10-28 08:00:00', '2025-10-28 09:00:00', NULL, NULL, NULL, NULL, NULL, NULL, 60, NULL, NULL, NULL, '2025-10-28', NULL, 1),
(738, 44, 5, '2025-10-28 07:00:00', '2025-10-28 09:00:00', NULL, NULL, NULL, NULL, NULL, 60, 30, NULL, NULL, NULL, '2025-10-28', NULL, 1),
(739, 45, 2, '2025-10-28 07:00:00', '2025-10-28 10:00:00', NULL, NULL, NULL, NULL, NULL, 10, 10, NULL, NULL, NULL, '2025-10-28', NULL, 1),
(740, 46, 1, '2025-10-28 08:00:00', '2025-10-28 20:00:00', NULL, NULL, NULL, NULL, NULL, NULL, 10, NULL, NULL, NULL, '2025-10-28', NULL, 1),
(741, 47, 1, '2025-10-28 08:00:00', '2025-10-28 12:00:00', NULL, NULL, NULL, NULL, NULL, 0, 0, NULL, NULL, NULL, '2025-10-28', NULL, 1),
(742, 6, 5, '2025-10-28 21:00:00', '2025-10-29 00:00:00', NULL, NULL, NULL, NULL, NULL, 30, 30, NULL, NULL, NULL, '2025-10-28', NULL, 0),
(743, 7, 4, '2025-10-28 21:00:00', '2025-10-29 00:00:00', NULL, NULL, NULL, NULL, NULL, 30, 30, NULL, NULL, NULL, '2025-10-28', NULL, 0),
(744, 8, 4, '2025-10-28 20:00:00', '2025-10-29 06:00:00', NULL, NULL, NULL, NULL, NULL, 120, 60, NULL, NULL, NULL, '2025-10-28', NULL, 0),
(745, 9, 4, '2025-10-28 20:00:00', '2025-10-29 06:00:00', NULL, NULL, NULL, NULL, NULL, 120, 60, NULL, NULL, NULL, '2025-10-28', NULL, 0),
(746, 10, 4, '2025-10-28 20:00:00', '2025-10-29 06:00:00', NULL, NULL, NULL, NULL, NULL, 120, 60, NULL, NULL, NULL, '2025-10-28', NULL, 0),
(747, 11, 3, '2025-10-28 20:00:00', '2025-10-29 06:30:00', NULL, NULL, NULL, NULL, NULL, 120, 60, NULL, NULL, NULL, '2025-10-28', NULL, 0),
(748, 12, 3, '2025-10-28 20:00:00', '2025-10-29 06:30:00', NULL, NULL, NULL, NULL, NULL, 120, 60, NULL, NULL, NULL, '2025-10-28', NULL, 0),
(749, 13, 3, '2025-10-28 20:00:00', '2025-10-29 08:00:00', NULL, NULL, NULL, NULL, NULL, NULL, 10, NULL, NULL, NULL, '2025-10-28', NULL, 0),
(750, 14, 6, '2025-10-28 20:00:00', '2025-10-29 08:00:00', NULL, NULL, NULL, NULL, NULL, 20, 30, NULL, NULL, NULL, '2025-10-28', NULL, 0),
(751, 15, 3, '2025-10-28 20:00:00', '2025-10-29 08:00:00', NULL, NULL, NULL, NULL, NULL, NULL, 10, NULL, NULL, NULL, '2025-10-28', NULL, 0),
(752, 16, 4, '2025-10-28 20:00:00', '2025-10-29 08:00:00', NULL, NULL, NULL, NULL, NULL, NULL, 10, NULL, NULL, NULL, '2025-10-28', NULL, 0),
(753, 17, 6, '2025-10-28 20:00:00', '2025-10-29 08:00:00', NULL, NULL, NULL, NULL, NULL, 20, 30, NULL, NULL, NULL, '2025-10-28', NULL, 0),
(754, 18, 12, '2025-10-28 20:00:00', '2025-10-29 08:00:00', NULL, NULL, NULL, NULL, NULL, 20, 30, NULL, NULL, NULL, '2025-10-28', NULL, 0),
(755, 19, 3, '2025-10-28 20:00:00', '2025-10-29 08:00:00', NULL, NULL, NULL, NULL, NULL, NULL, 10, NULL, NULL, NULL, '2025-10-28', NULL, 0),
(756, 20, 7, '2025-10-28 21:30:00', '2025-10-29 08:00:00', NULL, NULL, NULL, NULL, NULL, 5, 30, NULL, NULL, NULL, '2025-10-28', NULL, 0),
(757, 21, 4, '2025-10-28 21:30:00', '2025-10-29 08:00:00', NULL, NULL, NULL, NULL, NULL, NULL, 10, NULL, NULL, NULL, '2025-10-28', NULL, 0),
(758, 22, 4, '2025-10-28 21:30:00', '2025-10-29 08:00:00', NULL, NULL, NULL, NULL, NULL, NULL, 10, NULL, NULL, NULL, '2025-10-28', NULL, 0),
(759, 23, 4, '2025-10-28 21:30:00', '2025-10-29 08:00:00', NULL, NULL, NULL, NULL, NULL, NULL, 10, NULL, NULL, NULL, '2025-10-28', NULL, 0),
(760, 24, 5, '2025-10-28 21:30:00', '2025-10-29 08:00:00', NULL, NULL, NULL, NULL, NULL, 5, 30, NULL, NULL, NULL, '2025-10-28', NULL, 0),
(761, 25, 12, '2025-10-28 21:30:00', '2025-10-29 08:00:00', NULL, NULL, NULL, NULL, NULL, 5, 15, NULL, NULL, NULL, '2025-10-28', NULL, 0),
(762, 26, 4, '2025-10-28 21:30:00', '2025-10-29 08:00:00', NULL, NULL, NULL, NULL, NULL, NULL, 10, NULL, NULL, NULL, '2025-10-28', NULL, 0),
(763, 27, 4, '2025-10-28 21:30:00', '2025-10-29 08:00:00', NULL, NULL, NULL, NULL, NULL, NULL, 10, NULL, NULL, NULL, '2025-10-28', NULL, 0),
(764, 28, 4, '2025-10-28 21:30:00', '2025-10-29 08:00:00', NULL, NULL, NULL, NULL, NULL, NULL, 10, NULL, NULL, NULL, '2025-10-28', NULL, 0),
(765, 29, 2, '2025-10-28 21:30:00', '2025-10-29 08:00:00', NULL, NULL, NULL, NULL, NULL, NULL, 10, NULL, NULL, NULL, '2025-10-28', NULL, 0),
(766, 30, 2, '2025-10-28 21:30:00', '2025-10-29 08:00:00', NULL, NULL, NULL, NULL, NULL, NULL, 10, NULL, NULL, NULL, '2025-10-28', NULL, 0),
(767, 31, 3, '2025-10-28 20:00:00', '2025-10-29 08:00:00', NULL, NULL, NULL, NULL, NULL, 30, 30, NULL, NULL, NULL, '2025-10-28', NULL, 0),
(768, 32, 3, '2025-10-28 20:00:00', '2025-10-29 08:00:00', NULL, NULL, NULL, NULL, NULL, NULL, 10, NULL, NULL, NULL, '2025-10-28', NULL, 0),
(769, 33, 3, '2025-10-28 20:00:00', '2025-10-29 00:00:00', NULL, NULL, NULL, NULL, NULL, 0, 10, NULL, NULL, NULL, '2025-10-28', NULL, 0),
(770, 34, 2, '2025-10-28 20:00:00', '2025-10-29 00:00:00', NULL, NULL, NULL, NULL, NULL, 10, 10, NULL, NULL, NULL, '2025-10-28', NULL, 0),
(771, 36, 1, '2025-10-28 20:00:00', '2025-10-28 21:00:00', NULL, NULL, NULL, NULL, NULL, NULL, 10, NULL, NULL, NULL, '2025-10-28', NULL, 0),
(772, 37, 1, '2025-10-28 20:00:00', '2025-10-28 22:00:00', NULL, NULL, NULL, NULL, NULL, NULL, 10, NULL, NULL, NULL, '2025-10-28', NULL, 0),
(773, 40, 1, '2025-10-28 20:00:00', '2025-10-29 00:00:00', NULL, NULL, NULL, NULL, NULL, 0, 0, NULL, NULL, NULL, '2025-10-28', NULL, 0),
(774, 41, 12, '2025-10-28 20:00:00', '2025-10-29 08:00:00', NULL, NULL, NULL, NULL, NULL, 20, 30, NULL, NULL, NULL, '2025-10-28', NULL, 0),
(775, 42, 1, '2025-10-28 20:00:00', '2025-10-29 08:00:00', NULL, NULL, NULL, NULL, NULL, NULL, 10, NULL, NULL, NULL, '2025-10-28', NULL, 0),
(776, 43, 3, '2025-10-28 20:00:00', '2025-10-28 21:00:00', NULL, NULL, NULL, NULL, NULL, NULL, 60, NULL, NULL, NULL, '2025-10-28', NULL, 0),
(777, 44, 5, '2025-10-28 19:00:00', '2025-10-28 21:00:00', NULL, NULL, NULL, NULL, NULL, 60, 30, NULL, NULL, NULL, '2025-10-28', NULL, 0),
(778, 45, 2, '2025-10-28 19:00:00', '2025-10-28 22:00:00', NULL, NULL, NULL, NULL, NULL, 10, 10, NULL, NULL, NULL, '2025-10-28', NULL, 0),
(779, 46, 1, '2025-10-28 20:00:00', '2025-10-29 08:00:00', NULL, NULL, NULL, NULL, NULL, NULL, 10, NULL, NULL, NULL, '2025-10-28', NULL, 0),
(780, 47, 1, '2025-10-28 20:00:00', '2025-10-29 00:00:00', NULL, NULL, NULL, NULL, NULL, 0, 0, NULL, NULL, NULL, '2025-10-28', NULL, 0),
(781, 6, 5, '2025-09-18 21:00:00', '2025-09-19 00:00:00', NULL, NULL, NULL, NULL, NULL, 30, 30, NULL, NULL, NULL, '2025-09-18', NULL, 0),
(782, 7, 4, '2025-09-18 21:00:00', '2025-09-19 00:00:00', NULL, NULL, NULL, NULL, NULL, 30, 30, NULL, NULL, NULL, '2025-09-18', NULL, 0),
(783, 8, 4, '2025-09-18 20:00:00', '2025-09-19 06:00:00', NULL, NULL, NULL, NULL, NULL, 120, 60, NULL, NULL, NULL, '2025-09-18', NULL, 0),
(784, 9, 4, '2025-09-18 20:00:00', '2025-09-19 06:00:00', NULL, NULL, NULL, NULL, NULL, 120, 60, NULL, NULL, NULL, '2025-09-18', NULL, 0),
(785, 10, 4, '2025-09-18 20:00:00', '2025-09-19 06:00:00', NULL, NULL, NULL, NULL, NULL, 120, 60, NULL, NULL, NULL, '2025-09-18', NULL, 0),
(786, 11, 3, '2025-09-18 20:00:00', '2025-09-19 06:30:00', NULL, NULL, NULL, NULL, NULL, 120, 60, NULL, NULL, NULL, '2025-09-18', NULL, 0),
(787, 12, 3, '2025-09-18 20:00:00', '2025-09-19 06:30:00', NULL, NULL, NULL, NULL, NULL, 120, 60, NULL, NULL, NULL, '2025-09-18', NULL, 0),
(788, 13, 3, '2025-09-18 20:00:00', '2025-09-19 08:00:00', NULL, NULL, NULL, NULL, NULL, NULL, 10, NULL, NULL, NULL, '2025-09-18', NULL, 0),
(789, 14, 6, '2025-09-18 20:00:00', '2025-09-19 08:00:00', NULL, NULL, NULL, NULL, NULL, 20, 30, NULL, NULL, NULL, '2025-09-18', NULL, 0),
(790, 15, 3, '2025-09-18 20:00:00', '2025-09-19 08:00:00', NULL, NULL, NULL, NULL, NULL, NULL, 10, NULL, NULL, NULL, '2025-09-18', NULL, 0),
(791, 16, 4, '2025-09-18 20:00:00', '2025-09-19 08:00:00', NULL, NULL, NULL, NULL, NULL, NULL, 10, NULL, NULL, NULL, '2025-09-18', NULL, 0),
(792, 17, 6, '2025-09-18 20:00:00', '2025-09-19 08:00:00', NULL, NULL, NULL, NULL, NULL, 20, 30, NULL, NULL, NULL, '2025-09-18', NULL, 0),
(793, 18, 12, '2025-09-18 20:00:00', '2025-09-19 08:00:00', NULL, NULL, NULL, NULL, NULL, 20, 30, NULL, NULL, NULL, '2025-09-18', NULL, 0),
(794, 19, 3, '2025-09-18 20:00:00', '2025-09-19 08:00:00', NULL, NULL, NULL, NULL, NULL, NULL, 10, NULL, NULL, NULL, '2025-09-18', NULL, 0),
(795, 20, 7, '2025-09-18 21:30:00', '2025-09-19 08:00:00', NULL, NULL, NULL, NULL, NULL, 5, 30, NULL, NULL, NULL, '2025-09-18', NULL, 0),
(796, 21, 4, '2025-09-18 21:30:00', '2025-09-19 08:00:00', NULL, NULL, NULL, NULL, NULL, NULL, 10, NULL, NULL, NULL, '2025-09-18', NULL, 0),
(797, 22, 4, '2025-09-18 21:30:00', '2025-09-19 08:00:00', NULL, NULL, NULL, NULL, NULL, NULL, 10, NULL, NULL, NULL, '2025-09-18', NULL, 0),
(798, 23, 4, '2025-09-18 21:30:00', '2025-09-19 08:00:00', NULL, NULL, NULL, NULL, NULL, NULL, 10, NULL, NULL, NULL, '2025-09-18', NULL, 0),
(799, 24, 5, '2025-09-18 21:30:00', '2025-09-19 08:00:00', NULL, NULL, NULL, NULL, NULL, 5, 30, NULL, NULL, NULL, '2025-09-18', NULL, 0),
(800, 25, 12, '2025-09-18 21:30:00', '2025-09-19 08:00:00', NULL, NULL, NULL, NULL, NULL, 5, 15, NULL, NULL, NULL, '2025-09-18', NULL, 0),
(801, 26, 4, '2025-09-18 21:30:00', '2025-09-19 08:00:00', NULL, NULL, NULL, NULL, NULL, NULL, 10, NULL, NULL, NULL, '2025-09-18', NULL, 0),
(802, 27, 4, '2025-09-18 21:30:00', '2025-09-19 08:00:00', NULL, NULL, NULL, NULL, NULL, NULL, 10, NULL, NULL, NULL, '2025-09-18', NULL, 0),
(803, 28, 4, '2025-09-18 21:30:00', '2025-09-19 08:00:00', NULL, NULL, NULL, NULL, NULL, NULL, 10, NULL, NULL, NULL, '2025-09-18', NULL, 0),
(804, 29, 2, '2025-09-18 21:30:00', '2025-09-19 08:00:00', NULL, NULL, NULL, NULL, NULL, NULL, 10, NULL, NULL, NULL, '2025-09-18', NULL, 0),
(805, 30, 2, '2025-09-18 21:30:00', '2025-09-19 08:00:00', NULL, NULL, NULL, NULL, NULL, NULL, 10, NULL, NULL, NULL, '2025-09-18', NULL, 0),
(806, 31, 3, '2025-09-18 20:00:00', '2025-09-19 08:00:00', NULL, NULL, NULL, NULL, NULL, 30, 30, NULL, NULL, NULL, '2025-09-18', NULL, 0),
(807, 32, 3, '2025-09-18 20:00:00', '2025-09-19 08:00:00', NULL, NULL, NULL, NULL, NULL, NULL, 10, NULL, NULL, NULL, '2025-09-18', NULL, 0),
(808, 33, 3, '2025-09-18 20:00:00', '2025-09-19 00:00:00', NULL, NULL, NULL, NULL, NULL, 0, 10, NULL, NULL, NULL, '2025-09-18', NULL, 0),
(809, 34, 2, '2025-09-18 20:00:00', '2025-09-19 00:00:00', NULL, NULL, NULL, NULL, NULL, 10, 10, NULL, NULL, NULL, '2025-09-18', NULL, 0),
(810, 36, 1, '2025-09-18 20:00:00', '2025-09-18 21:00:00', NULL, NULL, NULL, NULL, NULL, NULL, 10, NULL, NULL, NULL, '2025-09-18', NULL, 0),
(811, 37, 1, '2025-09-18 20:00:00', '2025-09-18 22:00:00', NULL, NULL, NULL, NULL, NULL, NULL, 10, NULL, NULL, NULL, '2025-09-18', NULL, 0),
(812, 40, 1, '2025-09-18 20:00:00', '2025-09-19 00:00:00', NULL, NULL, NULL, NULL, NULL, 0, 0, NULL, NULL, NULL, '2025-09-18', NULL, 0),
(813, 41, 12, '2025-09-18 20:00:00', '2025-09-19 08:00:00', NULL, NULL, NULL, NULL, NULL, 20, 30, NULL, NULL, NULL, '2025-09-18', NULL, 0),
(814, 42, 1, '2025-09-18 20:00:00', '2025-09-19 08:00:00', NULL, NULL, NULL, NULL, NULL, NULL, 10, NULL, NULL, NULL, '2025-09-18', NULL, 0),
(815, 43, 3, '2025-09-18 20:00:00', '2025-09-18 21:00:00', NULL, NULL, NULL, NULL, NULL, NULL, 60, NULL, NULL, NULL, '2025-09-18', NULL, 0),
(816, 44, 5, '2025-09-18 19:00:00', '2025-09-18 21:00:00', NULL, NULL, NULL, NULL, NULL, 60, 30, NULL, NULL, NULL, '2025-09-18', NULL, 0),
(817, 45, 2, '2025-09-18 19:00:00', '2025-09-18 22:00:00', NULL, NULL, NULL, NULL, NULL, 10, 10, NULL, NULL, NULL, '2025-09-18', NULL, 0),
(818, 46, 1, '2025-09-18 20:00:00', '2025-09-19 08:00:00', NULL, NULL, NULL, NULL, NULL, NULL, 10, NULL, NULL, NULL, '2025-09-18', NULL, 0),
(819, 47, 1, '2025-09-18 20:00:00', '2025-09-19 00:00:00', NULL, NULL, NULL, NULL, NULL, 0, 0, NULL, NULL, NULL, '2025-09-18', NULL, 0),
(820, 6, 5, '2025-11-25 09:00:00', '2025-11-25 12:00:00', NULL, NULL, NULL, NULL, NULL, 30, 30, NULL, NULL, NULL, '2025-11-25', NULL, 1),
(821, 7, 4, '2025-11-25 09:00:00', '2025-11-25 12:00:00', NULL, NULL, NULL, NULL, NULL, 30, 30, NULL, NULL, NULL, '2025-11-25', NULL, 1),
(822, 8, 4, '2025-11-25 08:00:00', '2025-11-25 18:00:00', NULL, NULL, NULL, NULL, NULL, 120, 60, NULL, NULL, NULL, '2025-11-25', NULL, 1),
(823, 9, 4, '2025-11-25 08:00:00', '2025-11-25 18:00:00', NULL, NULL, NULL, NULL, NULL, 120, 60, NULL, NULL, NULL, '2025-11-25', NULL, 1),
(824, 10, 4, '2025-11-25 08:00:00', '2025-11-25 18:00:00', NULL, NULL, NULL, NULL, NULL, 120, 60, NULL, NULL, NULL, '2025-11-25', NULL, 1),
(825, 11, 3, '2025-11-25 08:00:00', '2025-11-25 18:30:00', NULL, NULL, NULL, NULL, NULL, 120, 60, NULL, NULL, NULL, '2025-11-25', NULL, 1),
(826, 12, 3, '2025-11-25 08:00:00', '2025-11-25 18:30:00', NULL, NULL, NULL, NULL, NULL, 120, 60, NULL, NULL, NULL, '2025-11-25', NULL, 1),
(827, 13, 3, '2025-11-25 08:00:00', '2025-11-25 20:00:00', NULL, NULL, NULL, NULL, NULL, NULL, 10, NULL, NULL, NULL, '2025-11-25', NULL, 1),
(828, 14, 6, '2025-11-25 08:00:00', '2025-11-25 20:00:00', NULL, NULL, NULL, NULL, NULL, 20, 30, NULL, NULL, NULL, '2025-11-25', NULL, 1),
(829, 15, 3, '2025-11-25 08:00:00', '2025-11-25 20:00:00', NULL, NULL, NULL, NULL, NULL, NULL, 10, NULL, NULL, NULL, '2025-11-25', NULL, 1),
(830, 16, 4, '2025-11-25 08:00:00', '2025-11-25 20:00:00', NULL, NULL, NULL, NULL, NULL, NULL, 10, NULL, NULL, NULL, '2025-11-25', NULL, 1),
(831, 17, 6, '2025-11-25 08:00:00', '2025-11-25 20:00:00', NULL, NULL, NULL, NULL, NULL, 20, 30, NULL, NULL, NULL, '2025-11-25', NULL, 1),
(832, 18, 12, '2025-11-25 08:00:00', '2025-11-25 20:00:00', NULL, NULL, NULL, NULL, NULL, 20, 30, NULL, NULL, NULL, '2025-11-25', NULL, 1),
(833, 19, 3, '2025-11-25 08:00:00', '2025-11-25 20:00:00', NULL, NULL, NULL, NULL, NULL, NULL, 10, NULL, NULL, NULL, '2025-11-25', NULL, 1),
(834, 20, 7, '2025-11-25 09:30:00', '2025-11-25 20:00:00', NULL, NULL, NULL, NULL, NULL, 5, 30, NULL, NULL, NULL, '2025-11-25', NULL, 1),
(835, 21, 4, '2025-11-25 09:30:00', '2025-11-25 20:00:00', NULL, NULL, NULL, NULL, NULL, NULL, 10, NULL, NULL, NULL, '2025-11-25', NULL, 1),
(836, 22, 4, '2025-11-25 09:30:00', '2025-11-25 20:00:00', NULL, NULL, NULL, NULL, NULL, NULL, 10, NULL, NULL, NULL, '2025-11-25', NULL, 1),
(837, 23, 4, '2025-11-25 09:30:00', '2025-11-25 20:00:00', NULL, NULL, NULL, NULL, NULL, NULL, 10, NULL, NULL, NULL, '2025-11-25', NULL, 1),
(838, 24, 5, '2025-11-25 09:30:00', '2025-11-25 20:00:00', NULL, NULL, NULL, NULL, NULL, 5, 30, NULL, NULL, NULL, '2025-11-25', NULL, 1),
(839, 25, 12, '2025-11-25 09:30:00', '2025-11-25 20:00:00', NULL, NULL, NULL, NULL, NULL, 5, 15, NULL, NULL, NULL, '2025-11-25', NULL, 1),
(840, 26, 4, '2025-11-25 09:30:00', '2025-11-25 20:00:00', NULL, NULL, NULL, NULL, NULL, NULL, 10, NULL, NULL, NULL, '2025-11-25', NULL, 1),
(841, 27, 4, '2025-11-25 09:30:00', '2025-11-25 20:00:00', NULL, NULL, NULL, NULL, NULL, NULL, 10, NULL, NULL, NULL, '2025-11-25', NULL, 1),
(842, 28, 4, '2025-11-25 09:30:00', '2025-11-25 20:00:00', NULL, NULL, NULL, NULL, NULL, NULL, 10, NULL, NULL, NULL, '2025-11-25', NULL, 1),
(843, 29, 2, '2025-11-25 09:30:00', '2025-11-25 20:00:00', NULL, NULL, NULL, NULL, NULL, NULL, 10, NULL, NULL, NULL, '2025-11-25', NULL, 1),
(844, 30, 2, '2025-11-25 09:30:00', '2025-11-25 20:00:00', NULL, NULL, NULL, NULL, NULL, NULL, 10, NULL, NULL, NULL, '2025-11-25', NULL, 1),
(845, 31, 3, '2025-11-25 08:00:00', '2025-11-25 20:00:00', NULL, NULL, NULL, NULL, NULL, 30, 30, NULL, NULL, NULL, '2025-11-25', NULL, 1),
(846, 32, 3, '2025-11-25 08:00:00', '2025-11-25 20:00:00', NULL, NULL, NULL, NULL, NULL, NULL, 10, NULL, NULL, NULL, '2025-11-25', NULL, 1),
(847, 33, 3, '2025-11-25 08:00:00', '2025-11-25 12:00:00', NULL, NULL, NULL, NULL, NULL, 0, 10, NULL, NULL, NULL, '2025-11-25', NULL, 1),
(848, 34, 2, '2025-11-25 08:00:00', '2025-11-25 12:00:00', NULL, NULL, NULL, NULL, NULL, 10, 10, NULL, NULL, NULL, '2025-11-25', NULL, 1),
(849, 36, 1, '2025-11-25 08:00:00', '2025-11-25 09:00:00', NULL, NULL, NULL, NULL, NULL, NULL, 10, NULL, NULL, NULL, '2025-11-25', NULL, 1),
(850, 37, 1, '2025-11-25 08:00:00', '2025-11-25 10:00:00', NULL, NULL, NULL, NULL, NULL, NULL, 10, NULL, NULL, NULL, '2025-11-25', NULL, 1),
(851, 40, 1, '2025-11-25 08:00:00', '2025-11-25 12:00:00', NULL, NULL, NULL, NULL, NULL, 0, 0, NULL, NULL, NULL, '2025-11-25', NULL, 1),
(852, 41, 12, '2025-11-25 08:00:00', '2025-11-25 20:00:00', NULL, NULL, NULL, NULL, NULL, 20, 30, NULL, NULL, NULL, '2025-11-25', NULL, 1),
(853, 42, 1, '2025-11-25 08:00:00', '2025-11-25 20:00:00', NULL, NULL, NULL, NULL, NULL, NULL, 10, NULL, NULL, NULL, '2025-11-25', NULL, 1),
(854, 43, 3, '2025-11-25 08:00:00', '2025-11-25 09:00:00', NULL, NULL, NULL, NULL, NULL, NULL, 60, NULL, NULL, NULL, '2025-11-25', NULL, 1),
(855, 44, 5, '2025-11-25 07:00:00', '2025-11-25 09:00:00', NULL, NULL, NULL, NULL, NULL, 60, 30, NULL, NULL, NULL, '2025-11-25', NULL, 1),
(856, 45, 2, '2025-11-25 07:00:00', '2025-11-25 10:00:00', NULL, NULL, NULL, NULL, NULL, 10, 10, NULL, NULL, NULL, '2025-11-25', NULL, 1),
(857, 46, 1, '2025-11-25 08:00:00', '2025-11-25 20:00:00', NULL, NULL, NULL, NULL, NULL, NULL, 10, NULL, NULL, NULL, '2025-11-25', NULL, 1),
(858, 47, 1, '2025-11-25 08:00:00', '2025-11-25 12:00:00', NULL, NULL, NULL, NULL, NULL, 0, 0, NULL, NULL, NULL, '2025-11-25', NULL, 1),
(859, 6, 5, '2025-11-25 21:00:00', '2025-11-26 00:00:00', NULL, NULL, NULL, NULL, NULL, 30, 30, NULL, NULL, NULL, '2025-11-25', NULL, 0),
(860, 7, 4, '2025-11-25 21:00:00', '2025-11-26 00:00:00', NULL, NULL, NULL, NULL, NULL, 30, 30, NULL, NULL, NULL, '2025-11-25', NULL, 0),
(861, 8, 4, '2025-11-25 20:00:00', '2025-11-26 06:00:00', NULL, NULL, NULL, NULL, NULL, 120, 60, NULL, NULL, NULL, '2025-11-25', NULL, 0),
(862, 9, 4, '2025-11-25 20:00:00', '2025-11-26 06:00:00', NULL, NULL, NULL, NULL, NULL, 120, 60, NULL, NULL, NULL, '2025-11-25', NULL, 0),
(863, 10, 4, '2025-11-25 20:00:00', '2025-11-26 06:00:00', NULL, NULL, NULL, NULL, NULL, 120, 60, NULL, NULL, NULL, '2025-11-25', NULL, 0),
(864, 11, 3, '2025-11-25 20:00:00', '2025-11-26 06:30:00', NULL, NULL, NULL, NULL, NULL, 120, 60, NULL, NULL, NULL, '2025-11-25', NULL, 0),
(865, 12, 3, '2025-12-03 16:30:00', '2025-12-03 20:07:40', NULL, NULL, NULL, NULL, NULL, 120, 60, NULL, NULL, NULL, '2025-11-25', NULL, 0),
(866, 13, 3, '2025-11-25 20:00:00', '2025-11-26 08:00:00', NULL, NULL, NULL, NULL, NULL, NULL, 10, NULL, NULL, NULL, '2025-11-25', NULL, 0),
(867, 14, 6, '2025-12-03 17:40:00', '2025-12-03 20:07:40', NULL, NULL, NULL, NULL, NULL, 20, 30, NULL, NULL, NULL, '2025-11-25', NULL, 0),
(868, 15, 3, '2025-12-03 19:37:40', '2025-12-03 21:00:20', NULL, NULL, NULL, NULL, NULL, NULL, 10, NULL, NULL, NULL, '2025-11-25', NULL, 0),
(869, 16, 4, '2025-12-03 19:37:40', '2025-12-03 21:30:20', NULL, NULL, NULL, NULL, NULL, NULL, 10, NULL, NULL, NULL, '2025-11-25', NULL, 0),
(870, 17, 6, '2025-11-25 20:00:00', '2025-11-26 08:00:00', NULL, NULL, NULL, NULL, NULL, 20, 30, NULL, NULL, NULL, '2025-11-25', NULL, 0),
(871, 18, 12, '2025-11-25 20:00:00', '2025-11-26 08:00:00', NULL, NULL, NULL, NULL, NULL, 20, 30, NULL, NULL, NULL, '2025-11-25', NULL, 0),
(872, 19, 3, '2025-11-25 20:00:00', '2025-11-26 08:00:00', NULL, NULL, NULL, NULL, NULL, NULL, 10, NULL, NULL, NULL, '2025-11-25', NULL, 0),
(873, 20, 7, '2025-11-25 21:30:00', '2025-11-26 08:00:00', NULL, NULL, NULL, NULL, NULL, 5, 30, NULL, NULL, NULL, '2025-11-25', NULL, 0),
(874, 21, 4, '2025-11-25 21:30:00', '2025-11-26 08:00:00', NULL, NULL, NULL, NULL, NULL, NULL, 10, NULL, NULL, NULL, '2025-11-25', NULL, 0),
(875, 22, 4, '2025-11-25 21:30:00', '2025-11-26 08:00:00', NULL, NULL, NULL, NULL, NULL, NULL, 10, NULL, NULL, NULL, '2025-11-25', NULL, 0),
(876, 23, 4, '2025-11-25 21:30:00', '2025-11-26 08:00:00', NULL, NULL, NULL, NULL, NULL, NULL, 10, NULL, NULL, NULL, '2025-11-25', NULL, 0),
(877, 24, 5, '2025-11-25 21:30:00', '2025-11-26 08:00:00', NULL, NULL, NULL, NULL, NULL, 5, 30, NULL, NULL, NULL, '2025-11-25', NULL, 0),
(878, 25, 12, '2025-11-25 21:30:00', '2025-11-26 08:00:00', NULL, NULL, NULL, NULL, NULL, 5, 15, NULL, NULL, NULL, '2025-11-25', NULL, 0),
(879, 26, 4, '2025-11-25 21:30:00', '2025-11-26 08:00:00', NULL, NULL, NULL, NULL, NULL, NULL, 10, NULL, NULL, NULL, '2025-11-25', NULL, 0),
(880, 27, 4, '2025-11-25 21:30:00', '2025-11-26 08:00:00', NULL, NULL, NULL, NULL, NULL, NULL, 10, NULL, NULL, NULL, '2025-11-25', NULL, 0),
(881, 28, 4, '2025-11-25 21:30:00', '2025-11-26 08:00:00', NULL, NULL, NULL, NULL, NULL, NULL, 10, NULL, NULL, NULL, '2025-11-25', NULL, 0),
(882, 29, 2, '2025-11-25 21:30:00', '2025-11-26 08:00:00', NULL, NULL, NULL, NULL, NULL, NULL, 10, NULL, NULL, NULL, '2025-11-25', NULL, 0),
(883, 30, 2, '2025-11-25 21:30:00', '2025-11-26 08:00:00', NULL, NULL, NULL, NULL, NULL, NULL, 10, NULL, NULL, NULL, '2025-11-25', NULL, 0),
(884, 31, 3, '2025-11-25 20:00:00', '2025-11-26 08:00:00', NULL, NULL, NULL, NULL, NULL, 30, 30, NULL, NULL, NULL, '2025-11-25', NULL, 0),
(885, 32, 3, '2025-11-25 20:00:00', '2025-11-26 08:00:00', NULL, NULL, NULL, NULL, NULL, NULL, 10, NULL, NULL, NULL, '2025-11-25', NULL, 0),
(886, 33, 3, '2025-11-25 20:00:00', '2025-11-26 00:00:00', NULL, NULL, NULL, NULL, NULL, 0, 10, NULL, NULL, NULL, '2025-11-25', NULL, 0),
(887, 34, 2, '2025-11-25 20:00:00', '2025-11-26 00:00:00', NULL, NULL, NULL, NULL, NULL, 10, 10, NULL, NULL, NULL, '2025-11-25', NULL, 0),
(888, 36, 1, '2025-11-25 20:00:00', '2025-11-25 21:00:00', NULL, NULL, NULL, NULL, NULL, NULL, 10, NULL, NULL, NULL, '2025-11-25', NULL, 0),
(889, 37, 1, '2025-11-25 20:00:00', '2025-11-25 22:00:00', NULL, NULL, NULL, NULL, NULL, NULL, 10, NULL, NULL, NULL, '2025-11-25', NULL, 0),
(890, 40, 1, '2025-11-25 20:00:00', '2025-11-26 00:00:00', NULL, NULL, NULL, NULL, NULL, 0, 0, NULL, NULL, NULL, '2025-11-25', NULL, 0),
(891, 41, 12, '2025-11-25 20:00:00', '2025-11-26 08:00:00', NULL, NULL, NULL, NULL, NULL, 20, 30, NULL, NULL, NULL, '2025-11-25', NULL, 0),
(892, 42, 1, '2025-11-25 20:00:00', '2025-11-26 08:00:00', NULL, NULL, NULL, NULL, NULL, NULL, 10, NULL, NULL, NULL, '2025-11-25', NULL, 0),
(893, 43, 3, '2025-11-25 20:00:00', '2025-11-25 21:00:00', NULL, NULL, NULL, NULL, NULL, NULL, 60, NULL, NULL, NULL, '2025-11-25', NULL, 0),
(894, 44, 5, '2025-11-25 19:00:00', '2025-11-25 21:00:00', NULL, NULL, NULL, NULL, NULL, 60, 30, NULL, NULL, NULL, '2025-11-25', NULL, 0),
(895, 45, 2, '2025-11-25 19:00:00', '2025-11-25 22:00:00', NULL, NULL, NULL, NULL, NULL, 10, 10, NULL, NULL, NULL, '2025-11-25', NULL, 0),
(896, 46, 1, '2025-11-25 20:00:00', '2025-11-26 08:00:00', NULL, NULL, NULL, NULL, NULL, NULL, 10, NULL, NULL, NULL, '2025-11-25', NULL, 0),
(897, 47, 1, '2025-11-25 20:00:00', '2025-11-26 00:00:00', NULL, NULL, NULL, NULL, NULL, 0, 0, NULL, NULL, NULL, '2025-11-25', NULL, 0),
(898, 6, 5, '2025-12-01 21:00:00', '2025-12-02 00:00:00', NULL, NULL, NULL, NULL, NULL, 30, 30, NULL, NULL, NULL, '2025-12-01', NULL, 0),
(899, 7, 4, '2025-12-01 21:00:00', '2025-12-02 00:00:00', NULL, NULL, NULL, NULL, NULL, 30, 30, NULL, NULL, NULL, '2025-12-01', NULL, 0),
(900, 8, 4, '2025-12-01 20:00:00', '2025-12-02 06:00:00', NULL, NULL, NULL, NULL, NULL, 120, 60, NULL, NULL, NULL, '2025-12-01', NULL, 0),
(901, 9, 4, '2025-12-01 20:00:00', '2025-12-02 06:00:00', NULL, NULL, NULL, NULL, NULL, 120, 60, NULL, NULL, NULL, '2025-12-01', NULL, 0),
(902, 10, 4, '2025-12-01 20:00:00', '2025-12-02 06:00:00', NULL, NULL, NULL, NULL, NULL, 120, 60, NULL, NULL, NULL, '2025-12-01', NULL, 0),
(903, 11, 3, '2025-12-01 20:00:00', '2025-12-02 06:30:00', NULL, NULL, NULL, NULL, NULL, 120, 60, NULL, NULL, NULL, '2025-12-01', NULL, 0),
(904, 12, 3, '2025-12-01 20:00:00', '2025-12-02 06:30:00', NULL, NULL, NULL, NULL, NULL, 120, 60, NULL, NULL, NULL, '2025-12-01', NULL, 0),
(905, 13, 3, '2025-12-01 20:00:00', '2025-12-02 08:00:00', NULL, NULL, NULL, NULL, NULL, NULL, 10, NULL, NULL, NULL, '2025-12-01', NULL, 0),
(906, 14, 6, '2025-12-01 20:00:00', '2025-12-02 08:00:00', NULL, NULL, NULL, NULL, NULL, 20, 30, NULL, NULL, NULL, '2025-12-01', NULL, 0),
(907, 15, 3, '2025-12-01 20:00:00', '2025-12-02 08:00:00', NULL, NULL, NULL, NULL, NULL, NULL, 10, NULL, NULL, NULL, '2025-12-01', NULL, 0),
(908, 16, 4, '2025-12-01 20:00:00', '2025-12-02 08:00:00', NULL, NULL, NULL, NULL, NULL, NULL, 10, NULL, NULL, NULL, '2025-12-01', NULL, 0),
(909, 17, 6, '2025-12-01 20:00:00', '2025-12-02 08:00:00', NULL, NULL, NULL, NULL, NULL, 20, 30, NULL, NULL, NULL, '2025-12-01', NULL, 0),
(910, 18, 12, '2025-12-01 20:00:00', '2025-12-02 08:00:00', NULL, NULL, NULL, NULL, NULL, 20, 30, NULL, NULL, NULL, '2025-12-01', NULL, 0),
(911, 19, 3, '2025-12-01 20:00:00', '2025-12-02 08:00:00', NULL, NULL, NULL, NULL, NULL, NULL, 10, NULL, NULL, NULL, '2025-12-01', NULL, 0),
(912, 20, 7, '2025-12-01 21:30:00', '2025-12-02 08:00:00', NULL, NULL, NULL, NULL, NULL, 5, 30, NULL, NULL, NULL, '2025-12-01', NULL, 0),
(913, 21, 4, '2025-12-01 21:30:00', '2025-12-02 08:00:00', NULL, NULL, NULL, NULL, NULL, NULL, 10, NULL, NULL, NULL, '2025-12-01', NULL, 0),
(914, 22, 4, '2025-12-01 21:30:00', '2025-12-02 08:00:00', NULL, NULL, NULL, NULL, NULL, NULL, 10, NULL, NULL, NULL, '2025-12-01', NULL, 0),
(915, 23, 4, '2025-12-01 21:30:00', '2025-12-02 08:00:00', NULL, NULL, NULL, NULL, NULL, NULL, 10, NULL, NULL, NULL, '2025-12-01', NULL, 0),
(916, 24, 5, '2025-12-01 21:30:00', '2025-12-02 08:00:00', NULL, NULL, NULL, NULL, NULL, 5, 30, NULL, NULL, NULL, '2025-12-01', NULL, 0),
(917, 25, 12, '2025-12-01 21:30:00', '2025-12-02 08:00:00', NULL, NULL, NULL, NULL, NULL, 5, 15, NULL, NULL, NULL, '2025-12-01', NULL, 0),
(918, 26, 4, '2025-12-01 21:30:00', '2025-12-02 08:00:00', NULL, NULL, NULL, NULL, NULL, NULL, 10, NULL, NULL, NULL, '2025-12-01', NULL, 0),
(919, 27, 4, '2025-12-01 21:30:00', '2025-12-02 08:00:00', NULL, NULL, NULL, NULL, NULL, NULL, 10, NULL, NULL, NULL, '2025-12-01', NULL, 0),
(920, 28, 4, '2025-12-01 21:30:00', '2025-12-02 08:00:00', NULL, NULL, NULL, NULL, NULL, NULL, 10, NULL, NULL, NULL, '2025-12-01', NULL, 0),
(921, 29, 2, '2025-12-01 21:30:00', '2025-12-02 08:00:00', NULL, NULL, NULL, NULL, NULL, NULL, 10, NULL, NULL, NULL, '2025-12-01', NULL, 0),
(922, 30, 2, '2025-12-01 21:30:00', '2025-12-02 08:00:00', NULL, NULL, NULL, NULL, NULL, NULL, 10, NULL, NULL, NULL, '2025-12-01', NULL, 0),
(923, 31, 3, '2025-12-01 20:00:00', '2025-12-02 08:00:00', NULL, NULL, NULL, NULL, NULL, 30, 30, NULL, NULL, NULL, '2025-12-01', NULL, 0),
(924, 32, 3, '2025-12-01 20:00:00', '2025-12-02 08:00:00', NULL, NULL, NULL, NULL, NULL, NULL, 10, NULL, NULL, NULL, '2025-12-01', NULL, 0),
(925, 33, 3, '2025-12-01 20:00:00', '2025-12-02 00:00:00', NULL, NULL, NULL, NULL, NULL, 0, 10, NULL, NULL, NULL, '2025-12-01', NULL, 0),
(926, 34, 2, '2025-12-01 20:00:00', '2025-12-02 00:00:00', NULL, NULL, NULL, NULL, NULL, 10, 10, NULL, NULL, NULL, '2025-12-01', NULL, 0),
(927, 36, 1, '2025-12-01 20:00:00', '2025-12-01 21:00:00', NULL, NULL, NULL, NULL, NULL, NULL, 10, NULL, NULL, NULL, '2025-12-01', NULL, 0),
(928, 37, 1, '2025-12-01 20:00:00', '2025-12-01 22:00:00', NULL, NULL, NULL, NULL, NULL, NULL, 10, NULL, NULL, NULL, '2025-12-01', NULL, 0),
(929, 40, 1, '2025-12-01 20:00:00', '2025-12-02 00:00:00', NULL, NULL, NULL, NULL, NULL, 0, 0, NULL, NULL, NULL, '2025-12-01', NULL, 0),
(930, 41, 12, '2025-12-01 20:00:00', '2025-12-02 08:00:00', NULL, NULL, NULL, NULL, NULL, 20, 30, NULL, NULL, NULL, '2025-12-01', NULL, 0),
(931, 42, 1, '2025-12-01 20:00:00', '2025-12-02 08:00:00', NULL, NULL, NULL, NULL, NULL, NULL, 10, NULL, NULL, NULL, '2025-12-01', NULL, 0),
(932, 43, 3, '2025-12-01 20:00:00', '2025-12-01 21:00:00', NULL, NULL, NULL, NULL, NULL, NULL, 60, NULL, NULL, NULL, '2025-12-01', NULL, 0),
(933, 44, 5, '2025-12-01 19:00:00', '2025-12-01 21:00:00', NULL, NULL, NULL, NULL, NULL, 60, 30, NULL, NULL, NULL, '2025-12-01', NULL, 0),
(934, 45, 2, '2025-12-01 19:00:00', '2025-12-01 22:00:00', NULL, NULL, NULL, NULL, NULL, 10, 10, NULL, NULL, NULL, '2025-12-01', NULL, 0),
(935, 46, 1, '2025-12-01 20:00:00', '2025-12-02 08:00:00', NULL, NULL, NULL, NULL, NULL, NULL, 10, NULL, NULL, NULL, '2025-12-01', NULL, 0),
(936, 47, 1, '2025-12-01 20:00:00', '2025-12-02 00:00:00', NULL, NULL, NULL, NULL, NULL, 0, 0, NULL, NULL, NULL, '2025-12-01', NULL, 0),
(937, 6, 5, '2025-12-02 18:30:00', '2025-12-02 05:30:00', NULL, NULL, NULL, NULL, NULL, 30, 30, NULL, NULL, NULL, '2025-12-02', NULL, 0),
(938, 7, 4, '2025-12-02 18:30:00', '2025-12-02 05:30:00', NULL, NULL, NULL, NULL, NULL, 30, 30, NULL, NULL, NULL, '2025-12-02', NULL, 0),
(939, 8, 4, '2025-12-02 18:30:00', '2025-12-02 05:30:00', NULL, NULL, NULL, NULL, NULL, 120, 60, NULL, NULL, NULL, '2025-12-02', NULL, 0),
(940, 9, 4, '2025-12-02 18:30:00', '2025-12-02 05:30:00', NULL, NULL, NULL, NULL, NULL, 120, 60, NULL, NULL, NULL, '2025-12-02', NULL, 0),
(941, 10, 4, '2025-12-02 18:30:00', '2025-12-02 05:30:00', NULL, NULL, NULL, NULL, NULL, 120, 60, NULL, NULL, NULL, '2025-12-02', NULL, 0),
(942, 11, 3, '2025-12-02 18:30:00', '2025-12-02 05:30:00', NULL, NULL, NULL, NULL, NULL, 120, 60, NULL, NULL, NULL, '2025-12-02', NULL, 0),
(943, 12, 3, '2025-12-02 18:30:00', '2025-12-02 05:30:00', NULL, NULL, NULL, NULL, NULL, 120, 60, NULL, NULL, NULL, '2025-12-02', NULL, 0),
(944, 13, 3, '2025-12-02 20:00:00', '2025-12-03 08:00:00', NULL, NULL, NULL, NULL, NULL, NULL, 10, NULL, NULL, NULL, '2025-12-02', NULL, 0),
(945, 14, 6, '2025-12-02 20:00:00', '2025-12-03 08:00:00', NULL, NULL, NULL, NULL, NULL, 20, 30, NULL, NULL, NULL, '2025-12-02', NULL, 0),
(946, 15, 3, '2025-12-02 20:00:00', '2025-12-03 08:00:00', NULL, NULL, NULL, NULL, NULL, NULL, 10, NULL, NULL, NULL, '2025-12-02', NULL, 0),
(947, 16, 4, '2025-12-02 20:00:00', '2025-12-03 08:00:00', NULL, NULL, NULL, NULL, NULL, NULL, 10, NULL, NULL, NULL, '2025-12-02', NULL, 0),
(948, 17, 6, '2025-12-02 20:00:00', '2025-12-03 08:00:00', NULL, NULL, NULL, NULL, NULL, 20, 30, NULL, NULL, NULL, '2025-12-02', NULL, 0),
(949, 18, 12, '2025-12-02 20:00:00', '2025-12-03 08:00:00', NULL, NULL, NULL, NULL, NULL, 20, 30, NULL, NULL, NULL, '2025-12-02', NULL, 0),
(950, 19, 3, '2025-12-02 20:00:00', '2025-12-03 08:00:00', NULL, NULL, NULL, NULL, NULL, NULL, 10, NULL, NULL, NULL, '2025-12-02', NULL, 0),
(951, 20, 7, '2025-12-02 20:00:00', '2025-12-03 08:00:00', NULL, NULL, NULL, NULL, NULL, 5, 30, NULL, NULL, NULL, '2025-12-02', NULL, 0),
(952, 21, 4, '2025-12-02 20:00:00', '2025-12-03 08:00:00', NULL, NULL, NULL, NULL, NULL, NULL, 10, NULL, NULL, NULL, '2025-12-02', NULL, 0),
(953, 22, 4, '2025-12-02 20:00:00', '2025-12-03 08:00:00', NULL, NULL, NULL, NULL, NULL, NULL, 10, NULL, NULL, NULL, '2025-12-02', NULL, 0),
(954, 23, 4, '2025-12-02 20:00:00', '2025-12-03 08:00:00', NULL, NULL, NULL, NULL, NULL, NULL, 10, NULL, NULL, NULL, '2025-12-02', NULL, 0),
(955, 24, 5, '2025-12-02 20:00:00', '2025-12-03 08:00:00', NULL, NULL, NULL, NULL, NULL, 5, 30, NULL, NULL, NULL, '2025-12-02', NULL, 0),
(956, 25, 12, '2025-12-02 20:00:00', '2025-12-03 08:00:00', NULL, NULL, NULL, NULL, NULL, 5, 15, NULL, NULL, NULL, '2025-12-02', NULL, 0),
(957, 26, 4, '2025-12-02 20:00:00', '2025-12-03 08:00:00', NULL, NULL, NULL, NULL, NULL, NULL, 10, NULL, NULL, NULL, '2025-12-02', NULL, 0),
(958, 27, 4, '2025-12-02 20:00:00', '2025-12-03 08:00:00', NULL, NULL, NULL, NULL, NULL, NULL, 10, NULL, NULL, NULL, '2025-12-02', NULL, 0),
(959, 28, 4, '2025-12-02 20:00:00', '2025-12-03 08:00:00', NULL, NULL, NULL, NULL, NULL, NULL, 10, NULL, NULL, NULL, '2025-12-02', NULL, 0),
(960, 29, 2, '2025-12-02 20:00:00', '2025-12-03 08:00:00', NULL, NULL, NULL, NULL, NULL, NULL, 10, NULL, NULL, NULL, '2025-12-02', NULL, 0),
(961, 30, 2, '2025-12-02 20:00:00', '2025-12-03 08:00:00', NULL, NULL, NULL, NULL, NULL, NULL, 10, NULL, NULL, NULL, '2025-12-02', NULL, 0),
(962, 31, 3, '2025-12-02 20:00:00', '2025-12-03 08:00:00', NULL, NULL, NULL, NULL, NULL, 30, 30, NULL, NULL, NULL, '2025-12-02', NULL, 0),
(963, 32, 3, '2025-12-02 20:00:00', '2025-12-03 08:00:00', NULL, NULL, NULL, NULL, NULL, NULL, 10, NULL, NULL, NULL, '2025-12-02', NULL, 0),
(964, 33, 3, '2025-12-02 20:00:00', '2025-12-03 08:00:00', NULL, NULL, NULL, NULL, NULL, 0, 10, NULL, NULL, NULL, '2025-12-02', NULL, 0),
(965, 34, 2, '2025-12-02 20:00:00', '2025-12-03 08:00:00', NULL, NULL, NULL, NULL, NULL, 10, 10, NULL, NULL, NULL, '2025-12-02', NULL, 0),
(966, 36, 1, '2025-12-02 20:00:00', '2025-12-03 08:00:00', NULL, NULL, NULL, NULL, NULL, NULL, 10, NULL, NULL, NULL, '2025-12-02', NULL, 0),
(967, 37, 1, '2025-12-02 20:00:00', '2025-12-03 08:00:00', NULL, NULL, NULL, NULL, NULL, NULL, 10, NULL, NULL, NULL, '2025-12-02', NULL, 0),
(968, 40, 1, '2025-12-02 20:00:00', '2025-12-03 08:00:00', NULL, NULL, NULL, NULL, NULL, 0, 0, NULL, NULL, NULL, '2025-12-02', NULL, 0),
(969, 41, 12, '2025-12-02 20:00:00', '2025-12-03 08:00:00', NULL, NULL, NULL, NULL, NULL, 20, 30, NULL, NULL, NULL, '2025-12-02', NULL, 0),
(970, 42, 1, '2025-12-02 20:00:00', '2025-12-03 08:00:00', NULL, NULL, NULL, NULL, NULL, NULL, 10, NULL, NULL, NULL, '2025-12-02', NULL, 0),
(971, 43, 3, '2025-12-02 18:30:00', '2025-12-02 05:30:00', NULL, NULL, NULL, NULL, NULL, NULL, 60, NULL, NULL, NULL, '2025-12-02', NULL, 0),
(972, 44, 5, '2025-12-02 18:30:00', '2025-12-02 05:30:00', NULL, NULL, NULL, NULL, NULL, 60, 30, NULL, NULL, NULL, '2025-12-02', NULL, 0),
(973, 45, 2, '2025-12-02 18:30:00', '2025-12-02 05:30:00', NULL, NULL, NULL, NULL, NULL, 10, 10, NULL, NULL, NULL, '2025-12-02', NULL, 0),
(974, 46, 1, '2025-12-02 20:00:00', '2025-12-03 08:00:00', NULL, NULL, NULL, NULL, NULL, NULL, 10, NULL, NULL, NULL, '2025-12-02', NULL, 0),
(975, 47, 1, '2025-12-02 18:30:00', '2025-12-02 05:30:00', NULL, NULL, NULL, NULL, NULL, 0, 0, NULL, NULL, NULL, '2025-12-02', NULL, 0),
(976, 6, 5, '2025-12-15 18:30:00', '2025-12-15 05:30:00', NULL, NULL, NULL, NULL, NULL, 30, 30, NULL, NULL, NULL, '2025-12-15', NULL, 0),
(977, 7, 4, '2025-12-15 18:30:00', '2025-12-15 05:30:00', NULL, NULL, NULL, NULL, NULL, 30, 30, NULL, NULL, NULL, '2025-12-15', NULL, 0),
(978, 8, 4, '2025-12-16 16:00:00', '2025-12-25 15:39:24', NULL, NULL, NULL, NULL, NULL, 120, 60, NULL, NULL, NULL, '2025-12-15', NULL, 0),
(979, 9, 4, '2025-12-17 16:30:00', '2025-12-17 20:07:41', NULL, NULL, NULL, NULL, NULL, 120, 60, NULL, NULL, NULL, '2025-12-15', NULL, 0),
(980, 10, 4, '2025-12-15 18:30:00', '2025-12-15 05:30:00', NULL, NULL, NULL, NULL, NULL, 120, 60, NULL, NULL, NULL, '2025-12-15', NULL, 0),
(981, 11, 3, '2025-12-22 15:00:00', '2025-12-22 22:15:52', NULL, NULL, NULL, NULL, NULL, 120, 60, NULL, NULL, NULL, '2025-12-15', NULL, 0),
(982, 12, 3, '2025-12-15 16:30:00', '2025-12-15 20:58:18', NULL, NULL, NULL, NULL, NULL, 120, 60, NULL, NULL, NULL, '2025-12-15', NULL, 0),
(983, 13, 3, '2025-12-22 20:55:21', '2025-12-22 22:37:58', NULL, NULL, NULL, NULL, NULL, NULL, 10, NULL, NULL, NULL, '2025-12-15', NULL, 0),
(984, 14, 6, '2025-12-22 19:10:00', '2025-12-22 21:09:52', NULL, NULL, NULL, NULL, NULL, 20, 30, NULL, NULL, NULL, '2025-12-15', NULL, 0),
(985, 15, 3, '2025-12-22 20:39:52', '2025-12-22 22:29:44', NULL, NULL, NULL, NULL, NULL, NULL, 10, NULL, NULL, NULL, '2025-12-15', NULL, 0),
(986, 16, 4, '2025-12-15 19:37:03', '2025-12-15 20:54:06', NULL, NULL, NULL, NULL, NULL, NULL, 10, NULL, NULL, NULL, '2025-12-15', NULL, 0),
(987, 17, 6, '2025-12-16 18:10:00', '2025-12-25 15:39:24', NULL, NULL, NULL, NULL, NULL, 20, 30, NULL, NULL, NULL, '2025-12-15', NULL, 0),
(988, 18, 12, '2025-12-15 20:00:00', '2025-12-16 08:00:00', NULL, NULL, NULL, NULL, NULL, 20, 30, NULL, NULL, NULL, '2025-12-15', NULL, 0),
(989, 19, 3, '2025-12-25 15:09:24', '2026-01-03 12:28:48', NULL, NULL, NULL, NULL, NULL, NULL, 10, NULL, NULL, NULL, '2025-12-15', NULL, 0),
(990, 20, 7, '2025-12-22 20:30:52', '2025-12-22 22:17:17', NULL, NULL, NULL, NULL, NULL, 5, 30, NULL, NULL, NULL, '2025-12-15', NULL, 0),
(991, 21, 4, '2025-12-17 21:11:12', '2025-12-17 23:50:00', NULL, NULL, NULL, NULL, NULL, NULL, 10, NULL, NULL, NULL, '2025-12-15', NULL, 0),
(992, 22, 4, '2025-12-15 20:00:00', '2025-12-16 08:00:00', NULL, NULL, NULL, NULL, NULL, NULL, 10, NULL, NULL, NULL, '2025-12-15', NULL, 0),
(993, 23, 4, '2025-12-15 20:00:00', '2025-12-16 08:00:00', NULL, NULL, NULL, NULL, NULL, NULL, 10, NULL, NULL, NULL, '2025-12-15', NULL, 0),
(994, 24, 5, '2025-12-15 20:00:00', '2025-12-16 08:00:00', NULL, NULL, NULL, NULL, NULL, 5, 30, NULL, NULL, NULL, '2025-12-15', NULL, 0),
(995, 25, 12, '2025-12-15 20:00:00', '2025-12-16 08:00:00', NULL, NULL, NULL, NULL, NULL, 5, 15, NULL, NULL, NULL, '2025-12-15', NULL, 0),
(996, 26, 4, '2025-12-15 20:00:00', '2025-12-16 08:00:00', NULL, NULL, NULL, NULL, NULL, NULL, 10, NULL, NULL, NULL, '2025-12-15', NULL, 0),
(997, 27, 4, '2025-12-15 20:00:00', '2025-12-16 08:00:00', NULL, NULL, NULL, NULL, NULL, NULL, 10, NULL, NULL, NULL, '2025-12-15', NULL, 0),
(998, 28, 4, '2025-12-15 20:00:00', '2025-12-16 08:00:00', NULL, NULL, NULL, NULL, NULL, NULL, 10, NULL, NULL, NULL, '2025-12-15', NULL, 0),
(999, 29, 2, '2025-12-15 21:23:54', '2025-12-15 22:08:11', NULL, NULL, NULL, NULL, NULL, NULL, 10, NULL, NULL, NULL, '2025-12-15', NULL, 0),
(1000, 30, 2, '2025-12-15 20:00:00', '2025-12-16 08:00:00', NULL, NULL, NULL, NULL, NULL, NULL, 10, NULL, NULL, NULL, '2025-12-15', NULL, 0),
(1001, 31, 3, '2025-12-15 20:00:00', '2025-12-16 08:00:00', NULL, NULL, NULL, NULL, NULL, 30, 30, NULL, NULL, NULL, '2025-12-15', NULL, 0),
(1002, 32, 3, '2025-12-15 20:00:00', '2025-12-16 08:00:00', NULL, NULL, NULL, NULL, NULL, NULL, 10, NULL, NULL, NULL, '2025-12-15', NULL, 0),
(1003, 33, 3, '2025-12-15 20:00:00', '2025-12-16 08:00:00', NULL, NULL, NULL, NULL, NULL, 0, 10, NULL, NULL, NULL, '2025-12-15', NULL, 0),
(1004, 34, 2, '2025-12-15 20:00:00', '2025-12-16 08:00:00', NULL, NULL, NULL, NULL, NULL, 10, 10, NULL, NULL, NULL, '2025-12-15', NULL, 0),
(1005, 36, 1, '2025-12-15 20:00:00', '2025-12-16 08:00:00', NULL, NULL, NULL, NULL, NULL, NULL, 10, NULL, NULL, NULL, '2025-12-15', NULL, 0),
(1006, 37, 1, '2025-12-22 21:47:17', '2031-02-09 22:12:17', NULL, NULL, NULL, NULL, NULL, NULL, 10, NULL, NULL, NULL, '2025-12-15', NULL, 0),
(1007, 40, 1, '2025-12-15 20:00:00', '2025-12-16 08:00:00', NULL, NULL, NULL, NULL, NULL, 0, 0, NULL, NULL, NULL, '2025-12-15', NULL, 0),
(1008, 41, 12, '2025-12-15 20:00:00', '2025-12-16 08:00:00', NULL, NULL, NULL, NULL, NULL, 20, 30, NULL, NULL, NULL, '2025-12-15', NULL, 0),
(1009, 42, 1, '2025-12-15 20:00:00', '2025-12-16 08:00:00', NULL, NULL, NULL, NULL, NULL, NULL, 10, NULL, NULL, NULL, '2025-12-15', NULL, 0),
(1010, 43, 3, '2025-12-15 18:30:00', '2025-12-15 05:30:00', NULL, NULL, NULL, NULL, NULL, NULL, 60, NULL, NULL, NULL, '2025-12-15', NULL, 0),
(1011, 44, 5, '2025-12-15 18:30:00', '2025-12-15 05:30:00', NULL, NULL, NULL, NULL, NULL, 60, 30, NULL, NULL, NULL, '2025-12-15', NULL, 0),
(1012, 45, 2, '2025-12-15 18:30:00', '2025-12-15 05:30:00', NULL, NULL, NULL, NULL, NULL, 10, 10, NULL, NULL, NULL, '2025-12-15', NULL, 0),
(1013, 46, 1, '2025-12-15 20:00:00', '2025-12-16 08:00:00', NULL, NULL, NULL, NULL, NULL, NULL, 10, NULL, NULL, NULL, '2025-12-15', NULL, 0),
(1014, 47, 1, '2025-12-15 18:30:00', '2025-12-15 05:30:00', NULL, NULL, NULL, NULL, NULL, 0, 0, NULL, NULL, NULL, '2025-12-15', NULL, 0),
(1015, 6, 5, '2025-12-22 07:45:00', '2025-12-22 18:30:00', NULL, NULL, NULL, NULL, NULL, 30, 30, NULL, NULL, NULL, '2025-12-22', NULL, 1),
(1016, 7, 4, '2025-12-22 07:45:00', '2025-12-22 18:30:00', NULL, NULL, NULL, NULL, NULL, 30, 30, NULL, NULL, NULL, '2025-12-22', NULL, 1),
(1017, 8, 4, '2025-12-22 07:45:00', '2025-12-22 18:30:00', NULL, NULL, NULL, NULL, NULL, 120, 60, NULL, NULL, NULL, '2025-12-22', NULL, 1),
(1018, 9, 4, '2025-12-22 07:45:00', '2025-12-22 18:30:00', NULL, NULL, NULL, NULL, NULL, 120, 60, NULL, NULL, NULL, '2025-12-22', NULL, 1),
(1019, 10, 4, '2025-12-22 07:45:00', '2025-12-22 18:30:00', NULL, NULL, NULL, NULL, NULL, 120, 60, NULL, NULL, NULL, '2025-12-22', NULL, 1),
(1020, 11, 3, '2025-12-22 07:45:00', '2025-12-22 18:30:00', NULL, NULL, NULL, NULL, NULL, 120, 60, NULL, NULL, NULL, '2025-12-22', NULL, 1),
(1021, 12, 3, '2025-12-22 07:45:00', '2025-12-22 18:30:00', NULL, NULL, NULL, NULL, NULL, 120, 60, NULL, NULL, NULL, '2025-12-22', NULL, 1),
(1022, 13, 3, '2025-12-22 08:00:00', '2025-12-22 20:00:00', NULL, NULL, NULL, NULL, NULL, NULL, 10, NULL, NULL, NULL, '2025-12-22', NULL, 1),
(1023, 14, 6, '2025-12-22 08:00:00', '2025-12-22 20:00:00', NULL, NULL, NULL, NULL, NULL, 20, 30, NULL, NULL, NULL, '2025-12-22', NULL, 1),
(1024, 15, 3, '2025-12-22 08:00:00', '2025-12-22 20:00:00', NULL, NULL, NULL, NULL, NULL, NULL, 10, NULL, NULL, NULL, '2025-12-22', NULL, 1),
(1025, 16, 4, '2025-12-22 08:00:00', '2025-12-22 20:00:00', NULL, NULL, NULL, NULL, NULL, NULL, 10, NULL, NULL, NULL, '2025-12-22', NULL, 1),
(1026, 17, 6, '2025-12-22 08:00:00', '2025-12-22 20:00:00', NULL, NULL, NULL, NULL, NULL, 20, 30, NULL, NULL, NULL, '2025-12-22', NULL, 1),
(1027, 18, 12, '2025-12-22 08:00:00', '2025-12-22 20:00:00', NULL, NULL, NULL, NULL, NULL, 20, 30, NULL, NULL, NULL, '2025-12-22', NULL, 1),
(1028, 19, 3, '2025-12-22 08:00:00', '2025-12-22 20:00:00', NULL, NULL, NULL, NULL, NULL, NULL, 10, NULL, NULL, NULL, '2025-12-22', NULL, 1),
(1029, 20, 7, '2025-12-22 08:00:00', '2025-12-22 20:00:00', NULL, NULL, NULL, NULL, NULL, 5, 30, NULL, NULL, NULL, '2025-12-22', NULL, 1),
(1030, 21, 4, '2025-12-22 08:00:00', '2025-12-22 20:00:00', NULL, NULL, NULL, NULL, NULL, NULL, 10, NULL, NULL, NULL, '2025-12-22', NULL, 1),
(1031, 22, 4, '2025-12-22 08:00:00', '2025-12-22 20:00:00', NULL, NULL, NULL, NULL, NULL, NULL, 10, NULL, NULL, NULL, '2025-12-22', NULL, 1),
(1032, 23, 4, '2025-12-22 08:00:00', '2025-12-22 20:00:00', NULL, NULL, NULL, NULL, NULL, NULL, 10, NULL, NULL, NULL, '2025-12-22', NULL, 1),
(1033, 24, 5, '2025-12-22 08:00:00', '2025-12-22 20:00:00', NULL, NULL, NULL, NULL, NULL, 5, 30, NULL, NULL, NULL, '2025-12-22', NULL, 1),
(1034, 25, 12, '2025-12-22 08:00:00', '2025-12-22 20:00:00', NULL, NULL, NULL, NULL, NULL, 5, 15, NULL, NULL, NULL, '2025-12-22', NULL, 1),
(1035, 26, 4, '2025-12-22 08:00:00', '2025-12-22 20:00:00', NULL, NULL, NULL, NULL, NULL, NULL, 10, NULL, NULL, NULL, '2025-12-22', NULL, 1),
(1036, 27, 4, '2025-12-22 08:00:00', '2025-12-22 20:00:00', NULL, NULL, NULL, NULL, NULL, NULL, 10, NULL, NULL, NULL, '2025-12-22', NULL, 1),
(1037, 28, 4, '2025-12-22 08:00:00', '2025-12-22 20:00:00', NULL, NULL, NULL, NULL, NULL, NULL, 10, NULL, NULL, NULL, '2025-12-22', NULL, 1),
(1038, 29, 2, '2025-12-22 08:00:00', '2025-12-22 20:00:00', NULL, NULL, NULL, NULL, NULL, NULL, 10, NULL, NULL, NULL, '2025-12-22', NULL, 1),
(1039, 30, 2, '2025-12-22 08:00:00', '2025-12-22 20:00:00', NULL, NULL, NULL, NULL, NULL, NULL, 10, NULL, NULL, NULL, '2025-12-22', NULL, 1),
(1040, 31, 3, '2025-12-22 08:00:00', '2025-12-22 20:00:00', NULL, NULL, NULL, NULL, NULL, 30, 30, NULL, NULL, NULL, '2025-12-22', NULL, 1),
(1041, 32, 3, '2025-12-22 08:00:00', '2025-12-22 20:00:00', NULL, NULL, NULL, NULL, NULL, NULL, 10, NULL, NULL, NULL, '2025-12-22', NULL, 1),
(1042, 33, 3, '2025-12-22 08:00:00', '2025-12-22 20:00:00', NULL, NULL, NULL, NULL, NULL, 0, 10, NULL, NULL, NULL, '2025-12-22', NULL, 1),
(1043, 34, 2, '2025-12-22 08:00:00', '2025-12-22 20:00:00', NULL, NULL, NULL, NULL, NULL, 10, 10, NULL, NULL, NULL, '2025-12-22', NULL, 1),
(1044, 36, 1, '2025-12-22 08:00:00', '2025-12-22 20:00:00', NULL, NULL, NULL, NULL, NULL, NULL, 10, NULL, NULL, NULL, '2025-12-22', NULL, 1),
(1045, 37, 1, '2025-12-22 08:00:00', '2025-12-22 20:00:00', NULL, NULL, NULL, NULL, NULL, NULL, 10, NULL, NULL, NULL, '2025-12-22', NULL, 1),
(1046, 40, 1, '2025-12-22 08:00:00', '2025-12-22 20:00:00', NULL, NULL, NULL, NULL, NULL, 0, 0, NULL, NULL, NULL, '2025-12-22', NULL, 1),
(1047, 41, 12, '2025-12-22 08:00:00', '2025-12-22 20:00:00', NULL, NULL, NULL, NULL, NULL, 20, 30, NULL, NULL, NULL, '2025-12-22', NULL, 1),
(1048, 42, 1, '2025-12-22 08:00:00', '2025-12-22 20:00:00', NULL, NULL, NULL, NULL, NULL, NULL, 10, NULL, NULL, NULL, '2025-12-22', NULL, 1),
(1049, 43, 3, '2025-12-22 07:45:00', '2025-12-22 18:30:00', NULL, NULL, NULL, NULL, NULL, NULL, 60, NULL, NULL, NULL, '2025-12-22', NULL, 1),
(1050, 44, 5, '2025-12-22 07:45:00', '2025-12-22 18:30:00', NULL, NULL, NULL, NULL, NULL, 60, 30, NULL, NULL, NULL, '2025-12-22', NULL, 1),
(1051, 45, 2, '2025-12-22 07:45:00', '2025-12-22 18:30:00', NULL, NULL, NULL, NULL, NULL, 10, 10, NULL, NULL, NULL, '2025-12-22', NULL, 1),
(1052, 46, 1, '2025-12-22 08:00:00', '2025-12-22 20:00:00', NULL, NULL, NULL, NULL, NULL, NULL, 10, NULL, NULL, NULL, '2025-12-22', NULL, 1),
(1053, 47, 1, '2025-12-22 07:45:00', '2025-12-22 18:30:00', NULL, NULL, NULL, NULL, NULL, 0, 0, NULL, NULL, NULL, '2025-12-22', NULL, 1),
(1054, 6, 5, '2025-12-25 18:30:00', '2025-12-25 05:30:00', NULL, NULL, NULL, NULL, NULL, 30, 30, NULL, NULL, NULL, '2025-12-25', NULL, 0),
(1055, 7, 4, '2025-12-25 18:30:00', '2025-12-25 05:30:00', NULL, NULL, NULL, NULL, NULL, 30, 30, NULL, NULL, NULL, '2025-12-25', NULL, 0),
(1056, 8, 4, '2025-12-25 18:30:00', '2025-12-25 05:30:00', NULL, NULL, NULL, NULL, NULL, 120, 60, NULL, NULL, NULL, '2025-12-25', NULL, 0),
(1057, 9, 4, '2025-12-25 18:30:00', '2025-12-25 05:30:00', NULL, NULL, NULL, NULL, NULL, 120, 60, NULL, NULL, NULL, '2025-12-25', NULL, 0),
(1058, 10, 4, '2025-12-25 18:30:00', '2025-12-25 05:30:00', NULL, NULL, NULL, NULL, NULL, 120, 60, NULL, NULL, NULL, '2025-12-25', NULL, 0),
(1059, 11, 3, '2025-12-25 18:30:00', '2025-12-25 05:30:00', NULL, NULL, NULL, NULL, NULL, 120, 60, NULL, NULL, NULL, '2025-12-25', NULL, 0),
(1060, 12, 3, '2025-12-25 18:30:00', '2025-12-25 05:30:00', NULL, NULL, NULL, NULL, NULL, 120, 60, NULL, NULL, NULL, '2025-12-25', NULL, 0),
(1061, 13, 3, '2025-12-25 20:00:00', '2025-12-26 08:00:00', NULL, NULL, NULL, NULL, NULL, NULL, 10, NULL, NULL, NULL, '2025-12-25', NULL, 0),
(1062, 14, 6, '2025-12-25 20:00:00', '2025-12-26 08:00:00', NULL, NULL, NULL, NULL, NULL, 20, 30, NULL, NULL, NULL, '2025-12-25', NULL, 0),
(1063, 15, 3, '2025-12-25 20:00:00', '2025-12-26 08:00:00', NULL, NULL, NULL, NULL, NULL, NULL, 10, NULL, NULL, NULL, '2025-12-25', NULL, 0),
(1064, 16, 4, '2025-12-25 20:00:00', '2025-12-26 08:00:00', NULL, NULL, NULL, NULL, NULL, NULL, 10, NULL, NULL, NULL, '2025-12-25', NULL, 0),
(1065, 17, 6, '2025-12-25 20:00:00', '2025-12-26 08:00:00', NULL, NULL, NULL, NULL, NULL, 20, 30, NULL, NULL, NULL, '2025-12-25', NULL, 0),
(1066, 18, 12, '2025-12-25 20:00:00', '2025-12-26 08:00:00', NULL, NULL, NULL, NULL, NULL, 20, 30, NULL, NULL, NULL, '2025-12-25', NULL, 0),
(1067, 19, 3, '2025-12-25 20:00:00', '2025-12-26 08:00:00', NULL, NULL, NULL, NULL, NULL, NULL, 10, NULL, NULL, NULL, '2025-12-25', NULL, 0),
(1068, 20, 7, '2025-12-25 20:00:00', '2025-12-26 08:00:00', NULL, NULL, NULL, NULL, NULL, 5, 30, NULL, NULL, NULL, '2025-12-25', NULL, 0),
(1069, 21, 4, '2025-12-25 20:00:00', '2025-12-26 08:00:00', NULL, NULL, NULL, NULL, NULL, NULL, 10, NULL, NULL, NULL, '2025-12-25', NULL, 0),
(1070, 22, 4, '2025-12-25 20:00:00', '2025-12-26 08:00:00', NULL, NULL, NULL, NULL, NULL, NULL, 10, NULL, NULL, NULL, '2025-12-25', NULL, 0),
(1071, 23, 4, '2025-12-25 20:00:00', '2025-12-26 08:00:00', NULL, NULL, NULL, NULL, NULL, NULL, 10, NULL, NULL, NULL, '2025-12-25', NULL, 0),
(1072, 24, 5, '2025-12-25 20:00:00', '2025-12-26 08:00:00', NULL, NULL, NULL, NULL, NULL, 5, 30, NULL, NULL, NULL, '2025-12-25', NULL, 0),
(1073, 25, 12, '2025-12-25 20:00:00', '2025-12-26 08:00:00', NULL, NULL, NULL, NULL, NULL, 5, 15, NULL, NULL, NULL, '2025-12-25', NULL, 0),
(1074, 26, 4, '2025-12-25 20:00:00', '2025-12-26 08:00:00', NULL, NULL, NULL, NULL, NULL, NULL, 10, NULL, NULL, NULL, '2025-12-25', NULL, 0),
(1075, 27, 4, '2025-12-25 20:00:00', '2025-12-26 08:00:00', NULL, NULL, NULL, NULL, NULL, NULL, 10, NULL, NULL, NULL, '2025-12-25', NULL, 0),
(1076, 28, 4, '2025-12-25 20:00:00', '2025-12-26 08:00:00', NULL, NULL, NULL, NULL, NULL, NULL, 10, NULL, NULL, NULL, '2025-12-25', NULL, 0),
(1077, 29, 2, '2025-12-25 20:00:00', '2025-12-26 08:00:00', NULL, NULL, NULL, NULL, NULL, NULL, 10, NULL, NULL, NULL, '2025-12-25', NULL, 0),
(1078, 30, 2, '2025-12-25 20:00:00', '2025-12-26 08:00:00', NULL, NULL, NULL, NULL, NULL, NULL, 10, NULL, NULL, NULL, '2025-12-25', NULL, 0),
(1079, 31, 3, '2025-12-25 20:00:00', '2025-12-26 08:00:00', NULL, NULL, NULL, NULL, NULL, 30, 30, NULL, NULL, NULL, '2025-12-25', NULL, 0),
(1080, 32, 3, '2025-12-25 20:00:00', '2025-12-26 08:00:00', NULL, NULL, NULL, NULL, NULL, NULL, 10, NULL, NULL, NULL, '2025-12-25', NULL, 0),
(1081, 33, 3, '2025-12-25 20:00:00', '2025-12-26 08:00:00', NULL, NULL, NULL, NULL, NULL, 0, 10, NULL, NULL, NULL, '2025-12-25', NULL, 0);
INSERT INTO `lines_extra` (`line_extra_id`, `line_id`, `workers_count`, `started_at`, `ended_at`, `down_from`, `down_time`, `cancel_reason`, `master`, `engineer`, `prep_time`, `after_time`, `has_detector`, `detector_start`, `detector_end`, `date`, `extra_title`, `isDay`) VALUES
(1082, 34, 2, '2025-12-25 20:00:00', '2025-12-26 08:00:00', NULL, NULL, NULL, NULL, NULL, 10, 10, NULL, NULL, NULL, '2025-12-25', NULL, 0),
(1083, 36, 1, '2025-12-25 20:00:00', '2025-12-26 08:00:00', NULL, NULL, NULL, NULL, NULL, NULL, 10, NULL, NULL, NULL, '2025-12-25', NULL, 0),
(1084, 37, 1, '2025-12-25 20:00:00', '2025-12-26 08:00:00', NULL, NULL, NULL, NULL, NULL, NULL, 10, NULL, NULL, NULL, '2025-12-25', NULL, 0),
(1085, 40, 1, '2025-12-25 20:00:00', '2025-12-26 08:00:00', NULL, NULL, NULL, NULL, NULL, 0, 0, NULL, NULL, NULL, '2025-12-25', NULL, 0),
(1086, 41, 12, '2025-12-25 20:00:00', '2025-12-26 08:00:00', NULL, NULL, NULL, NULL, NULL, 20, 30, NULL, NULL, NULL, '2025-12-25', NULL, 0),
(1087, 42, 1, '2025-12-25 20:00:00', '2025-12-26 08:00:00', NULL, NULL, NULL, NULL, NULL, NULL, 10, NULL, NULL, NULL, '2025-12-25', NULL, 0),
(1088, 43, 3, '2025-12-25 18:30:00', '2025-12-25 05:30:00', NULL, NULL, NULL, NULL, NULL, NULL, 60, NULL, NULL, NULL, '2025-12-25', NULL, 0),
(1089, 44, 5, '2025-12-25 18:30:00', '2025-12-25 05:30:00', NULL, NULL, NULL, NULL, NULL, 60, 30, NULL, NULL, NULL, '2025-12-25', NULL, 0),
(1090, 45, 2, '2025-12-25 18:30:00', '2025-12-25 05:30:00', NULL, NULL, NULL, NULL, NULL, 10, 10, NULL, NULL, NULL, '2025-12-25', NULL, 0),
(1091, 46, 1, '2025-12-25 20:00:00', '2025-12-26 08:00:00', NULL, NULL, NULL, NULL, NULL, NULL, 10, NULL, NULL, NULL, '2025-12-25', NULL, 0),
(1092, 47, 1, '2025-12-25 18:30:00', '2025-12-25 05:30:00', NULL, NULL, NULL, NULL, NULL, 0, 0, NULL, NULL, NULL, '2025-12-25', NULL, 0),
(1093, 6, 5, '2026-01-22 07:45:00', '2026-01-22 18:30:00', NULL, NULL, NULL, NULL, NULL, 30, 30, NULL, NULL, NULL, '2026-01-22', NULL, 1),
(1094, 7, 4, '2026-01-22 07:45:00', '2026-01-22 18:30:00', NULL, NULL, NULL, NULL, NULL, 30, 30, NULL, NULL, NULL, '2026-01-22', NULL, 1),
(1095, 8, 4, '2026-01-22 07:45:00', '2026-01-22 18:30:00', NULL, NULL, NULL, NULL, NULL, 120, 60, NULL, NULL, NULL, '2026-01-22', NULL, 1),
(1096, 9, 4, '2026-01-22 07:45:00', '2026-01-22 18:30:00', NULL, NULL, NULL, NULL, NULL, 120, 60, NULL, NULL, NULL, '2026-01-22', NULL, 1),
(1097, 10, 4, '2026-01-22 07:45:00', '2026-01-22 18:30:00', NULL, NULL, NULL, NULL, NULL, 120, 60, NULL, NULL, NULL, '2026-01-22', NULL, 1),
(1098, 11, 3, '2026-01-22 07:45:00', '2026-01-22 18:30:00', NULL, NULL, NULL, NULL, NULL, 120, 60, NULL, NULL, NULL, '2026-01-22', NULL, 1),
(1099, 12, 3, '2026-01-22 07:45:00', '2026-01-22 18:30:00', NULL, NULL, NULL, NULL, NULL, 120, 60, NULL, NULL, NULL, '2026-01-22', NULL, 1),
(1100, 13, 3, '2026-01-22 08:00:00', '2026-01-22 20:00:00', NULL, NULL, NULL, NULL, NULL, NULL, 10, NULL, NULL, NULL, '2026-01-22', NULL, 1),
(1101, 14, 6, '2026-01-22 08:00:00', '2026-01-22 20:00:00', NULL, NULL, NULL, NULL, NULL, 20, 30, NULL, NULL, NULL, '2026-01-22', NULL, 1),
(1102, 15, 3, '2026-01-22 08:00:00', '2026-01-22 20:00:00', NULL, NULL, NULL, NULL, NULL, NULL, 10, NULL, NULL, NULL, '2026-01-22', NULL, 1),
(1103, 16, 4, '2026-01-22 08:00:00', '2026-01-22 20:00:00', NULL, NULL, NULL, NULL, NULL, NULL, 10, NULL, NULL, NULL, '2026-01-22', NULL, 1),
(1104, 17, 6, '2026-01-22 08:00:00', '2026-01-22 20:00:00', NULL, NULL, NULL, NULL, NULL, 20, 30, NULL, NULL, NULL, '2026-01-22', NULL, 1),
(1105, 18, 12, '2026-01-22 08:00:00', '2026-01-22 20:00:00', NULL, NULL, NULL, NULL, NULL, 20, 30, NULL, NULL, NULL, '2026-01-22', NULL, 1),
(1106, 19, 3, '2026-01-22 08:00:00', '2026-01-22 20:00:00', NULL, NULL, NULL, NULL, NULL, NULL, 10, NULL, NULL, NULL, '2026-01-22', NULL, 1),
(1107, 20, 7, '2026-01-22 08:00:00', '2026-01-22 20:00:00', NULL, NULL, NULL, NULL, NULL, 5, 30, NULL, NULL, NULL, '2026-01-22', NULL, 1),
(1108, 21, 4, '2026-01-22 08:00:00', '2026-01-22 20:00:00', NULL, NULL, NULL, NULL, NULL, NULL, 10, NULL, NULL, NULL, '2026-01-22', NULL, 1),
(1109, 22, 4, '2026-01-22 08:00:00', '2026-01-22 20:00:00', NULL, NULL, NULL, NULL, NULL, NULL, 10, NULL, NULL, NULL, '2026-01-22', NULL, 1),
(1110, 23, 4, '2026-01-22 08:00:00', '2026-01-22 20:00:00', NULL, NULL, NULL, NULL, NULL, NULL, 10, NULL, NULL, NULL, '2026-01-22', NULL, 1),
(1111, 24, 5, '2026-01-22 08:00:00', '2026-01-22 20:00:00', NULL, NULL, NULL, NULL, NULL, 5, 30, NULL, NULL, NULL, '2026-01-22', NULL, 1),
(1112, 25, 12, '2026-01-22 08:00:00', '2026-01-22 20:00:00', NULL, NULL, NULL, NULL, NULL, 5, 15, NULL, NULL, NULL, '2026-01-22', NULL, 1),
(1113, 26, 4, '2026-01-22 08:00:00', '2026-01-22 20:00:00', NULL, NULL, NULL, NULL, NULL, NULL, 10, NULL, NULL, NULL, '2026-01-22', NULL, 1),
(1114, 27, 4, '2026-01-22 08:00:00', '2026-01-22 20:00:00', NULL, NULL, NULL, NULL, NULL, NULL, 10, NULL, NULL, NULL, '2026-01-22', NULL, 1),
(1115, 28, 4, '2026-01-22 08:00:00', '2026-01-22 20:00:00', NULL, NULL, NULL, NULL, NULL, NULL, 10, NULL, NULL, NULL, '2026-01-22', NULL, 1),
(1116, 29, 2, '2026-01-22 08:00:00', '2026-01-22 20:00:00', NULL, NULL, NULL, NULL, NULL, NULL, 10, NULL, NULL, NULL, '2026-01-22', NULL, 1),
(1117, 30, 2, '2026-01-22 08:00:00', '2026-01-22 20:00:00', NULL, NULL, NULL, NULL, NULL, NULL, 10, NULL, NULL, NULL, '2026-01-22', NULL, 1),
(1118, 31, 3, '2026-01-22 08:00:00', '2026-01-22 20:00:00', NULL, NULL, NULL, NULL, NULL, 30, 30, NULL, NULL, NULL, '2026-01-22', NULL, 1),
(1119, 32, 3, '2026-01-22 08:00:00', '2026-01-22 20:00:00', NULL, NULL, NULL, NULL, NULL, NULL, 10, NULL, NULL, NULL, '2026-01-22', NULL, 1),
(1120, 33, 3, '2026-01-22 08:00:00', '2026-01-22 20:00:00', NULL, NULL, NULL, NULL, NULL, 0, 10, NULL, NULL, NULL, '2026-01-22', NULL, 1),
(1121, 34, 2, '2026-01-22 08:00:00', '2026-01-22 20:00:00', NULL, NULL, NULL, NULL, NULL, 10, 10, NULL, NULL, NULL, '2026-01-22', NULL, 1),
(1122, 36, 1, '2026-01-22 08:00:00', '2026-01-22 20:00:00', NULL, NULL, NULL, NULL, NULL, NULL, 10, NULL, NULL, NULL, '2026-01-22', NULL, 1),
(1123, 37, 1, '2026-01-22 08:00:00', '2026-01-22 20:00:00', NULL, NULL, NULL, NULL, NULL, NULL, 10, NULL, NULL, NULL, '2026-01-22', NULL, 1),
(1124, 40, 1, '2026-01-22 08:00:00', '2026-01-22 20:00:00', NULL, NULL, NULL, NULL, NULL, 0, 0, NULL, NULL, NULL, '2026-01-22', NULL, 1),
(1125, 41, 12, '2026-01-22 08:00:00', '2026-01-22 20:00:00', NULL, NULL, NULL, NULL, NULL, 20, 30, NULL, NULL, NULL, '2026-01-22', NULL, 1),
(1126, 42, 1, '2026-01-22 08:00:00', '2026-01-22 20:00:00', NULL, NULL, NULL, NULL, NULL, NULL, 10, NULL, NULL, NULL, '2026-01-22', NULL, 1),
(1127, 43, 3, '2026-01-22 07:45:00', '2026-01-22 18:30:00', NULL, NULL, NULL, NULL, NULL, NULL, 60, NULL, NULL, NULL, '2026-01-22', NULL, 1),
(1128, 44, 5, '2026-01-22 07:45:00', '2026-01-22 18:30:00', NULL, NULL, NULL, NULL, NULL, 60, 30, NULL, NULL, NULL, '2026-01-22', NULL, 1),
(1129, 45, 2, '2026-01-22 07:45:00', '2026-01-22 18:30:00', NULL, NULL, NULL, NULL, NULL, 10, 10, NULL, NULL, NULL, '2026-01-22', NULL, 1),
(1130, 46, 1, '2026-01-22 08:00:00', '2026-01-22 20:00:00', NULL, NULL, NULL, NULL, NULL, NULL, 10, NULL, NULL, NULL, '2026-01-22', NULL, 1),
(1131, 47, 1, '2026-01-22 07:45:00', '2026-01-22 18:30:00', NULL, NULL, NULL, NULL, NULL, 0, 0, NULL, NULL, NULL, '2026-01-22', NULL, 1),
(1132, 6, 5, '2026-01-26 07:45:00', '2026-01-26 18:30:00', NULL, NULL, NULL, NULL, NULL, 30, 30, NULL, NULL, NULL, '2026-01-26', NULL, 1),
(1133, 7, 4, '2026-01-26 07:45:00', '2026-01-26 18:30:00', NULL, NULL, NULL, NULL, NULL, 30, 30, NULL, NULL, NULL, '2026-01-26', NULL, 1),
(1134, 8, 4, '2026-01-26 07:45:00', '2026-01-26 18:30:00', NULL, NULL, NULL, NULL, NULL, 120, 60, NULL, NULL, NULL, '2026-01-26', NULL, 1),
(1135, 9, 4, '2026-01-26 07:45:00', '2026-01-26 18:30:00', NULL, NULL, NULL, NULL, NULL, 120, 60, NULL, NULL, NULL, '2026-01-26', NULL, 1),
(1136, 10, 4, '2026-01-26 07:45:00', '2026-01-26 18:30:00', NULL, NULL, NULL, NULL, NULL, 120, 60, NULL, NULL, NULL, '2026-01-26', NULL, 1),
(1137, 11, 3, '2026-01-26 07:45:00', '2026-01-26 18:30:00', NULL, NULL, NULL, NULL, NULL, 120, 60, NULL, NULL, NULL, '2026-01-26', NULL, 1),
(1138, 12, 3, '2026-01-26 07:45:00', '2026-01-26 18:30:00', NULL, NULL, NULL, NULL, NULL, 120, 60, NULL, NULL, NULL, '2026-01-26', NULL, 1),
(1139, 13, 3, '2026-01-26 08:00:00', '2026-01-26 20:00:00', NULL, NULL, NULL, NULL, NULL, NULL, 10, NULL, NULL, NULL, '2026-01-26', NULL, 1),
(1140, 14, 6, '2026-01-26 08:00:00', '2026-01-26 20:00:00', NULL, NULL, NULL, NULL, NULL, 20, 30, NULL, NULL, NULL, '2026-01-26', NULL, 1),
(1141, 15, 3, '2026-01-26 08:00:00', '2026-01-26 20:00:00', NULL, NULL, NULL, NULL, NULL, NULL, 10, NULL, NULL, NULL, '2026-01-26', NULL, 1),
(1142, 16, 4, '2026-01-26 08:00:00', '2026-01-26 20:00:00', NULL, NULL, NULL, NULL, NULL, NULL, 10, NULL, NULL, NULL, '2026-01-26', NULL, 1),
(1143, 17, 6, '2026-01-26 08:00:00', '2026-01-26 20:00:00', NULL, NULL, NULL, NULL, NULL, 20, 30, NULL, NULL, NULL, '2026-01-26', NULL, 1),
(1144, 18, 12, '2026-01-26 08:00:00', '2026-01-26 20:00:00', NULL, NULL, NULL, NULL, NULL, 20, 30, NULL, NULL, NULL, '2026-01-26', NULL, 1),
(1145, 19, 3, '2026-01-26 08:00:00', '2026-01-26 20:00:00', NULL, NULL, NULL, NULL, NULL, NULL, 10, NULL, NULL, NULL, '2026-01-26', NULL, 1),
(1146, 20, 7, '2026-01-26 08:00:00', '2026-01-26 20:00:00', NULL, NULL, NULL, NULL, NULL, 5, 30, NULL, NULL, NULL, '2026-01-26', NULL, 1),
(1147, 21, 4, '2026-01-26 08:00:00', '2026-01-26 20:00:00', NULL, NULL, NULL, NULL, NULL, NULL, 10, NULL, NULL, NULL, '2026-01-26', NULL, 1),
(1148, 22, 4, '2026-01-26 08:00:00', '2026-01-26 20:00:00', NULL, NULL, NULL, NULL, NULL, NULL, 10, NULL, NULL, NULL, '2026-01-26', NULL, 1),
(1149, 23, 4, '2026-01-26 08:00:00', '2026-01-26 20:00:00', NULL, NULL, NULL, NULL, NULL, NULL, 10, NULL, NULL, NULL, '2026-01-26', NULL, 1),
(1150, 24, 5, '2026-01-26 08:00:00', '2026-01-26 20:00:00', NULL, NULL, NULL, NULL, NULL, 5, 30, NULL, NULL, NULL, '2026-01-26', NULL, 1),
(1151, 25, 12, '2026-01-26 08:00:00', '2026-01-26 20:00:00', NULL, NULL, NULL, NULL, NULL, 5, 15, NULL, NULL, NULL, '2026-01-26', NULL, 1),
(1152, 26, 4, '2026-01-26 08:00:00', '2026-01-26 20:00:00', NULL, NULL, NULL, NULL, NULL, NULL, 10, NULL, NULL, NULL, '2026-01-26', NULL, 1),
(1153, 27, 4, '2026-01-26 08:00:00', '2026-01-26 20:00:00', NULL, NULL, NULL, NULL, NULL, NULL, 10, NULL, NULL, NULL, '2026-01-26', NULL, 1),
(1154, 28, 4, '2026-01-26 08:00:00', '2026-01-26 20:00:00', NULL, NULL, NULL, NULL, NULL, NULL, 10, NULL, NULL, NULL, '2026-01-26', NULL, 1),
(1155, 29, 2, '2026-01-26 08:00:00', '2026-01-26 20:00:00', NULL, NULL, NULL, NULL, NULL, NULL, 10, NULL, NULL, NULL, '2026-01-26', NULL, 1),
(1156, 30, 2, '2026-01-26 08:00:00', '2026-01-26 20:00:00', NULL, NULL, NULL, NULL, NULL, NULL, 10, NULL, NULL, NULL, '2026-01-26', NULL, 1),
(1157, 31, 3, '2026-01-26 08:00:00', '2026-01-26 20:00:00', NULL, NULL, NULL, NULL, NULL, 30, 30, NULL, NULL, NULL, '2026-01-26', NULL, 1),
(1158, 32, 3, '2026-01-26 08:00:00', '2026-01-26 20:00:00', NULL, NULL, NULL, NULL, NULL, NULL, 10, NULL, NULL, NULL, '2026-01-26', NULL, 1),
(1159, 33, 3, '2026-01-26 08:00:00', '2026-01-26 20:00:00', NULL, NULL, NULL, NULL, NULL, 0, 10, NULL, NULL, NULL, '2026-01-26', NULL, 1),
(1160, 34, 2, '2026-01-26 08:00:00', '2026-01-26 20:00:00', NULL, NULL, NULL, NULL, NULL, 10, 10, NULL, NULL, NULL, '2026-01-26', NULL, 1),
(1161, 36, 1, '2026-01-26 08:00:00', '2026-01-26 20:00:00', NULL, NULL, NULL, NULL, NULL, NULL, 10, NULL, NULL, NULL, '2026-01-26', NULL, 1),
(1162, 37, 1, '2026-01-26 08:00:00', '2026-01-26 20:00:00', NULL, NULL, NULL, NULL, NULL, NULL, 10, NULL, NULL, NULL, '2026-01-26', NULL, 1),
(1163, 40, 1, '2026-01-26 08:00:00', '2026-01-26 20:00:00', NULL, NULL, NULL, NULL, NULL, 0, 0, NULL, NULL, NULL, '2026-01-26', NULL, 1),
(1164, 41, 12, '2026-01-26 08:00:00', '2026-01-26 20:00:00', NULL, NULL, NULL, NULL, NULL, 20, 30, NULL, NULL, NULL, '2026-01-26', NULL, 1),
(1165, 42, 1, '2026-01-26 08:00:00', '2026-01-26 20:00:00', NULL, NULL, NULL, NULL, NULL, NULL, 10, NULL, NULL, NULL, '2026-01-26', NULL, 1),
(1166, 43, 3, '2026-01-26 07:45:00', '2026-01-26 18:30:00', NULL, NULL, NULL, NULL, NULL, NULL, 60, NULL, NULL, NULL, '2026-01-26', NULL, 1),
(1167, 44, 5, '2026-01-26 07:45:00', '2026-01-26 18:30:00', NULL, NULL, NULL, NULL, NULL, 60, 30, NULL, NULL, NULL, '2026-01-26', NULL, 1),
(1168, 45, 2, '2026-01-26 07:45:00', '2026-01-26 18:30:00', NULL, NULL, NULL, NULL, NULL, 10, 10, NULL, NULL, NULL, '2026-01-26', NULL, 1),
(1169, 46, 1, '2026-01-26 08:00:00', '2026-01-26 20:00:00', NULL, NULL, NULL, NULL, NULL, NULL, 10, NULL, NULL, NULL, '2026-01-26', NULL, 1),
(1170, 47, 1, '2026-01-26 07:45:00', '2026-01-26 18:30:00', NULL, NULL, NULL, NULL, NULL, 0, 0, NULL, NULL, NULL, '2026-01-26', NULL, 1),
(1171, 6, 5, '2026-01-26 18:30:00', '2026-01-26 05:30:00', NULL, NULL, NULL, NULL, NULL, 30, 30, NULL, NULL, NULL, '2026-01-26', NULL, 0),
(1172, 7, 4, '2026-01-26 18:30:00', '2026-01-26 05:30:00', NULL, NULL, NULL, NULL, NULL, 30, 30, NULL, NULL, NULL, '2026-01-26', NULL, 0),
(1173, 8, 4, '2026-01-26 18:30:00', '2026-01-26 05:30:00', NULL, NULL, NULL, NULL, NULL, 120, 60, NULL, NULL, NULL, '2026-01-26', NULL, 0),
(1174, 9, 4, '2026-01-26 18:30:00', '2026-01-26 05:30:00', NULL, NULL, NULL, NULL, NULL, 120, 60, NULL, NULL, NULL, '2026-01-26', NULL, 0),
(1175, 10, 4, '2026-01-26 18:30:00', '2026-01-26 05:30:00', NULL, NULL, NULL, NULL, NULL, 120, 60, NULL, NULL, NULL, '2026-01-26', NULL, 0),
(1176, 11, 3, '2026-01-26 18:30:00', '2026-01-26 05:30:00', NULL, NULL, NULL, NULL, NULL, 120, 60, NULL, NULL, NULL, '2026-01-26', NULL, 0),
(1177, 12, 3, '2026-01-26 18:30:00', '2026-01-26 05:30:00', NULL, NULL, NULL, NULL, NULL, 120, 60, NULL, NULL, NULL, '2026-01-26', NULL, 0),
(1178, 13, 3, '2026-01-26 20:00:00', '2026-01-27 08:00:00', NULL, NULL, NULL, NULL, NULL, NULL, 10, NULL, NULL, NULL, '2026-01-26', NULL, 0),
(1179, 14, 6, '2026-01-26 20:00:00', '2026-01-27 08:00:00', NULL, NULL, NULL, NULL, NULL, 20, 30, NULL, NULL, NULL, '2026-01-26', NULL, 0),
(1180, 15, 3, '2026-01-26 20:00:00', '2026-01-27 08:00:00', NULL, NULL, NULL, NULL, NULL, NULL, 10, NULL, NULL, NULL, '2026-01-26', NULL, 0),
(1181, 16, 4, '2026-01-26 20:00:00', '2026-01-27 08:00:00', NULL, NULL, NULL, NULL, NULL, NULL, 10, NULL, NULL, NULL, '2026-01-26', NULL, 0),
(1182, 17, 6, '2026-01-26 20:00:00', '2026-01-27 08:00:00', NULL, NULL, NULL, NULL, NULL, 20, 30, NULL, NULL, NULL, '2026-01-26', NULL, 0),
(1183, 18, 12, '2026-01-26 20:00:00', '2026-01-27 08:00:00', NULL, NULL, NULL, NULL, NULL, 20, 30, NULL, NULL, NULL, '2026-01-26', NULL, 0),
(1184, 19, 3, '2026-01-26 20:00:00', '2026-01-27 08:00:00', NULL, NULL, NULL, NULL, NULL, NULL, 10, NULL, NULL, NULL, '2026-01-26', NULL, 0),
(1185, 20, 7, '2026-01-26 20:00:00', '2026-01-27 08:00:00', NULL, NULL, NULL, NULL, NULL, 5, 30, NULL, NULL, NULL, '2026-01-26', NULL, 0),
(1186, 21, 4, '2026-01-26 20:00:00', '2026-01-27 08:00:00', NULL, NULL, NULL, NULL, NULL, NULL, 10, NULL, NULL, NULL, '2026-01-26', NULL, 0),
(1187, 22, 4, '2026-01-26 20:00:00', '2026-01-27 08:00:00', NULL, NULL, NULL, NULL, NULL, NULL, 10, NULL, NULL, NULL, '2026-01-26', NULL, 0),
(1188, 23, 4, '2026-01-26 20:00:00', '2026-01-27 08:00:00', NULL, NULL, NULL, NULL, NULL, NULL, 10, NULL, NULL, NULL, '2026-01-26', NULL, 0),
(1189, 24, 5, '2026-01-26 20:00:00', '2026-01-27 08:00:00', NULL, NULL, NULL, NULL, NULL, 5, 30, NULL, NULL, NULL, '2026-01-26', NULL, 0),
(1190, 25, 12, '2026-01-26 20:00:00', '2026-01-27 08:00:00', NULL, NULL, NULL, NULL, NULL, 5, 15, NULL, NULL, NULL, '2026-01-26', NULL, 0),
(1191, 26, 4, '2026-01-26 20:00:00', '2026-01-27 08:00:00', NULL, NULL, NULL, NULL, NULL, NULL, 10, NULL, NULL, NULL, '2026-01-26', NULL, 0),
(1192, 27, 4, '2026-01-26 20:00:00', '2026-01-27 08:00:00', NULL, NULL, NULL, NULL, NULL, NULL, 10, NULL, NULL, NULL, '2026-01-26', NULL, 0),
(1193, 28, 4, '2026-01-26 20:00:00', '2026-01-27 08:00:00', NULL, NULL, NULL, NULL, NULL, NULL, 10, NULL, NULL, NULL, '2026-01-26', NULL, 0),
(1194, 29, 2, '2026-01-26 20:00:00', '2026-01-27 08:00:00', NULL, NULL, NULL, NULL, NULL, NULL, 10, NULL, NULL, NULL, '2026-01-26', NULL, 0),
(1195, 30, 2, '2026-01-26 20:00:00', '2026-01-27 08:00:00', NULL, NULL, NULL, NULL, NULL, NULL, 10, NULL, NULL, NULL, '2026-01-26', NULL, 0),
(1196, 31, 3, '2026-01-26 20:00:00', '2026-01-27 08:00:00', NULL, NULL, NULL, NULL, NULL, 30, 30, NULL, NULL, NULL, '2026-01-26', NULL, 0),
(1197, 32, 3, '2026-01-26 20:00:00', '2026-01-27 08:00:00', NULL, NULL, NULL, NULL, NULL, NULL, 10, NULL, NULL, NULL, '2026-01-26', NULL, 0),
(1198, 33, 3, '2026-01-26 20:00:00', '2026-01-27 08:00:00', NULL, NULL, NULL, NULL, NULL, 0, 10, NULL, NULL, NULL, '2026-01-26', NULL, 0),
(1199, 34, 2, '2026-01-26 20:00:00', '2026-01-27 08:00:00', NULL, NULL, NULL, NULL, NULL, 10, 10, NULL, NULL, NULL, '2026-01-26', NULL, 0),
(1200, 36, 1, '2026-01-26 20:00:00', '2026-01-27 08:00:00', NULL, NULL, NULL, NULL, NULL, NULL, 10, NULL, NULL, NULL, '2026-01-26', NULL, 0),
(1201, 37, 1, '2026-01-26 20:00:00', '2026-01-27 08:00:00', NULL, NULL, NULL, NULL, NULL, NULL, 10, NULL, NULL, NULL, '2026-01-26', NULL, 0),
(1202, 40, 1, '2026-01-26 20:00:00', '2026-01-27 08:00:00', NULL, NULL, NULL, NULL, NULL, 0, 0, NULL, NULL, NULL, '2026-01-26', NULL, 0),
(1203, 41, 12, '2026-01-26 20:00:00', '2026-01-27 08:00:00', NULL, NULL, NULL, NULL, NULL, 20, 30, NULL, NULL, NULL, '2026-01-26', NULL, 0),
(1204, 42, 1, '2026-01-26 20:00:00', '2026-01-27 08:00:00', NULL, NULL, NULL, NULL, NULL, NULL, 10, NULL, NULL, NULL, '2026-01-26', NULL, 0),
(1205, 43, 3, '2026-01-26 18:30:00', '2026-01-26 05:30:00', NULL, NULL, NULL, NULL, NULL, NULL, 60, NULL, NULL, NULL, '2026-01-26', NULL, 0),
(1206, 44, 5, '2026-01-26 18:30:00', '2026-01-26 05:30:00', NULL, NULL, NULL, NULL, NULL, 60, 30, NULL, NULL, NULL, '2026-01-26', NULL, 0),
(1207, 45, 2, '2026-01-26 18:30:00', '2026-01-26 05:30:00', NULL, NULL, NULL, NULL, NULL, 10, 10, NULL, NULL, NULL, '2026-01-26', NULL, 0),
(1208, 46, 1, '2026-01-26 20:00:00', '2026-01-27 08:00:00', NULL, NULL, NULL, NULL, NULL, NULL, 10, NULL, NULL, NULL, '2026-01-26', NULL, 0),
(1209, 47, 1, '2026-01-26 18:30:00', '2026-01-26 05:30:00', NULL, NULL, NULL, NULL, NULL, 0, 0, NULL, NULL, NULL, '2026-01-26', NULL, 0),
(1210, 6, 5, '2026-01-27 07:45:00', '2026-01-27 18:30:00', NULL, NULL, NULL, NULL, NULL, 30, 30, NULL, NULL, NULL, '2026-01-27', NULL, 1),
(1211, 7, 4, '2026-01-27 07:45:00', '2026-01-27 18:30:00', NULL, NULL, NULL, NULL, NULL, 30, 30, NULL, NULL, NULL, '2026-01-27', NULL, 1),
(1212, 8, 4, '2026-01-27 07:45:00', '2026-01-27 12:20:00', NULL, NULL, NULL, NULL, NULL, 120, 60, NULL, NULL, NULL, '2026-01-27', NULL, 1),
(1213, 9, 4, '2026-01-27 07:45:00', '2026-01-27 18:30:00', NULL, NULL, NULL, NULL, NULL, 120, 60, NULL, NULL, NULL, '2026-01-27', NULL, 1),
(1214, 10, 4, '2026-01-27 07:45:00', '2026-01-27 18:30:00', NULL, NULL, NULL, NULL, NULL, 120, 60, NULL, NULL, NULL, '2026-01-27', NULL, 1),
(1215, 11, 3, '2026-01-27 07:45:00', '2026-01-27 18:30:00', NULL, NULL, NULL, NULL, NULL, 120, 60, NULL, NULL, NULL, '2026-01-27', NULL, 1),
(1216, 12, 3, '2026-01-27 07:45:00', '2026-01-27 18:30:00', NULL, NULL, NULL, NULL, NULL, 120, 60, NULL, NULL, NULL, '2026-01-27', NULL, 1),
(1217, 13, 3, '2026-01-27 08:00:00', '2026-01-27 20:00:00', NULL, NULL, NULL, NULL, NULL, NULL, 10, NULL, NULL, NULL, '2026-01-27', NULL, 1),
(1218, 14, 6, '2026-01-27 08:00:00', '2026-01-27 20:00:00', NULL, NULL, NULL, NULL, NULL, 20, 30, NULL, NULL, NULL, '2026-01-27', NULL, 1),
(1219, 15, 3, '2026-01-27 08:00:00', '2026-01-27 20:00:00', NULL, NULL, NULL, NULL, NULL, NULL, 10, NULL, NULL, NULL, '2026-01-27', NULL, 1),
(1220, 16, 4, '2026-01-27 08:00:00', '2026-01-27 20:00:00', NULL, NULL, NULL, NULL, NULL, NULL, 10, NULL, NULL, NULL, '2026-01-27', NULL, 1),
(1221, 17, 6, '2026-01-27 08:00:00', '2026-01-27 20:00:00', NULL, NULL, NULL, NULL, NULL, 20, 30, NULL, NULL, NULL, '2026-01-27', NULL, 1),
(1222, 18, 12, '2026-01-27 08:00:00', '2026-01-27 20:00:00', NULL, NULL, NULL, NULL, NULL, 20, 30, NULL, NULL, NULL, '2026-01-27', NULL, 1),
(1223, 19, 3, '2026-01-27 08:00:00', '2026-01-27 20:00:00', NULL, NULL, NULL, NULL, NULL, NULL, 10, NULL, NULL, NULL, '2026-01-27', NULL, 1),
(1224, 20, 7, '2026-01-27 08:00:00', '2026-01-27 20:00:00', NULL, NULL, NULL, NULL, NULL, 5, 30, NULL, NULL, NULL, '2026-01-27', NULL, 1),
(1225, 21, 4, '2026-01-27 08:00:00', '2026-01-27 20:00:00', NULL, NULL, NULL, NULL, NULL, NULL, 10, NULL, NULL, NULL, '2026-01-27', NULL, 1),
(1226, 22, 4, '2026-01-27 08:00:00', '2026-01-27 20:00:00', NULL, NULL, NULL, NULL, NULL, NULL, 10, NULL, NULL, NULL, '2026-01-27', NULL, 1),
(1227, 23, 4, '2026-01-27 08:00:00', '2026-01-27 20:00:00', NULL, NULL, NULL, NULL, NULL, NULL, 10, NULL, NULL, NULL, '2026-01-27', NULL, 1),
(1228, 24, 5, '2026-01-27 08:00:00', '2026-01-27 20:00:00', NULL, NULL, NULL, NULL, NULL, 5, 30, NULL, NULL, NULL, '2026-01-27', NULL, 1),
(1229, 25, 12, '2026-01-27 08:00:00', '2026-01-27 20:00:00', NULL, NULL, NULL, NULL, NULL, 5, 15, NULL, NULL, NULL, '2026-01-27', NULL, 1),
(1230, 26, 4, '2026-01-27 08:00:00', '2026-01-27 20:00:00', NULL, NULL, NULL, NULL, NULL, NULL, 10, NULL, NULL, NULL, '2026-01-27', NULL, 1),
(1231, 27, 4, '2026-01-27 08:00:00', '2026-01-27 20:00:00', NULL, NULL, NULL, NULL, NULL, NULL, 10, NULL, NULL, NULL, '2026-01-27', NULL, 1),
(1232, 28, 4, '2026-01-27 08:00:00', '2026-01-27 20:00:00', NULL, NULL, NULL, NULL, NULL, NULL, 10, NULL, NULL, NULL, '2026-01-27', NULL, 1),
(1233, 29, 2, '2026-01-27 08:00:00', '2026-01-27 20:00:00', NULL, NULL, NULL, NULL, NULL, NULL, 10, NULL, NULL, NULL, '2026-01-27', NULL, 1),
(1234, 30, 2, '2026-01-27 08:00:00', '2026-01-27 20:00:00', NULL, NULL, NULL, NULL, NULL, NULL, 10, NULL, NULL, NULL, '2026-01-27', NULL, 1),
(1235, 31, 3, '2026-01-27 08:00:00', '2026-01-27 20:00:00', NULL, NULL, NULL, NULL, NULL, 30, 30, NULL, NULL, NULL, '2026-01-27', NULL, 1),
(1236, 32, 3, '2026-01-27 08:00:00', '2026-01-27 20:00:00', NULL, NULL, NULL, NULL, NULL, NULL, 10, NULL, NULL, NULL, '2026-01-27', NULL, 1),
(1237, 33, 3, '2026-01-27 08:00:00', '2026-01-27 20:00:00', NULL, NULL, NULL, NULL, NULL, 0, 10, NULL, NULL, NULL, '2026-01-27', NULL, 1),
(1238, 34, 2, '2026-01-27 08:00:00', '2026-01-27 20:00:00', NULL, NULL, NULL, NULL, NULL, 10, 10, NULL, NULL, NULL, '2026-01-27', NULL, 1),
(1239, 36, 1, '2026-01-27 08:00:00', '2026-01-27 20:00:00', NULL, NULL, NULL, NULL, NULL, NULL, 10, NULL, NULL, NULL, '2026-01-27', NULL, 1),
(1240, 37, 1, '2026-01-27 08:00:00', '2026-01-27 20:00:00', NULL, NULL, NULL, NULL, NULL, NULL, 10, NULL, NULL, NULL, '2026-01-27', NULL, 1),
(1241, 40, 1, '2026-01-27 08:00:00', '2026-01-27 20:00:00', NULL, NULL, NULL, NULL, NULL, 0, 0, NULL, NULL, NULL, '2026-01-27', NULL, 1),
(1242, 41, 12, '2026-01-27 08:00:00', '2026-01-27 20:00:00', NULL, NULL, NULL, NULL, NULL, 20, 30, NULL, NULL, NULL, '2026-01-27', NULL, 1),
(1243, 42, 1, '2026-01-27 08:00:00', '2026-01-27 20:00:00', NULL, NULL, NULL, NULL, NULL, NULL, 10, NULL, NULL, NULL, '2026-01-27', NULL, 1),
(1244, 43, 3, '2026-01-27 07:45:00', '2026-01-27 18:30:00', NULL, NULL, NULL, NULL, NULL, NULL, 60, NULL, NULL, NULL, '2026-01-27', NULL, 1),
(1245, 44, 5, '2026-01-27 07:45:00', '2026-01-27 18:30:00', NULL, NULL, NULL, NULL, NULL, 60, 30, NULL, NULL, NULL, '2026-01-27', NULL, 1),
(1246, 45, 2, '2026-01-27 07:45:00', '2026-01-27 18:30:00', NULL, NULL, NULL, NULL, NULL, 10, 10, NULL, NULL, NULL, '2026-01-27', NULL, 1),
(1247, 46, 1, '2026-01-27 08:00:00', '2026-01-27 20:00:00', NULL, NULL, NULL, NULL, NULL, NULL, 10, NULL, NULL, NULL, '2026-01-27', NULL, 1),
(1248, 47, 1, '2026-01-27 07:45:00', '2026-01-27 18:30:00', NULL, NULL, NULL, NULL, NULL, 0, 0, NULL, NULL, NULL, '2026-01-27', NULL, 1),
(1249, 48, 0, '2026-01-27 16:20:17', '2026-01-27 16:20:17', NULL, NULL, NULL, NULL, NULL, 0, 0, NULL, NULL, NULL, '2026-01-27', NULL, 0),
(1250, 49, 0, '2026-01-27 16:21:55', '2026-01-27 16:21:55', NULL, NULL, NULL, NULL, NULL, 0, 0, NULL, NULL, NULL, '2026-01-27', NULL, 0),
(1251, 48, NULL, '2026-01-27 07:45:00', '2026-01-27 18:30:00', NULL, NULL, NULL, NULL, NULL, NULL, NULL, NULL, NULL, NULL, '2026-01-27', NULL, 1),
(1252, 49, NULL, '2026-01-27 07:45:00', '2026-01-27 18:30:00', NULL, NULL, NULL, NULL, NULL, NULL, NULL, NULL, NULL, NULL, '2026-01-27', NULL, 1),
(1253, 48, NULL, '2026-01-26 18:30:00', '2026-01-26 05:30:00', NULL, NULL, NULL, NULL, NULL, NULL, NULL, NULL, NULL, NULL, '2026-01-26', NULL, 0),
(1254, 49, NULL, '2026-01-26 18:30:00', '2026-01-26 05:30:00', NULL, NULL, NULL, NULL, NULL, NULL, NULL, NULL, NULL, NULL, '2026-01-26', NULL, 0),
(1255, 6, 5, '2026-01-27 18:30:00', '2026-01-27 05:30:00', NULL, NULL, NULL, NULL, NULL, 30, 30, NULL, NULL, NULL, '2026-01-27', NULL, 0),
(1256, 7, 4, '2026-01-27 18:30:00', '2026-01-27 05:30:00', NULL, NULL, NULL, NULL, NULL, 30, 30, NULL, NULL, NULL, '2026-01-27', NULL, 0),
(1257, 8, 4, '2026-01-27 18:30:00', '2026-01-27 22:22:47', NULL, NULL, NULL, NULL, NULL, 120, 60, NULL, NULL, NULL, '2026-01-27', NULL, 0),
(1258, 9, 4, '2026-01-27 18:30:00', '2026-01-27 05:30:00', NULL, NULL, NULL, NULL, NULL, 120, 60, NULL, NULL, NULL, '2026-01-27', NULL, 0),
(1259, 10, 4, '2026-01-27 18:30:00', '2026-01-27 05:30:00', NULL, NULL, NULL, NULL, NULL, 120, 60, NULL, NULL, NULL, '2026-01-27', NULL, 0),
(1260, 11, 3, '2026-01-27 18:30:00', '2026-01-27 05:30:00', NULL, NULL, NULL, NULL, NULL, 120, 60, NULL, NULL, NULL, '2026-01-27', NULL, 0),
(1261, 12, 3, '2026-01-27 18:30:00', '2026-01-27 05:30:00', NULL, NULL, NULL, NULL, NULL, 120, 60, NULL, NULL, NULL, '2026-01-27', NULL, 0),
(1262, 13, 3, '2026-01-27 20:00:00', '2026-01-28 08:00:00', NULL, NULL, NULL, NULL, NULL, NULL, 10, NULL, NULL, NULL, '2026-01-27', NULL, 0),
(1263, 14, 6, '2026-01-27 20:00:00', '2026-01-28 08:00:00', NULL, NULL, NULL, NULL, NULL, 20, 30, NULL, NULL, NULL, '2026-01-27', NULL, 0),
(1264, 15, 3, '2026-01-27 20:00:00', '2026-01-28 08:00:00', NULL, NULL, NULL, NULL, NULL, NULL, 10, NULL, NULL, NULL, '2026-01-27', NULL, 0),
(1265, 16, 4, '2026-01-27 20:00:00', '2026-01-28 08:00:00', NULL, NULL, NULL, NULL, NULL, NULL, 10, NULL, NULL, NULL, '2026-01-27', NULL, 0),
(1266, 17, 6, '2026-01-27 20:00:00', '2026-01-28 08:00:00', NULL, NULL, NULL, NULL, NULL, 20, 30, NULL, NULL, NULL, '2026-01-27', NULL, 0),
(1267, 18, 12, '2026-01-27 20:00:00', '2026-01-28 08:00:00', NULL, NULL, NULL, NULL, NULL, 20, 30, NULL, NULL, NULL, '2026-01-27', NULL, 0),
(1268, 19, 3, '2026-01-27 20:00:00', '2026-01-28 08:00:00', NULL, NULL, NULL, NULL, NULL, NULL, 10, NULL, NULL, NULL, '2026-01-27', NULL, 0),
(1269, 20, 7, '2026-01-27 20:00:00', '2026-01-28 08:00:00', NULL, NULL, NULL, NULL, NULL, 5, 30, NULL, NULL, NULL, '2026-01-27', NULL, 0),
(1270, 21, 4, '2026-01-27 20:00:00', '2026-01-28 08:00:00', NULL, NULL, NULL, NULL, NULL, NULL, 10, NULL, NULL, NULL, '2026-01-27', NULL, 0),
(1271, 22, 4, '2026-01-27 20:00:00', '2026-01-28 08:00:00', NULL, NULL, NULL, NULL, NULL, NULL, 10, NULL, NULL, NULL, '2026-01-27', NULL, 0),
(1272, 23, 4, '2026-01-27 20:00:00', '2026-01-28 08:00:00', NULL, NULL, NULL, NULL, NULL, NULL, 10, NULL, NULL, NULL, '2026-01-27', NULL, 0),
(1273, 24, 5, '2026-01-27 20:00:00', '2026-01-28 08:00:00', NULL, NULL, NULL, NULL, NULL, 5, 30, NULL, NULL, NULL, '2026-01-27', NULL, 0),
(1274, 25, 12, '2026-01-27 20:00:00', '2026-01-28 08:00:00', NULL, NULL, NULL, NULL, NULL, 5, 15, NULL, NULL, NULL, '2026-01-27', NULL, 0),
(1275, 26, 4, '2026-01-27 20:00:00', '2026-01-28 08:00:00', NULL, NULL, NULL, NULL, NULL, NULL, 10, NULL, NULL, NULL, '2026-01-27', NULL, 0),
(1276, 27, 4, '2026-01-27 20:00:00', '2026-01-28 08:00:00', NULL, NULL, NULL, NULL, NULL, NULL, 10, NULL, NULL, NULL, '2026-01-27', NULL, 0),
(1277, 28, 4, '2026-01-27 20:00:00', '2026-01-28 08:00:00', NULL, NULL, NULL, NULL, NULL, NULL, 10, NULL, NULL, NULL, '2026-01-27', NULL, 0),
(1278, 29, 2, '2026-01-27 20:00:00', '2026-01-28 08:00:00', NULL, NULL, NULL, NULL, NULL, NULL, 10, NULL, NULL, NULL, '2026-01-27', NULL, 0),
(1279, 30, 2, '2026-01-27 20:00:00', '2026-01-28 08:00:00', NULL, NULL, NULL, NULL, NULL, NULL, 10, NULL, NULL, NULL, '2026-01-27', NULL, 0),
(1280, 31, 3, '2026-01-27 20:00:00', '2026-01-28 08:00:00', NULL, NULL, NULL, NULL, NULL, 30, 30, NULL, NULL, NULL, '2026-01-27', NULL, 0),
(1281, 32, 3, '2026-01-27 20:00:00', '2026-01-28 08:00:00', NULL, NULL, NULL, NULL, NULL, NULL, 10, NULL, NULL, NULL, '2026-01-27', NULL, 0),
(1282, 33, 3, '2026-01-27 20:00:00', '2026-01-28 08:00:00', NULL, NULL, NULL, NULL, NULL, 0, 10, NULL, NULL, NULL, '2026-01-27', NULL, 0),
(1283, 34, 2, '2026-01-27 20:00:00', '2026-01-28 08:00:00', NULL, NULL, NULL, NULL, NULL, 10, 10, NULL, NULL, NULL, '2026-01-27', NULL, 0),
(1284, 36, 1, '2026-01-27 20:00:00', '2026-01-28 08:00:00', NULL, NULL, NULL, NULL, NULL, NULL, 10, NULL, NULL, NULL, '2026-01-27', NULL, 0),
(1285, 37, 1, '2026-01-27 20:00:00', '2026-01-28 08:00:00', NULL, NULL, NULL, NULL, NULL, NULL, 10, NULL, NULL, NULL, '2026-01-27', NULL, 0),
(1286, 40, 1, '2026-01-27 20:00:00', '2026-01-28 08:00:00', NULL, NULL, NULL, NULL, NULL, 0, 0, NULL, NULL, NULL, '2026-01-27', NULL, 0),
(1287, 41, 12, '2026-01-27 20:00:00', '2026-01-28 08:00:00', NULL, NULL, NULL, NULL, NULL, 20, 30, NULL, NULL, NULL, '2026-01-27', NULL, 0),
(1288, 42, 1, '2026-01-27 20:00:00', '2026-01-28 08:00:00', NULL, NULL, NULL, NULL, NULL, NULL, 10, NULL, NULL, NULL, '2026-01-27', NULL, 0),
(1289, 43, 3, '2026-01-27 18:30:00', '2026-01-27 05:30:00', NULL, NULL, NULL, NULL, NULL, NULL, 60, NULL, NULL, NULL, '2026-01-27', NULL, 0),
(1290, 44, 5, '2026-01-27 18:30:00', '2026-01-27 05:30:00', NULL, NULL, NULL, NULL, NULL, 60, 30, NULL, NULL, NULL, '2026-01-27', NULL, 0),
(1291, 45, 2, '2026-01-27 18:30:00', '2026-01-27 05:30:00', NULL, NULL, NULL, NULL, NULL, 10, 10, NULL, NULL, NULL, '2026-01-27', NULL, 0),
(1292, 46, 1, '2026-01-27 20:00:00', '2026-01-28 08:00:00', NULL, NULL, NULL, NULL, NULL, NULL, 10, NULL, NULL, NULL, '2026-01-27', NULL, 0),
(1293, 47, 1, '2026-01-27 18:30:00', '2026-01-27 05:30:00', NULL, NULL, NULL, NULL, NULL, 0, 0, NULL, NULL, NULL, '2026-01-27', NULL, 0),
(1294, 6, 5, '2026-02-11 18:00:00', '2026-02-11 19:37:00', NULL, NULL, NULL, NULL, NULL, 30, 30, NULL, NULL, NULL, '2026-02-10', NULL, 0),
(1295, 7, 4, '2026-02-10 18:30:00', '2026-02-10 05:30:00', NULL, NULL, NULL, NULL, NULL, 30, 30, NULL, NULL, NULL, '2026-02-10', NULL, 0),
(1296, 8, 4, '2026-02-10 18:30:00', '2026-02-10 05:30:00', NULL, NULL, NULL, NULL, NULL, 120, 60, NULL, NULL, NULL, '2026-02-10', NULL, 0),
(1297, 9, 4, '2026-02-11 16:30:00', '2026-02-11 22:26:42', NULL, 18, NULL, NULL, NULL, 120, 60, NULL, NULL, NULL, '2026-02-10', NULL, 0),
(1298, 10, 4, '2026-02-10 18:30:00', '2026-02-10 05:30:00', NULL, NULL, NULL, NULL, NULL, 120, 60, NULL, NULL, NULL, '2026-02-10', NULL, 0),
(1299, 11, 3, '2026-02-11 16:30:00', '2026-02-11 21:08:53', NULL, 17, NULL, NULL, NULL, 120, 60, NULL, NULL, NULL, '2026-02-10', NULL, 0),
(1300, 12, 3, '2026-02-10 16:30:00', '2026-02-11 08:43:32', NULL, 17, NULL, NULL, NULL, 120, 60, NULL, NULL, NULL, '2026-02-10', NULL, 0),
(1301, 13, 3, '2026-02-10 19:00:00', '2026-02-11 23:42:40', NULL, NULL, NULL, NULL, NULL, NULL, 10, NULL, NULL, NULL, '2026-02-10', NULL, 0),
(1302, 14, 6, '2026-02-10 18:40:00', '2026-02-11 23:37:10', NULL, NULL, NULL, NULL, NULL, 20, 30, NULL, NULL, NULL, '2026-02-10', NULL, 0),
(1303, 15, 3, '2026-02-10 20:19:44', '2026-02-11 08:28:32', NULL, NULL, NULL, NULL, NULL, NULL, 10, NULL, NULL, NULL, '2026-02-10', NULL, 0),
(1304, 16, 4, '2026-02-10 20:19:44', '2026-02-11 08:28:32', NULL, NULL, NULL, NULL, NULL, NULL, 10, NULL, NULL, NULL, '2026-02-10', NULL, 0),
(1305, 17, 6, '2026-02-10 20:00:00', '2026-02-11 08:00:00', NULL, NULL, NULL, NULL, NULL, 20, 30, NULL, NULL, NULL, '2026-02-10', NULL, 0),
(1306, 18, 12, '2026-02-11 18:40:00', '2026-02-11 21:19:16', NULL, NULL, NULL, NULL, NULL, 20, 30, NULL, NULL, NULL, '2026-02-10', NULL, 0),
(1307, 19, 3, '2026-02-11 19:00:00', '2026-02-11 21:52:12', NULL, NULL, NULL, NULL, NULL, NULL, 10, NULL, NULL, NULL, '2026-02-10', NULL, 0),
(1308, 20, 7, '2026-02-11 21:46:00', '2026-02-12 05:39:22', NULL, NULL, NULL, NULL, NULL, 5, 30, NULL, NULL, NULL, '2026-02-10', NULL, 0),
(1309, 21, 4, '2026-02-10 20:00:00', '2026-02-11 08:00:00', NULL, NULL, NULL, NULL, NULL, NULL, 10, NULL, NULL, NULL, '2026-02-10', NULL, 0),
(1310, 22, 4, '2026-02-10 20:00:00', '2026-02-11 08:00:00', NULL, NULL, NULL, NULL, NULL, NULL, 10, NULL, NULL, NULL, '2026-02-10', NULL, 0),
(1311, 23, 4, '2026-02-10 20:00:00', '2026-02-11 08:00:00', NULL, NULL, NULL, NULL, NULL, NULL, 10, NULL, NULL, NULL, '2026-02-10', NULL, 0),
(1312, 24, 5, '2026-02-10 20:00:00', '2026-02-11 08:00:00', NULL, NULL, NULL, NULL, NULL, 5, 30, NULL, NULL, NULL, '2026-02-10', NULL, 0),
(1313, 25, 12, '2026-02-11 20:59:12', '2026-02-11 21:57:12', NULL, NULL, NULL, NULL, NULL, 5, 15, NULL, NULL, NULL, '2026-02-10', NULL, 0),
(1314, 26, 4, '2026-02-11 20:30:00', '2026-02-11 21:07:00', NULL, NULL, NULL, NULL, NULL, NULL, 10, NULL, NULL, NULL, '2026-02-10', NULL, 0),
(1315, 27, 4, '2026-02-12 04:30:00', '2026-02-12 05:30:48', NULL, NULL, NULL, NULL, NULL, NULL, 10, NULL, NULL, NULL, '2026-02-10', NULL, 0),
(1316, 28, 4, '2026-02-10 20:00:00', '2026-02-11 08:00:00', NULL, NULL, NULL, NULL, NULL, NULL, 10, NULL, NULL, NULL, '2026-02-10', NULL, 0),
(1317, 29, 2, '2026-02-10 19:00:00', '2026-02-10 20:03:34', NULL, NULL, NULL, NULL, NULL, NULL, 10, NULL, NULL, NULL, '2026-02-10', NULL, 0),
(1318, 30, 2, '2026-02-10 20:00:00', '2026-02-11 08:00:00', NULL, NULL, NULL, NULL, NULL, NULL, 10, NULL, NULL, NULL, '2026-02-10', NULL, 0),
(1319, 31, 3, '2026-02-11 18:00:00', '2026-02-11 21:56:20', NULL, NULL, NULL, NULL, NULL, 30, 30, NULL, NULL, NULL, '2026-02-10', NULL, 0),
(1320, 32, 3, '2026-02-10 20:00:00', '2026-02-11 08:00:00', NULL, NULL, NULL, NULL, NULL, NULL, 10, NULL, NULL, NULL, '2026-02-10', NULL, 0),
(1321, 33, 3, '2026-02-10 20:00:00', '2026-02-11 08:00:00', NULL, NULL, NULL, NULL, NULL, 0, 10, NULL, NULL, NULL, '2026-02-10', NULL, 0),
(1322, 34, 2, '2026-02-10 20:00:00', '2026-02-11 08:00:00', NULL, NULL, NULL, NULL, NULL, 10, 10, NULL, NULL, NULL, '2026-02-10', NULL, 0),
(1323, 36, 1, '2026-02-10 20:00:00', '2026-02-11 08:00:00', NULL, NULL, NULL, NULL, NULL, NULL, 10, NULL, NULL, NULL, '2026-02-10', NULL, 0),
(1324, 37, 1, '2026-02-10 19:00:00', '2026-02-12 05:19:22', NULL, NULL, NULL, NULL, NULL, NULL, 10, NULL, NULL, NULL, '2026-02-10', NULL, 0),
(1325, 40, 1, '2026-02-10 20:00:00', '2026-02-11 08:00:00', NULL, NULL, NULL, NULL, NULL, 0, 0, NULL, NULL, NULL, '2026-02-10', NULL, 0),
(1326, 41, 12, '2026-02-10 20:00:00', '2026-02-11 08:00:00', NULL, NULL, NULL, NULL, NULL, 20, 30, NULL, NULL, NULL, '2026-02-10', NULL, 0),
(1327, 42, 1, '2026-02-10 20:00:00', '2026-02-11 08:00:00', NULL, NULL, NULL, NULL, NULL, NULL, 10, NULL, NULL, NULL, '2026-02-10', NULL, 0),
(1328, 43, 3, '2026-02-11 19:08:00', '2026-02-11 20:56:07', NULL, NULL, NULL, NULL, NULL, NULL, 60, NULL, NULL, NULL, '2026-02-10', NULL, 0),
(1329, 44, 5, '2026-02-11 17:30:00', '2026-02-11 19:47:07', NULL, NULL, NULL, NULL, NULL, 60, 30, NULL, NULL, NULL, '2026-02-10', NULL, 0),
(1330, 45, 2, '2026-02-10 18:30:00', '2026-02-10 05:30:00', NULL, NULL, NULL, NULL, NULL, 10, 10, NULL, NULL, NULL, '2026-02-10', NULL, 0),
(1331, 46, 1, '2026-02-10 20:00:00', '2026-02-11 05:02:28', NULL, NULL, NULL, NULL, NULL, NULL, 10, NULL, NULL, NULL, '2026-02-10', NULL, 0),
(1332, 47, 1, '2026-02-10 18:30:00', '2026-02-11 00:04:30', NULL, NULL, NULL, NULL, NULL, 0, 0, NULL, NULL, NULL, '2026-02-10', NULL, 0),
(1333, 48, NULL, '2026-02-10 18:30:00', '2026-02-10 05:30:00', NULL, NULL, NULL, NULL, NULL, NULL, NULL, NULL, NULL, NULL, '2026-02-10', NULL, 0),
(1334, 49, NULL, '2026-02-10 18:30:00', '2026-02-10 05:30:00', NULL, NULL, NULL, NULL, NULL, NULL, NULL, NULL, NULL, NULL, '2026-02-10', NULL, 0),
(1335, 6, 5, '2026-02-09 07:45:00', '2026-02-09 18:30:00', NULL, NULL, NULL, NULL, NULL, 30, 30, NULL, NULL, NULL, '2026-02-09', NULL, 1),
(1336, 7, 4, '2026-02-09 07:45:00', '2026-02-09 18:30:00', NULL, NULL, NULL, NULL, NULL, 30, 30, NULL, NULL, NULL, '2026-02-09', NULL, 1),
(1337, 8, 4, '2026-02-09 07:45:00', '2026-02-09 18:30:00', NULL, NULL, NULL, NULL, NULL, 120, 60, NULL, NULL, NULL, '2026-02-09', NULL, 1),
(1338, 9, 4, '2026-02-09 07:45:00', '2026-02-09 18:30:00', NULL, NULL, NULL, NULL, NULL, 120, 60, NULL, NULL, NULL, '2026-02-09', NULL, 1),
(1339, 10, 4, '2026-02-09 07:45:00', '2026-02-09 18:30:00', NULL, NULL, NULL, NULL, NULL, 120, 60, NULL, NULL, NULL, '2026-02-09', NULL, 1),
(1340, 11, 3, '2026-02-09 07:45:00', '2026-02-09 18:30:00', NULL, NULL, NULL, NULL, NULL, 120, 60, NULL, NULL, NULL, '2026-02-09', NULL, 1),
(1341, 12, 3, '2026-02-09 07:45:00', '2026-02-09 18:30:00', NULL, NULL, NULL, NULL, NULL, 120, 60, NULL, NULL, NULL, '2026-02-09', NULL, 1),
(1342, 13, 3, '2026-02-09 08:00:00', '2026-02-09 20:00:00', NULL, NULL, NULL, NULL, NULL, NULL, 10, NULL, NULL, NULL, '2026-02-09', NULL, 1),
(1343, 14, 6, '2026-02-09 08:00:00', '2026-02-09 20:00:00', NULL, NULL, NULL, NULL, NULL, 20, 30, NULL, NULL, NULL, '2026-02-09', NULL, 1),
(1344, 15, 3, '2026-02-09 08:00:00', '2026-02-09 20:00:00', NULL, NULL, NULL, NULL, NULL, NULL, 10, NULL, NULL, NULL, '2026-02-09', NULL, 1),
(1345, 16, 4, '2026-02-09 08:00:00', '2026-02-09 20:00:00', NULL, NULL, NULL, NULL, NULL, NULL, 10, NULL, NULL, NULL, '2026-02-09', NULL, 1),
(1346, 17, 6, '2026-02-09 08:00:00', '2026-02-09 20:00:00', NULL, NULL, NULL, NULL, NULL, 20, 30, NULL, NULL, NULL, '2026-02-09', NULL, 1),
(1347, 18, 12, '2026-02-09 08:00:00', '2026-02-09 20:00:00', NULL, NULL, NULL, NULL, NULL, 20, 30, NULL, NULL, NULL, '2026-02-09', NULL, 1),
(1348, 19, 3, '2026-02-09 08:00:00', '2026-02-09 20:00:00', NULL, NULL, NULL, NULL, NULL, NULL, 10, NULL, NULL, NULL, '2026-02-09', NULL, 1),
(1349, 20, 7, '2026-02-09 08:00:00', '2026-02-09 20:00:00', NULL, NULL, NULL, NULL, NULL, 5, 30, NULL, NULL, NULL, '2026-02-09', NULL, 1),
(1350, 21, 4, '2026-02-09 08:00:00', '2026-02-09 20:00:00', NULL, NULL, NULL, NULL, NULL, NULL, 10, NULL, NULL, NULL, '2026-02-09', NULL, 1),
(1351, 22, 4, '2026-02-09 08:00:00', '2026-02-09 20:00:00', NULL, NULL, NULL, NULL, NULL, NULL, 10, NULL, NULL, NULL, '2026-02-09', NULL, 1),
(1352, 23, 4, '2026-02-09 08:00:00', '2026-02-09 20:00:00', NULL, NULL, NULL, NULL, NULL, NULL, 10, NULL, NULL, NULL, '2026-02-09', NULL, 1),
(1353, 24, 5, '2026-02-09 08:00:00', '2026-02-09 20:00:00', NULL, NULL, NULL, NULL, NULL, 5, 30, NULL, NULL, NULL, '2026-02-09', NULL, 1),
(1354, 25, 12, '2026-02-09 08:00:00', '2026-02-09 20:00:00', NULL, NULL, NULL, NULL, NULL, 5, 15, NULL, NULL, NULL, '2026-02-09', NULL, 1),
(1355, 26, 4, '2026-02-09 08:00:00', '2026-02-09 20:00:00', NULL, NULL, NULL, NULL, NULL, NULL, 10, NULL, NULL, NULL, '2026-02-09', NULL, 1),
(1356, 27, 4, '2026-02-09 08:00:00', '2026-02-09 20:00:00', NULL, NULL, NULL, NULL, NULL, NULL, 10, NULL, NULL, NULL, '2026-02-09', NULL, 1),
(1357, 28, 4, '2026-02-09 08:00:00', '2026-02-09 20:00:00', NULL, NULL, NULL, NULL, NULL, NULL, 10, NULL, NULL, NULL, '2026-02-09', NULL, 1),
(1358, 29, 2, '2026-02-09 08:00:00', '2026-02-09 20:00:00', NULL, NULL, NULL, NULL, NULL, NULL, 10, NULL, NULL, NULL, '2026-02-09', NULL, 1),
(1359, 30, 2, '2026-02-09 08:00:00', '2026-02-09 20:00:00', NULL, NULL, NULL, NULL, NULL, NULL, 10, NULL, NULL, NULL, '2026-02-09', NULL, 1),
(1360, 31, 3, '2026-02-09 08:00:00', '2026-02-09 20:00:00', NULL, NULL, NULL, NULL, NULL, 30, 30, NULL, NULL, NULL, '2026-02-09', NULL, 1),
(1361, 32, 3, '2026-02-09 08:00:00', '2026-02-09 20:00:00', NULL, NULL, NULL, NULL, NULL, NULL, 10, NULL, NULL, NULL, '2026-02-09', NULL, 1),
(1362, 33, 3, '2026-02-09 08:00:00', '2026-02-09 20:00:00', NULL, NULL, NULL, NULL, NULL, 0, 10, NULL, NULL, NULL, '2026-02-09', NULL, 1),
(1363, 34, 2, '2026-02-09 08:00:00', '2026-02-09 20:00:00', NULL, NULL, NULL, NULL, NULL, 10, 10, NULL, NULL, NULL, '2026-02-09', NULL, 1),
(1364, 36, 1, '2026-02-09 08:00:00', '2026-02-09 20:00:00', NULL, NULL, NULL, NULL, NULL, NULL, 10, NULL, NULL, NULL, '2026-02-09', NULL, 1),
(1365, 37, 1, '2026-02-09 08:00:00', '2026-02-09 20:00:00', NULL, NULL, NULL, NULL, NULL, NULL, 10, NULL, NULL, NULL, '2026-02-09', NULL, 1),
(1366, 40, 1, '2026-02-09 08:00:00', '2026-02-09 20:00:00', NULL, NULL, NULL, NULL, NULL, 0, 0, NULL, NULL, NULL, '2026-02-09', NULL, 1),
(1367, 41, 12, '2026-02-09 08:00:00', '2026-02-09 20:00:00', NULL, NULL, NULL, NULL, NULL, 20, 30, NULL, NULL, NULL, '2026-02-09', NULL, 1),
(1368, 42, 1, '2026-02-09 08:00:00', '2026-02-09 20:00:00', NULL, NULL, NULL, NULL, NULL, NULL, 10, NULL, NULL, NULL, '2026-02-09', NULL, 1),
(1369, 43, 3, '2026-02-09 07:45:00', '2026-02-09 18:30:00', NULL, NULL, NULL, NULL, NULL, NULL, 60, NULL, NULL, NULL, '2026-02-09', NULL, 1),
(1370, 44, 5, '2026-02-09 07:45:00', '2026-02-09 18:30:00', NULL, NULL, NULL, NULL, NULL, 60, 30, NULL, NULL, NULL, '2026-02-09', NULL, 1),
(1371, 45, 2, '2026-02-09 07:45:00', '2026-02-09 18:30:00', NULL, NULL, NULL, NULL, NULL, 10, 10, NULL, NULL, NULL, '2026-02-09', NULL, 1),
(1372, 46, 1, '2026-02-09 08:00:00', '2026-02-09 20:00:00', NULL, NULL, NULL, NULL, NULL, NULL, 10, NULL, NULL, NULL, '2026-02-09', NULL, 1),
(1373, 47, 1, '2026-02-09 07:45:00', '2026-02-09 18:30:00', NULL, NULL, NULL, NULL, NULL, 0, 0, NULL, NULL, NULL, '2026-02-09', NULL, 1),
(1374, 48, NULL, '2026-02-09 07:45:00', '2026-02-09 18:30:00', NULL, NULL, NULL, NULL, NULL, NULL, NULL, NULL, NULL, NULL, '2026-02-09', NULL, 1),
(1375, 49, NULL, '2026-02-09 07:45:00', '2026-02-09 18:30:00', NULL, NULL, NULL, NULL, NULL, NULL, NULL, NULL, NULL, NULL, '2026-02-09', NULL, 1),
(1376, 6, 5, '2026-02-17 18:00:00', '2026-02-17 19:37:00', NULL, NULL, NULL, NULL, NULL, 30, 30, NULL, NULL, NULL, '2026-02-16', NULL, 0),
(1377, 7, 4, '2026-02-16 18:30:00', '2026-02-16 05:30:00', NULL, NULL, NULL, NULL, NULL, 30, 30, NULL, NULL, NULL, '2026-02-16', NULL, 0),
(1378, 8, 4, '2026-02-16 18:30:00', '2026-02-16 05:30:00', NULL, NULL, NULL, NULL, NULL, 120, 60, NULL, NULL, NULL, '2026-02-16', NULL, 0),
(1379, 9, 4, '2026-02-17 16:30:00', '2026-02-18 05:11:12', NULL, NULL, NULL, NULL, NULL, 120, 60, NULL, NULL, NULL, '2026-02-16', NULL, 0),
(1380, 10, 4, '2026-02-16 18:30:00', '2026-02-16 05:30:00', NULL, NULL, NULL, NULL, NULL, 120, 60, NULL, NULL, NULL, '2026-02-16', NULL, 0),
(1381, 11, 3, '2026-02-17 16:30:00', '2026-02-18 06:30:52', NULL, NULL, NULL, NULL, NULL, 120, 60, NULL, NULL, NULL, '2026-02-16', NULL, 0),
(1382, 12, 3, '2026-02-17 16:30:00', '2026-02-18 06:32:29', NULL, NULL, NULL, NULL, NULL, 120, 60, NULL, NULL, NULL, '2026-02-16', NULL, 0),
(1383, 13, 3, '2026-02-17 19:00:00', '2026-02-18 07:58:59', NULL, NULL, NULL, NULL, NULL, NULL, 10, NULL, NULL, NULL, '2026-02-16', NULL, 0),
(1384, 14, 6, '2026-02-17 18:40:00', '2026-02-18 07:33:49', NULL, NULL, NULL, NULL, NULL, 20, 30, NULL, NULL, NULL, '2026-02-16', NULL, 0),
(1385, 15, 3, '2026-02-16 20:00:00', '2026-02-17 08:00:00', NULL, NULL, NULL, NULL, NULL, NULL, 10, NULL, NULL, NULL, '2026-02-16', NULL, 0),
(1386, 16, 4, '2026-02-16 20:00:00', '2026-02-17 08:00:00', NULL, NULL, NULL, NULL, NULL, NULL, 10, NULL, NULL, NULL, '2026-02-16', NULL, 0),
(1387, 17, 6, '2026-02-16 20:00:00', '2026-02-17 08:00:00', NULL, NULL, NULL, NULL, NULL, 20, 30, NULL, NULL, NULL, '2026-02-16', NULL, 0),
(1388, 18, 12, '2026-02-17 18:40:00', '2026-02-18 07:00:52', NULL, NULL, NULL, NULL, NULL, 20, 30, NULL, NULL, NULL, '2026-02-16', NULL, 0),
(1389, 19, 3, '2026-02-17 19:00:00', '2026-02-17 22:58:51', NULL, NULL, NULL, NULL, NULL, NULL, 10, NULL, NULL, NULL, '2026-02-16', NULL, 0),
(1390, 20, 7, '2026-02-17 04:25:00', '2026-02-18 07:22:15', NULL, NULL, NULL, NULL, NULL, 5, 30, NULL, NULL, NULL, '2026-02-16', NULL, 0),
(1391, 21, 4, '2026-02-16 20:00:00', '2026-02-17 08:00:00', NULL, NULL, NULL, NULL, NULL, NULL, 10, NULL, NULL, NULL, '2026-02-16', NULL, 0),
(1392, 22, 4, '2026-02-16 20:00:00', '2026-02-17 08:00:00', NULL, NULL, NULL, NULL, NULL, NULL, 10, NULL, NULL, NULL, '2026-02-16', NULL, 0),
(1393, 23, 4, '2026-02-16 20:00:00', '2026-02-17 08:00:00', NULL, NULL, NULL, NULL, NULL, NULL, 10, NULL, NULL, NULL, '2026-02-16', NULL, 0),
(1394, 24, 5, '2026-02-16 20:00:00', '2026-02-17 08:00:00', NULL, NULL, NULL, NULL, NULL, 5, 30, NULL, NULL, NULL, '2026-02-16', NULL, 0),
(1395, 25, 12, '2026-02-17 20:25:00', '2026-02-17 23:13:55', NULL, NULL, NULL, NULL, NULL, 5, 15, NULL, NULL, NULL, '2026-02-16', NULL, 0),
(1396, 26, 4, '2026-02-17 20:30:00', '2026-02-18 08:42:37', NULL, NULL, NULL, NULL, NULL, NULL, 10, NULL, NULL, NULL, '2026-02-16', NULL, 0),
(1397, 27, 4, '2026-02-17 04:30:00', '2026-02-17 08:12:49', NULL, NULL, NULL, NULL, NULL, NULL, 10, NULL, NULL, NULL, '2026-02-16', NULL, 0),
(1398, 28, 4, '2026-02-16 20:00:00', '2026-02-17 08:00:00', NULL, NULL, NULL, NULL, NULL, NULL, 10, NULL, NULL, NULL, '2026-02-16', NULL, 0),
(1399, 29, 2, '2026-02-17 19:00:00', '2026-02-17 20:03:34', NULL, NULL, NULL, NULL, NULL, NULL, 10, NULL, NULL, NULL, '2026-02-16', NULL, 0),
(1400, 30, 2, '2026-02-16 20:00:00', '2026-02-17 08:00:00', NULL, NULL, NULL, NULL, NULL, NULL, 10, NULL, NULL, NULL, '2026-02-16', NULL, 0),
(1401, 31, 3, '2026-02-17 18:00:00', '2026-02-18 05:53:43', NULL, NULL, NULL, NULL, NULL, 30, 30, NULL, NULL, NULL, '2026-02-16', NULL, 0),
(1402, 32, 3, '2026-02-16 20:00:00', '2026-02-17 08:00:00', NULL, NULL, NULL, NULL, NULL, NULL, 10, NULL, NULL, NULL, '2026-02-16', NULL, 0),
(1403, 33, 3, '2026-02-16 20:00:00', '2026-02-17 08:00:00', NULL, NULL, NULL, NULL, NULL, 0, 10, NULL, NULL, NULL, '2026-02-16', NULL, 0),
(1404, 34, 2, '2026-02-16 20:00:00', '2026-02-17 08:00:00', NULL, NULL, NULL, NULL, NULL, 10, 10, NULL, NULL, NULL, '2026-02-16', NULL, 0),
(1405, 36, 1, '2026-02-16 20:00:00', '2026-02-17 08:00:00', NULL, NULL, NULL, NULL, NULL, NULL, 10, NULL, NULL, NULL, '2026-02-16', NULL, 0),
(1406, 37, 1, '2026-02-16 18:30:00', '2026-02-17 21:15:53', NULL, NULL, NULL, NULL, NULL, NULL, 10, NULL, NULL, NULL, '2026-02-16', NULL, 0),
(1407, 40, 1, '2026-02-16 20:00:00', '2026-02-17 08:00:00', NULL, NULL, NULL, NULL, NULL, 0, 0, NULL, NULL, NULL, '2026-02-16', NULL, 0),
(1408, 41, 12, '2026-02-16 20:00:00', '2026-02-17 08:00:00', NULL, NULL, NULL, NULL, NULL, 20, 30, NULL, NULL, NULL, '2026-02-16', NULL, 0),
(1409, 42, 1, '2026-02-16 20:00:00', '2026-02-17 08:00:00', NULL, NULL, NULL, NULL, NULL, NULL, 10, NULL, NULL, NULL, '2026-02-16', NULL, 0),
(1410, 43, 3, '2026-02-17 20:28:55', '2026-02-18 00:24:17', NULL, NULL, NULL, NULL, NULL, NULL, 60, NULL, NULL, NULL, '2026-02-16', NULL, 0),
(1411, 44, 5, '2026-02-16 17:30:00', '2026-02-16 21:47:49', NULL, NULL, NULL, NULL, NULL, 60, 30, NULL, NULL, NULL, '2026-02-16', NULL, 0),
(1412, 45, 2, '2026-02-17 04:20:00', '2026-02-17 08:24:37', NULL, NULL, NULL, NULL, NULL, 10, 10, NULL, NULL, NULL, '2026-02-16', NULL, 0),
(1413, 46, 1, '2026-02-17 18:30:00', '2026-02-18 10:47:07', NULL, NULL, NULL, NULL, NULL, NULL, 10, NULL, NULL, NULL, '2026-02-16', NULL, 0),
(1414, 47, 1, '2026-02-16 18:30:00', '2026-02-17 04:47:00', NULL, NULL, NULL, NULL, NULL, 0, 0, NULL, NULL, NULL, '2026-02-16', NULL, 0),
(1415, 48, NULL, '2026-02-16 18:30:00', '2026-02-16 05:30:00', NULL, NULL, NULL, NULL, NULL, NULL, NULL, NULL, NULL, NULL, '2026-02-16', NULL, 0),
(1416, 49, NULL, '2026-02-16 18:30:00', '2026-02-16 05:30:00', NULL, NULL, NULL, NULL, NULL, NULL, NULL, NULL, NULL, NULL, '2026-02-16', NULL, 0),
(1417, 6, 5, '2026-02-20 07:45:00', '2026-02-20 18:30:00', NULL, NULL, NULL, NULL, NULL, 30, 30, NULL, NULL, NULL, '2026-02-20', NULL, 1),
(1418, 7, 4, '2026-02-20 07:45:00', '2026-02-20 18:30:00', NULL, NULL, NULL, NULL, NULL, 30, 30, NULL, NULL, NULL, '2026-02-20', NULL, 1),
(1419, 8, 4, '2026-02-20 07:45:00', '2026-02-20 18:30:00', NULL, NULL, NULL, NULL, NULL, 120, 60, NULL, NULL, NULL, '2026-02-20', NULL, 1),
(1420, 9, 4, '2026-02-20 07:45:00', '2026-02-20 18:30:00', NULL, NULL, NULL, NULL, NULL, 120, 60, NULL, NULL, NULL, '2026-02-20', NULL, 1),
(1421, 10, 4, '2026-02-20 07:45:00', '2026-02-20 18:30:00', NULL, NULL, NULL, NULL, NULL, 120, 60, NULL, NULL, NULL, '2026-02-20', NULL, 1),
(1422, 11, 3, '2026-02-20 07:45:00', '2026-02-20 18:30:00', NULL, NULL, NULL, NULL, NULL, 120, 60, NULL, NULL, NULL, '2026-02-20', NULL, 1),
(1423, 12, 3, '2026-02-20 07:45:00', '2026-02-20 18:30:00', NULL, NULL, NULL, NULL, NULL, 120, 60, NULL, NULL, NULL, '2026-02-20', NULL, 1),
(1424, 13, 3, '2026-02-20 08:00:00', '2026-02-20 20:00:00', NULL, NULL, NULL, NULL, NULL, NULL, 10, NULL, NULL, NULL, '2026-02-20', NULL, 1),
(1425, 14, 6, '2026-02-20 08:00:00', '2026-02-20 20:00:00', NULL, NULL, NULL, NULL, NULL, 20, 30, NULL, NULL, NULL, '2026-02-20', NULL, 1),
(1426, 15, 3, '2026-02-20 08:00:00', '2026-02-20 20:00:00', NULL, NULL, NULL, NULL, NULL, NULL, 10, NULL, NULL, NULL, '2026-02-20', NULL, 1),
(1427, 16, 4, '2026-02-20 08:00:00', '2026-02-20 20:00:00', NULL, NULL, NULL, NULL, NULL, NULL, 10, NULL, NULL, NULL, '2026-02-20', NULL, 1),
(1428, 17, 6, '2026-02-20 08:00:00', '2026-02-20 20:00:00', NULL, NULL, NULL, NULL, NULL, 20, 30, NULL, NULL, NULL, '2026-02-20', NULL, 1),
(1429, 18, 12, '2026-02-20 08:00:00', '2026-02-20 20:00:00', NULL, NULL, NULL, NULL, NULL, 20, 30, NULL, NULL, NULL, '2026-02-20', NULL, 1),
(1430, 19, 3, '2026-02-20 08:00:00', '2026-02-20 20:00:00', NULL, NULL, NULL, NULL, NULL, NULL, 10, NULL, NULL, NULL, '2026-02-20', NULL, 1),
(1431, 20, 7, '2026-02-20 08:00:00', '2026-02-20 20:00:00', NULL, NULL, NULL, NULL, NULL, 5, 30, NULL, NULL, NULL, '2026-02-20', NULL, 1),
(1432, 21, 4, '2026-02-20 08:00:00', '2026-02-20 20:00:00', NULL, NULL, NULL, NULL, NULL, NULL, 10, NULL, NULL, NULL, '2026-02-20', NULL, 1),
(1433, 22, 4, '2026-02-20 08:00:00', '2026-02-20 20:00:00', NULL, NULL, NULL, NULL, NULL, NULL, 10, NULL, NULL, NULL, '2026-02-20', NULL, 1),
(1434, 23, 4, '2026-02-20 08:00:00', '2026-02-20 20:00:00', NULL, NULL, NULL, NULL, NULL, NULL, 10, NULL, NULL, NULL, '2026-02-20', NULL, 1),
(1435, 24, 5, '2026-02-20 08:00:00', '2026-02-20 20:00:00', NULL, NULL, NULL, NULL, NULL, 5, 30, NULL, NULL, NULL, '2026-02-20', NULL, 1),
(1436, 25, 12, '2026-02-20 08:00:00', '2026-02-20 20:00:00', NULL, NULL, NULL, NULL, NULL, 5, 15, NULL, NULL, NULL, '2026-02-20', NULL, 1),
(1437, 26, 4, '2026-02-20 08:00:00', '2026-02-20 20:00:00', NULL, NULL, NULL, NULL, NULL, NULL, 10, NULL, NULL, NULL, '2026-02-20', NULL, 1),
(1438, 27, 4, '2026-02-20 08:00:00', '2026-02-20 20:00:00', NULL, NULL, NULL, NULL, NULL, NULL, 10, NULL, NULL, NULL, '2026-02-20', NULL, 1);
INSERT INTO `lines_extra` (`line_extra_id`, `line_id`, `workers_count`, `started_at`, `ended_at`, `down_from`, `down_time`, `cancel_reason`, `master`, `engineer`, `prep_time`, `after_time`, `has_detector`, `detector_start`, `detector_end`, `date`, `extra_title`, `isDay`) VALUES
(1439, 28, 4, '2026-02-20 08:00:00', '2026-02-20 20:00:00', NULL, NULL, NULL, NULL, NULL, NULL, 10, NULL, NULL, NULL, '2026-02-20', NULL, 1),
(1440, 29, 2, '2026-02-20 08:00:00', '2026-02-20 20:00:00', NULL, NULL, NULL, NULL, NULL, NULL, 10, NULL, NULL, NULL, '2026-02-20', NULL, 1),
(1441, 30, 2, '2026-02-20 08:00:00', '2026-02-20 20:00:00', NULL, NULL, NULL, NULL, NULL, NULL, 10, NULL, NULL, NULL, '2026-02-20', NULL, 1),
(1442, 31, 3, '2026-02-20 08:00:00', '2026-02-20 20:00:00', NULL, NULL, NULL, NULL, NULL, 30, 30, NULL, NULL, NULL, '2026-02-20', NULL, 1),
(1443, 32, 3, '2026-02-20 08:00:00', '2026-02-20 20:00:00', NULL, NULL, NULL, NULL, NULL, NULL, 10, NULL, NULL, NULL, '2026-02-20', NULL, 1),
(1444, 33, 3, '2026-02-20 08:00:00', '2026-02-20 20:00:00', NULL, NULL, NULL, NULL, NULL, 0, 10, NULL, NULL, NULL, '2026-02-20', NULL, 1),
(1445, 34, 2, '2026-02-20 08:00:00', '2026-02-20 20:00:00', NULL, NULL, NULL, NULL, NULL, 10, 10, NULL, NULL, NULL, '2026-02-20', NULL, 1),
(1446, 36, 1, '2026-02-20 08:00:00', '2026-02-20 20:00:00', NULL, NULL, NULL, NULL, NULL, NULL, 10, NULL, NULL, NULL, '2026-02-20', NULL, 1),
(1447, 37, 1, '2026-02-20 08:00:00', '2026-02-20 20:00:00', NULL, NULL, NULL, NULL, NULL, NULL, 10, NULL, NULL, NULL, '2026-02-20', NULL, 1),
(1448, 40, 1, '2026-02-20 08:00:00', '2026-02-20 20:00:00', NULL, NULL, NULL, NULL, NULL, 0, 0, NULL, NULL, NULL, '2026-02-20', NULL, 1),
(1449, 41, 12, '2026-02-20 08:00:00', '2026-02-20 20:00:00', NULL, NULL, NULL, NULL, NULL, 20, 30, NULL, NULL, NULL, '2026-02-20', NULL, 1),
(1450, 42, 1, '2026-02-20 08:00:00', '2026-02-20 20:00:00', NULL, NULL, NULL, NULL, NULL, NULL, 10, NULL, NULL, NULL, '2026-02-20', NULL, 1),
(1451, 43, 3, '2026-02-20 07:45:00', '2026-02-20 18:30:00', NULL, NULL, NULL, NULL, NULL, NULL, 60, NULL, NULL, NULL, '2026-02-20', NULL, 1),
(1452, 44, 5, '2026-02-20 07:45:00', '2026-02-20 18:30:00', NULL, NULL, NULL, NULL, NULL, 60, 30, NULL, NULL, NULL, '2026-02-20', NULL, 1),
(1453, 45, 2, '2026-02-20 07:45:00', '2026-02-20 18:30:00', NULL, NULL, NULL, NULL, NULL, 10, 10, NULL, NULL, NULL, '2026-02-20', NULL, 1),
(1454, 46, 1, '2026-02-20 08:00:00', '2026-02-20 20:00:00', NULL, NULL, NULL, NULL, NULL, NULL, 10, NULL, NULL, NULL, '2026-02-20', NULL, 1),
(1455, 47, 1, '2026-02-20 07:45:00', '2026-02-20 18:30:00', NULL, NULL, NULL, NULL, NULL, 0, 0, NULL, NULL, NULL, '2026-02-20', NULL, 1),
(1456, 48, NULL, '2026-02-20 08:00:00', '2026-02-20 20:00:00', NULL, NULL, NULL, NULL, NULL, NULL, NULL, NULL, NULL, NULL, '2026-02-20', NULL, 1),
(1457, 49, NULL, '2026-02-20 08:00:00', '2026-02-20 20:00:00', NULL, NULL, NULL, NULL, NULL, NULL, NULL, NULL, NULL, NULL, '2026-02-20', NULL, 1),
(1458, 6, 5, '2026-02-16 07:45:00', '2026-02-16 18:30:00', NULL, NULL, NULL, NULL, NULL, 30, 30, NULL, NULL, NULL, '2026-02-16', NULL, 1),
(1459, 7, 4, '2026-02-16 07:45:00', '2026-02-16 18:30:00', NULL, NULL, NULL, NULL, NULL, 30, 30, NULL, NULL, NULL, '2026-02-16', NULL, 1),
(1460, 8, 4, '2026-02-16 07:45:00', '2026-02-16 18:30:00', NULL, NULL, NULL, NULL, NULL, 120, 60, NULL, NULL, NULL, '2026-02-16', NULL, 1),
(1461, 9, 4, '2026-02-16 07:45:00', '2026-02-16 18:30:00', NULL, NULL, NULL, NULL, NULL, 120, 60, NULL, NULL, NULL, '2026-02-16', NULL, 1),
(1462, 10, 4, '2026-02-16 07:45:00', '2026-02-16 18:30:00', NULL, NULL, NULL, NULL, NULL, 120, 60, NULL, NULL, NULL, '2026-02-16', NULL, 1),
(1463, 11, 3, '2026-02-16 07:45:00', '2026-02-16 18:30:00', NULL, NULL, NULL, NULL, NULL, 120, 60, NULL, NULL, NULL, '2026-02-16', NULL, 1),
(1464, 12, 3, '2026-02-16 07:45:00', '2026-02-16 18:30:00', NULL, NULL, NULL, NULL, NULL, 120, 60, NULL, NULL, NULL, '2026-02-16', NULL, 1),
(1465, 13, 3, '2026-02-16 08:00:00', '2026-02-16 20:00:00', NULL, NULL, NULL, NULL, NULL, NULL, 10, NULL, NULL, NULL, '2026-02-16', NULL, 1),
(1466, 14, 6, '2026-02-16 08:00:00', '2026-02-16 20:00:00', NULL, NULL, NULL, NULL, NULL, 20, 30, NULL, NULL, NULL, '2026-02-16', NULL, 1),
(1467, 15, 3, '2026-02-16 08:00:00', '2026-02-16 20:00:00', NULL, NULL, NULL, NULL, NULL, NULL, 10, NULL, NULL, NULL, '2026-02-16', NULL, 1),
(1468, 16, 4, '2026-02-16 08:00:00', '2026-02-16 20:00:00', NULL, NULL, NULL, NULL, NULL, NULL, 10, NULL, NULL, NULL, '2026-02-16', NULL, 1),
(1469, 17, 6, '2026-02-16 08:00:00', '2026-02-16 20:00:00', NULL, NULL, NULL, NULL, NULL, 20, 30, NULL, NULL, NULL, '2026-02-16', NULL, 1),
(1470, 18, 12, '2026-02-16 08:00:00', '2026-02-16 20:00:00', NULL, NULL, NULL, NULL, NULL, 20, 30, NULL, NULL, NULL, '2026-02-16', NULL, 1),
(1471, 19, 3, '2026-02-16 08:00:00', '2026-02-16 20:00:00', NULL, NULL, NULL, NULL, NULL, NULL, 10, NULL, NULL, NULL, '2026-02-16', NULL, 1),
(1472, 20, 7, '2026-02-16 08:00:00', '2026-02-16 20:00:00', NULL, NULL, NULL, NULL, NULL, 5, 30, NULL, NULL, NULL, '2026-02-16', NULL, 1),
(1473, 21, 4, '2026-02-16 08:00:00', '2026-02-16 20:00:00', NULL, NULL, NULL, NULL, NULL, NULL, 10, NULL, NULL, NULL, '2026-02-16', NULL, 1),
(1474, 22, 4, '2026-02-16 08:00:00', '2026-02-16 20:00:00', NULL, NULL, NULL, NULL, NULL, NULL, 10, NULL, NULL, NULL, '2026-02-16', NULL, 1),
(1475, 23, 4, '2026-02-16 08:00:00', '2026-02-16 20:00:00', NULL, NULL, NULL, NULL, NULL, NULL, 10, NULL, NULL, NULL, '2026-02-16', NULL, 1),
(1476, 24, 5, '2026-02-16 08:00:00', '2026-02-16 20:00:00', NULL, NULL, NULL, NULL, NULL, 5, 30, NULL, NULL, NULL, '2026-02-16', NULL, 1),
(1477, 25, 12, '2026-02-16 08:00:00', '2026-02-16 20:00:00', NULL, NULL, NULL, NULL, NULL, 5, 15, NULL, NULL, NULL, '2026-02-16', NULL, 1),
(1478, 26, 4, '2026-02-16 08:00:00', '2026-02-16 20:00:00', NULL, NULL, NULL, NULL, NULL, NULL, 10, NULL, NULL, NULL, '2026-02-16', NULL, 1),
(1479, 27, 4, '2026-02-16 08:00:00', '2026-02-16 20:00:00', NULL, NULL, NULL, NULL, NULL, NULL, 10, NULL, NULL, NULL, '2026-02-16', NULL, 1),
(1480, 28, 4, '2026-02-16 08:00:00', '2026-02-16 20:00:00', NULL, NULL, NULL, NULL, NULL, NULL, 10, NULL, NULL, NULL, '2026-02-16', NULL, 1),
(1481, 29, 2, '2026-02-16 08:00:00', '2026-02-16 20:00:00', NULL, NULL, NULL, NULL, NULL, NULL, 10, NULL, NULL, NULL, '2026-02-16', NULL, 1),
(1482, 30, 2, '2026-02-16 08:00:00', '2026-02-16 20:00:00', NULL, NULL, NULL, NULL, NULL, NULL, 10, NULL, NULL, NULL, '2026-02-16', NULL, 1),
(1483, 31, 3, '2026-02-16 08:00:00', '2026-02-16 20:00:00', NULL, NULL, NULL, NULL, NULL, 30, 30, NULL, NULL, NULL, '2026-02-16', NULL, 1),
(1484, 32, 3, '2026-02-16 08:00:00', '2026-02-16 20:00:00', NULL, NULL, NULL, NULL, NULL, NULL, 10, NULL, NULL, NULL, '2026-02-16', NULL, 1),
(1485, 33, 3, '2026-02-16 08:00:00', '2026-02-16 20:00:00', NULL, NULL, NULL, NULL, NULL, 0, 10, NULL, NULL, NULL, '2026-02-16', NULL, 1),
(1486, 34, 2, '2026-02-16 08:00:00', '2026-02-16 20:00:00', NULL, NULL, NULL, NULL, NULL, 10, 10, NULL, NULL, NULL, '2026-02-16', NULL, 1),
(1487, 36, 1, '2026-02-16 08:00:00', '2026-02-16 20:00:00', NULL, NULL, NULL, NULL, NULL, NULL, 10, NULL, NULL, NULL, '2026-02-16', NULL, 1),
(1488, 37, 1, '2026-02-16 08:00:00', '2026-02-16 20:00:00', NULL, NULL, NULL, NULL, NULL, NULL, 10, NULL, NULL, NULL, '2026-02-16', NULL, 1),
(1489, 40, 1, '2026-02-16 08:00:00', '2026-02-16 20:00:00', NULL, NULL, NULL, NULL, NULL, 0, 0, NULL, NULL, NULL, '2026-02-16', NULL, 1),
(1490, 41, 12, '2026-02-16 08:00:00', '2026-02-16 20:00:00', NULL, NULL, NULL, NULL, NULL, 20, 30, NULL, NULL, NULL, '2026-02-16', NULL, 1),
(1491, 42, 1, '2026-02-16 08:00:00', '2026-02-16 20:00:00', NULL, NULL, NULL, NULL, NULL, NULL, 10, NULL, NULL, NULL, '2026-02-16', NULL, 1),
(1492, 43, 3, '2026-02-16 07:45:00', '2026-02-16 18:30:00', NULL, NULL, NULL, NULL, NULL, NULL, 60, NULL, NULL, NULL, '2026-02-16', NULL, 1),
(1493, 44, 5, '2026-02-16 07:45:00', '2026-02-16 18:30:00', NULL, NULL, NULL, NULL, NULL, 60, 30, NULL, NULL, NULL, '2026-02-16', NULL, 1),
(1494, 45, 2, '2026-02-16 07:45:00', '2026-02-16 18:30:00', NULL, NULL, NULL, NULL, NULL, 10, 10, NULL, NULL, NULL, '2026-02-16', NULL, 1),
(1495, 46, 1, '2026-02-16 08:00:00', '2026-02-16 20:00:00', NULL, NULL, NULL, NULL, NULL, NULL, 10, NULL, NULL, NULL, '2026-02-16', NULL, 1),
(1496, 47, 1, '2026-02-16 07:45:00', '2026-02-16 18:30:00', NULL, NULL, NULL, NULL, NULL, 0, 0, NULL, NULL, NULL, '2026-02-16', NULL, 1),
(1497, 48, NULL, '2026-02-16 08:00:00', '2026-02-16 20:00:00', NULL, NULL, NULL, NULL, NULL, NULL, NULL, NULL, NULL, NULL, '2026-02-16', NULL, 1),
(1498, 49, NULL, '2026-02-16 08:00:00', '2026-02-16 20:00:00', NULL, NULL, NULL, NULL, NULL, NULL, NULL, NULL, NULL, NULL, '2026-02-16', NULL, 1),
(1499, 6, 5, '2026-03-02 18:30:00', '2026-03-02 05:30:00', NULL, NULL, NULL, NULL, NULL, 30, 30, NULL, NULL, NULL, '2026-03-02', NULL, 0),
(1500, 7, 4, '2026-03-02 18:30:00', '2026-03-02 05:30:00', NULL, NULL, NULL, NULL, NULL, 30, 30, NULL, NULL, NULL, '2026-03-02', NULL, 0),
(1501, 8, 4, '2026-03-02 18:30:00', '2026-03-02 05:30:00', NULL, NULL, NULL, NULL, NULL, 120, 60, NULL, NULL, NULL, '2026-03-02', NULL, 0),
(1502, 9, 4, '2026-03-02 18:30:00', '2026-03-02 05:30:00', NULL, NULL, NULL, NULL, NULL, 120, 60, NULL, NULL, NULL, '2026-03-02', NULL, 0),
(1503, 10, 4, '2026-03-02 18:30:00', '2026-03-02 05:30:00', NULL, NULL, NULL, NULL, NULL, 120, 60, NULL, NULL, NULL, '2026-03-02', NULL, 0),
(1504, 11, 3, '2026-03-02 18:30:00', '2026-03-02 05:30:00', NULL, NULL, NULL, NULL, NULL, 120, 60, NULL, NULL, NULL, '2026-03-02', NULL, 0),
(1505, 12, 3, '2026-03-02 18:30:00', '2026-03-02 05:30:00', NULL, NULL, NULL, NULL, NULL, 120, 60, NULL, NULL, NULL, '2026-03-02', NULL, 0),
(1506, 13, 3, '2026-03-02 20:00:00', '2026-03-03 08:00:00', NULL, NULL, NULL, NULL, NULL, NULL, 10, NULL, NULL, NULL, '2026-03-02', NULL, 0),
(1507, 14, 6, '2026-03-02 20:00:00', '2026-03-03 08:00:00', NULL, NULL, NULL, NULL, NULL, 20, 30, NULL, NULL, NULL, '2026-03-02', NULL, 0),
(1508, 15, 3, '2026-03-02 20:00:00', '2026-03-03 08:00:00', NULL, NULL, NULL, NULL, NULL, NULL, 10, NULL, NULL, NULL, '2026-03-02', NULL, 0),
(1509, 16, 4, '2026-03-02 20:00:00', '2026-03-03 08:00:00', NULL, NULL, NULL, NULL, NULL, NULL, 10, NULL, NULL, NULL, '2026-03-02', NULL, 0),
(1510, 17, 6, '2026-03-02 20:00:00', '2026-03-03 08:00:00', NULL, NULL, NULL, NULL, NULL, 20, 30, NULL, NULL, NULL, '2026-03-02', NULL, 0),
(1511, 18, 12, '2026-03-02 20:00:00', '2026-03-03 08:00:00', NULL, NULL, NULL, NULL, NULL, 20, 30, NULL, NULL, NULL, '2026-03-02', NULL, 0),
(1512, 19, 3, '2026-03-02 20:00:00', '2026-03-03 08:00:00', NULL, NULL, NULL, NULL, NULL, NULL, 10, NULL, NULL, NULL, '2026-03-02', NULL, 0),
(1513, 20, 7, '2026-03-02 20:00:00', '2026-03-03 08:00:00', NULL, NULL, NULL, NULL, NULL, 5, 30, NULL, NULL, NULL, '2026-03-02', NULL, 0),
(1514, 21, 4, '2026-03-02 20:00:00', '2026-03-03 08:00:00', NULL, NULL, NULL, NULL, NULL, NULL, 10, NULL, NULL, NULL, '2026-03-02', NULL, 0),
(1515, 22, 4, '2026-03-02 20:00:00', '2026-03-03 08:00:00', NULL, NULL, NULL, NULL, NULL, NULL, 10, NULL, NULL, NULL, '2026-03-02', NULL, 0),
(1516, 23, 4, '2026-03-02 20:00:00', '2026-03-03 08:00:00', NULL, NULL, NULL, NULL, NULL, NULL, 10, NULL, NULL, NULL, '2026-03-02', NULL, 0),
(1517, 24, 5, '2026-03-02 20:00:00', '2026-03-03 08:00:00', NULL, NULL, NULL, NULL, NULL, 5, 30, NULL, NULL, NULL, '2026-03-02', NULL, 0),
(1518, 25, 12, '2026-03-02 20:00:00', '2026-03-03 08:00:00', NULL, NULL, NULL, NULL, NULL, 5, 15, NULL, NULL, NULL, '2026-03-02', NULL, 0),
(1519, 26, 4, '2026-03-02 20:00:00', '2026-03-03 08:00:00', NULL, NULL, NULL, NULL, NULL, NULL, 10, NULL, NULL, NULL, '2026-03-02', NULL, 0),
(1520, 27, 4, '2026-03-02 20:00:00', '2026-03-03 08:00:00', NULL, NULL, NULL, NULL, NULL, NULL, 10, NULL, NULL, NULL, '2026-03-02', NULL, 0),
(1521, 28, 4, '2026-03-02 20:00:00', '2026-03-03 08:00:00', NULL, NULL, NULL, NULL, NULL, NULL, 10, NULL, NULL, NULL, '2026-03-02', NULL, 0),
(1522, 29, 2, '2026-03-02 20:00:00', '2026-03-03 08:00:00', NULL, NULL, NULL, NULL, NULL, NULL, 10, NULL, NULL, NULL, '2026-03-02', NULL, 0),
(1523, 30, 2, '2026-03-02 20:00:00', '2026-03-03 08:00:00', NULL, NULL, NULL, NULL, NULL, NULL, 10, NULL, NULL, NULL, '2026-03-02', NULL, 0),
(1524, 31, 3, '2026-03-02 20:00:00', '2026-03-03 08:00:00', NULL, NULL, NULL, NULL, NULL, 30, 30, NULL, NULL, NULL, '2026-03-02', NULL, 0),
(1525, 32, 3, '2026-03-02 20:00:00', '2026-03-03 08:00:00', NULL, NULL, NULL, NULL, NULL, NULL, 10, NULL, NULL, NULL, '2026-03-02', NULL, 0),
(1526, 33, 3, '2026-03-02 20:00:00', '2026-03-03 08:00:00', NULL, NULL, NULL, NULL, NULL, 0, 10, NULL, NULL, NULL, '2026-03-02', NULL, 0),
(1527, 34, 2, '2026-03-02 20:00:00', '2026-03-03 08:00:00', NULL, NULL, NULL, NULL, NULL, 10, 10, NULL, NULL, NULL, '2026-03-02', NULL, 0),
(1528, 36, 1, '2026-03-02 20:00:00', '2026-03-03 08:00:00', NULL, NULL, NULL, NULL, NULL, NULL, 10, NULL, NULL, NULL, '2026-03-02', NULL, 0),
(1529, 37, 1, '2026-03-02 20:00:00', '2026-03-03 08:00:00', NULL, NULL, NULL, NULL, NULL, NULL, 10, NULL, NULL, NULL, '2026-03-02', NULL, 0),
(1530, 40, 1, '2026-03-02 20:00:00', '2026-03-03 08:00:00', NULL, NULL, NULL, NULL, NULL, 0, 0, NULL, NULL, NULL, '2026-03-02', NULL, 0),
(1531, 41, 12, '2026-03-02 20:00:00', '2026-03-03 08:00:00', NULL, NULL, NULL, NULL, NULL, 20, 30, NULL, NULL, NULL, '2026-03-02', NULL, 0),
(1532, 42, 1, '2026-03-02 20:00:00', '2026-03-03 08:00:00', NULL, NULL, NULL, NULL, NULL, NULL, 10, NULL, NULL, NULL, '2026-03-02', NULL, 0),
(1533, 43, 3, '2026-03-02 18:30:00', '2026-03-02 05:30:00', NULL, NULL, NULL, NULL, NULL, NULL, 60, NULL, NULL, NULL, '2026-03-02', NULL, 0),
(1534, 44, 5, '2026-03-02 18:30:00', '2026-03-02 05:30:00', NULL, NULL, NULL, NULL, NULL, 60, 30, NULL, NULL, NULL, '2026-03-02', NULL, 0),
(1535, 45, 2, '2026-03-02 18:30:00', '2026-03-02 05:30:00', NULL, NULL, NULL, NULL, NULL, 10, 10, NULL, NULL, NULL, '2026-03-02', NULL, 0),
(1536, 46, 1, '2026-03-02 20:00:00', '2026-03-03 08:00:00', NULL, NULL, NULL, NULL, NULL, NULL, 10, NULL, NULL, NULL, '2026-03-02', NULL, 0),
(1537, 47, 1, '2026-03-02 18:30:00', '2026-03-02 05:30:00', NULL, NULL, NULL, NULL, NULL, 0, 0, NULL, NULL, NULL, '2026-03-02', NULL, 0),
(1538, 48, NULL, '2026-03-02 20:00:00', '2026-03-03 08:00:00', NULL, NULL, NULL, NULL, NULL, NULL, NULL, NULL, NULL, NULL, '2026-03-02', NULL, 0),
(1539, 49, NULL, '2026-03-02 20:00:00', '2026-03-03 08:00:00', NULL, NULL, NULL, NULL, NULL, NULL, NULL, NULL, NULL, NULL, '2026-03-02', NULL, 0),
(1540, 6, 5, '2026-03-02 07:45:00', '2026-03-02 18:30:00', NULL, NULL, NULL, NULL, NULL, 30, 30, NULL, NULL, NULL, '2026-03-02', NULL, 1),
(1541, 7, 4, '2026-03-02 07:45:00', '2026-03-02 18:30:00', NULL, NULL, NULL, NULL, NULL, 30, 30, NULL, NULL, NULL, '2026-03-02', NULL, 1),
(1542, 8, 4, '2026-03-02 07:45:00', '2026-03-02 18:30:00', NULL, NULL, NULL, NULL, NULL, 120, 60, NULL, NULL, NULL, '2026-03-02', NULL, 1),
(1543, 9, 4, '2026-03-02 07:45:00', '2026-03-02 18:30:00', NULL, NULL, NULL, NULL, NULL, 120, 60, NULL, NULL, NULL, '2026-03-02', NULL, 1),
(1544, 10, 4, '2026-03-02 07:45:00', '2026-03-02 18:30:00', NULL, NULL, NULL, NULL, NULL, 120, 60, NULL, NULL, NULL, '2026-03-02', NULL, 1),
(1545, 11, 3, '2026-03-02 07:45:00', '2026-03-02 18:30:00', NULL, NULL, NULL, NULL, NULL, 120, 60, NULL, NULL, NULL, '2026-03-02', NULL, 1),
(1546, 12, 3, '2026-03-02 07:45:00', '2026-03-02 18:30:00', NULL, NULL, NULL, NULL, NULL, 120, 60, NULL, NULL, NULL, '2026-03-02', NULL, 1),
(1547, 13, 3, '2026-03-02 08:00:00', '2026-03-02 20:00:00', NULL, NULL, NULL, NULL, NULL, NULL, 10, NULL, NULL, NULL, '2026-03-02', NULL, 1),
(1548, 14, 6, '2026-03-02 08:00:00', '2026-03-02 20:00:00', NULL, NULL, NULL, NULL, NULL, 20, 30, NULL, NULL, NULL, '2026-03-02', NULL, 1),
(1549, 15, 3, '2026-03-02 08:00:00', '2026-03-02 20:00:00', NULL, NULL, NULL, NULL, NULL, NULL, 10, NULL, NULL, NULL, '2026-03-02', NULL, 1),
(1550, 16, 4, '2026-03-02 08:00:00', '2026-03-02 20:00:00', NULL, NULL, NULL, NULL, NULL, NULL, 10, NULL, NULL, NULL, '2026-03-02', NULL, 1),
(1551, 17, 6, '2026-03-02 08:00:00', '2026-03-02 20:00:00', NULL, NULL, NULL, NULL, NULL, 20, 30, NULL, NULL, NULL, '2026-03-02', NULL, 1),
(1552, 18, 12, '2026-03-02 08:00:00', '2026-03-02 20:00:00', NULL, NULL, NULL, NULL, NULL, 20, 30, NULL, NULL, NULL, '2026-03-02', NULL, 1),
(1553, 19, 3, '2026-03-02 08:00:00', '2026-03-02 20:00:00', NULL, NULL, NULL, NULL, NULL, NULL, 10, NULL, NULL, NULL, '2026-03-02', NULL, 1),
(1554, 20, 7, '2026-03-02 08:00:00', '2026-03-02 20:00:00', NULL, NULL, NULL, NULL, NULL, 5, 30, NULL, NULL, NULL, '2026-03-02', NULL, 1),
(1555, 21, 4, '2026-03-02 08:00:00', '2026-03-02 20:00:00', NULL, NULL, NULL, NULL, NULL, NULL, 10, NULL, NULL, NULL, '2026-03-02', NULL, 1),
(1556, 22, 4, '2026-03-02 08:00:00', '2026-03-02 20:00:00', NULL, NULL, NULL, NULL, NULL, NULL, 10, NULL, NULL, NULL, '2026-03-02', NULL, 1),
(1557, 23, 4, '2026-03-02 08:00:00', '2026-03-02 20:00:00', NULL, NULL, NULL, NULL, NULL, NULL, 10, NULL, NULL, NULL, '2026-03-02', NULL, 1),
(1558, 24, 5, '2026-03-02 08:00:00', '2026-03-02 20:00:00', NULL, NULL, NULL, NULL, NULL, 5, 30, NULL, NULL, NULL, '2026-03-02', NULL, 1),
(1559, 25, 12, '2026-03-02 08:00:00', '2026-03-02 20:00:00', NULL, NULL, NULL, NULL, NULL, 5, 15, NULL, NULL, NULL, '2026-03-02', NULL, 1),
(1560, 26, 4, '2026-03-02 08:00:00', '2026-03-02 20:00:00', NULL, NULL, NULL, NULL, NULL, NULL, 10, NULL, NULL, NULL, '2026-03-02', NULL, 1),
(1561, 27, 4, '2026-03-02 08:00:00', '2026-03-02 20:00:00', NULL, NULL, NULL, NULL, NULL, NULL, 10, NULL, NULL, NULL, '2026-03-02', NULL, 1),
(1562, 28, 4, '2026-03-02 08:00:00', '2026-03-02 20:00:00', NULL, NULL, NULL, NULL, NULL, NULL, 10, NULL, NULL, NULL, '2026-03-02', NULL, 1),
(1563, 29, 2, '2026-03-02 08:00:00', '2026-03-02 20:00:00', NULL, NULL, NULL, NULL, NULL, NULL, 10, NULL, NULL, NULL, '2026-03-02', NULL, 1),
(1564, 30, 2, '2026-03-02 08:00:00', '2026-03-02 20:00:00', NULL, NULL, NULL, NULL, NULL, NULL, 10, NULL, NULL, NULL, '2026-03-02', NULL, 1),
(1565, 31, 3, '2026-03-02 08:00:00', '2026-03-02 20:00:00', NULL, NULL, NULL, NULL, NULL, 30, 30, NULL, NULL, NULL, '2026-03-02', NULL, 1),
(1566, 32, 3, '2026-03-02 08:00:00', '2026-03-02 20:00:00', NULL, NULL, NULL, NULL, NULL, NULL, 10, NULL, NULL, NULL, '2026-03-02', NULL, 1),
(1567, 33, 3, '2026-03-02 08:00:00', '2026-03-02 20:00:00', NULL, NULL, NULL, NULL, NULL, 0, 10, NULL, NULL, NULL, '2026-03-02', NULL, 1),
(1568, 34, 2, '2026-03-02 08:00:00', '2026-03-02 20:00:00', NULL, NULL, NULL, NULL, NULL, 10, 10, NULL, NULL, NULL, '2026-03-02', NULL, 1),
(1569, 36, 1, '2026-03-02 08:00:00', '2026-03-02 20:00:00', NULL, NULL, NULL, NULL, NULL, NULL, 10, NULL, NULL, NULL, '2026-03-02', NULL, 1),
(1570, 37, 1, '2026-03-02 08:00:00', '2026-03-02 20:00:00', NULL, NULL, NULL, NULL, NULL, NULL, 10, NULL, NULL, NULL, '2026-03-02', NULL, 1),
(1571, 40, 1, '2026-03-02 08:00:00', '2026-03-02 20:00:00', NULL, NULL, NULL, NULL, NULL, 0, 0, NULL, NULL, NULL, '2026-03-02', NULL, 1),
(1572, 41, 12, '2026-03-02 08:00:00', '2026-03-02 20:00:00', NULL, NULL, NULL, NULL, NULL, 20, 30, NULL, NULL, NULL, '2026-03-02', NULL, 1),
(1573, 42, 1, '2026-03-02 08:00:00', '2026-03-02 20:00:00', NULL, NULL, NULL, NULL, NULL, NULL, 10, NULL, NULL, NULL, '2026-03-02', NULL, 1),
(1574, 43, 3, '2026-03-02 07:45:00', '2026-03-02 18:30:00', NULL, NULL, NULL, NULL, NULL, NULL, 60, NULL, NULL, NULL, '2026-03-02', NULL, 1),
(1575, 44, 5, '2026-03-02 07:45:00', '2026-03-02 18:30:00', NULL, NULL, NULL, NULL, NULL, 60, 30, NULL, NULL, NULL, '2026-03-02', NULL, 1),
(1576, 45, 2, '2026-03-02 07:45:00', '2026-03-02 18:30:00', NULL, NULL, NULL, NULL, NULL, 10, 10, NULL, NULL, NULL, '2026-03-02', NULL, 1),
(1577, 46, 1, '2026-03-02 08:00:00', '2026-03-02 20:00:00', NULL, NULL, NULL, NULL, NULL, NULL, 10, NULL, NULL, NULL, '2026-03-02', NULL, 1),
(1578, 47, 1, '2026-03-02 07:45:00', '2026-03-02 18:30:00', NULL, NULL, NULL, NULL, NULL, 0, 0, NULL, NULL, NULL, '2026-03-02', NULL, 1),
(1579, 48, NULL, '2026-03-02 08:00:00', '2026-03-02 20:00:00', NULL, NULL, NULL, NULL, NULL, NULL, NULL, NULL, NULL, NULL, '2026-03-02', NULL, 1),
(1580, 49, NULL, '2026-03-02 08:00:00', '2026-03-02 20:00:00', NULL, NULL, NULL, NULL, NULL, NULL, NULL, NULL, NULL, NULL, '2026-03-02', NULL, 1),
(1581, 6, 5, '2026-03-03 07:45:00', '2026-03-03 18:30:00', NULL, NULL, NULL, NULL, NULL, 30, 30, NULL, NULL, NULL, '2026-03-03', NULL, 1),
(1582, 7, 4, '2026-03-03 07:45:00', '2026-03-03 18:30:00', NULL, NULL, NULL, NULL, NULL, 30, 30, NULL, NULL, NULL, '2026-03-03', NULL, 1),
(1583, 8, 4, '2026-03-03 07:45:00', '2026-03-03 18:30:00', NULL, NULL, NULL, NULL, NULL, 120, 60, NULL, NULL, NULL, '2026-03-03', NULL, 1),
(1584, 9, 4, '2026-03-03 07:45:00', '2026-03-03 18:30:00', NULL, NULL, NULL, NULL, NULL, 120, 60, NULL, NULL, NULL, '2026-03-03', NULL, 1),
(1585, 10, 4, '2026-03-03 07:45:00', '2026-03-03 18:30:00', NULL, NULL, NULL, NULL, NULL, 120, 60, NULL, NULL, NULL, '2026-03-03', NULL, 1),
(1586, 11, 3, '2026-03-03 07:45:00', '2026-03-03 18:30:00', NULL, NULL, NULL, NULL, NULL, 120, 60, NULL, NULL, NULL, '2026-03-03', NULL, 1),
(1587, 12, 3, '2026-03-03 07:45:00', '2026-03-03 18:30:00', NULL, NULL, NULL, NULL, NULL, 120, 60, NULL, NULL, NULL, '2026-03-03', NULL, 1),
(1588, 13, 3, '2026-03-03 08:00:00', '2026-03-03 20:00:00', NULL, NULL, NULL, NULL, NULL, NULL, 10, NULL, NULL, NULL, '2026-03-03', NULL, 1),
(1589, 14, 6, '2026-03-03 08:00:00', '2026-03-03 20:00:00', NULL, NULL, NULL, NULL, NULL, 20, 30, NULL, NULL, NULL, '2026-03-03', NULL, 1),
(1590, 15, 3, '2026-03-03 08:00:00', '2026-03-03 20:00:00', NULL, NULL, NULL, NULL, NULL, NULL, 10, NULL, NULL, NULL, '2026-03-03', NULL, 1),
(1591, 16, 4, '2026-03-03 08:00:00', '2026-03-03 20:00:00', NULL, NULL, NULL, NULL, NULL, NULL, 10, NULL, NULL, NULL, '2026-03-03', NULL, 1),
(1592, 17, 6, '2026-03-03 08:00:00', '2026-03-03 20:00:00', NULL, NULL, NULL, NULL, NULL, 20, 30, NULL, NULL, NULL, '2026-03-03', NULL, 1),
(1593, 18, 12, '2026-03-03 08:00:00', '2026-03-03 20:00:00', NULL, NULL, NULL, NULL, NULL, 20, 30, NULL, NULL, NULL, '2026-03-03', NULL, 1),
(1594, 19, 3, '2026-03-03 08:00:00', '2026-03-03 20:00:00', NULL, NULL, NULL, NULL, NULL, NULL, 10, NULL, NULL, NULL, '2026-03-03', NULL, 1),
(1595, 20, 7, '2026-03-03 08:00:00', '2026-03-03 20:00:00', NULL, NULL, NULL, NULL, NULL, 5, 30, NULL, NULL, NULL, '2026-03-03', NULL, 1),
(1596, 21, 4, '2026-03-03 08:00:00', '2026-03-03 20:00:00', NULL, NULL, NULL, NULL, NULL, NULL, 10, NULL, NULL, NULL, '2026-03-03', NULL, 1),
(1597, 22, 4, '2026-03-03 08:00:00', '2026-03-03 20:00:00', NULL, NULL, NULL, NULL, NULL, NULL, 10, NULL, NULL, NULL, '2026-03-03', NULL, 1),
(1598, 23, 4, '2026-03-03 08:00:00', '2026-03-03 20:00:00', NULL, NULL, NULL, NULL, NULL, NULL, 10, NULL, NULL, NULL, '2026-03-03', NULL, 1),
(1599, 24, 5, '2026-03-03 08:00:00', '2026-03-03 20:00:00', NULL, NULL, NULL, NULL, NULL, 5, 30, NULL, NULL, NULL, '2026-03-03', NULL, 1),
(1600, 25, 12, '2026-03-03 08:00:00', '2026-03-03 20:00:00', NULL, NULL, NULL, NULL, NULL, 5, 15, NULL, NULL, NULL, '2026-03-03', NULL, 1),
(1601, 26, 4, '2026-03-03 08:00:00', '2026-03-03 20:00:00', NULL, NULL, NULL, NULL, NULL, NULL, 10, NULL, NULL, NULL, '2026-03-03', NULL, 1),
(1602, 27, 4, '2026-03-03 08:00:00', '2026-03-03 20:00:00', NULL, NULL, NULL, NULL, NULL, NULL, 10, NULL, NULL, NULL, '2026-03-03', NULL, 1),
(1603, 28, 4, '2026-03-03 08:00:00', '2026-03-03 20:00:00', NULL, NULL, NULL, NULL, NULL, NULL, 10, NULL, NULL, NULL, '2026-03-03', NULL, 1),
(1604, 29, 2, '2026-03-03 08:00:00', '2026-03-03 20:00:00', NULL, NULL, NULL, NULL, NULL, NULL, 10, NULL, NULL, NULL, '2026-03-03', NULL, 1),
(1605, 30, 2, '2026-03-03 08:00:00', '2026-03-03 20:00:00', NULL, NULL, NULL, NULL, NULL, NULL, 10, NULL, NULL, NULL, '2026-03-03', NULL, 1),
(1606, 31, 3, '2026-03-03 08:00:00', '2026-03-03 20:00:00', NULL, NULL, NULL, NULL, NULL, 30, 30, NULL, NULL, NULL, '2026-03-03', NULL, 1),
(1607, 32, 3, '2026-03-03 08:00:00', '2026-03-03 20:00:00', NULL, NULL, NULL, NULL, NULL, NULL, 10, NULL, NULL, NULL, '2026-03-03', NULL, 1),
(1608, 33, 3, '2026-03-03 08:00:00', '2026-03-03 20:00:00', NULL, NULL, NULL, NULL, NULL, 0, 10, NULL, NULL, NULL, '2026-03-03', NULL, 1),
(1609, 34, 2, '2026-03-03 08:00:00', '2026-03-03 20:00:00', NULL, NULL, NULL, NULL, NULL, 10, 10, NULL, NULL, NULL, '2026-03-03', NULL, 1),
(1610, 36, 1, '2026-03-03 08:00:00', '2026-03-03 20:00:00', NULL, NULL, NULL, NULL, NULL, NULL, 10, NULL, NULL, NULL, '2026-03-03', NULL, 1),
(1611, 37, 1, '2026-03-03 08:00:00', '2026-03-03 20:00:00', NULL, NULL, NULL, NULL, NULL, NULL, 10, NULL, NULL, NULL, '2026-03-03', NULL, 1),
(1612, 40, 1, '2026-03-03 08:00:00', '2026-03-03 20:00:00', NULL, NULL, NULL, NULL, NULL, 0, 0, NULL, NULL, NULL, '2026-03-03', NULL, 1),
(1613, 41, 12, '2026-03-03 08:00:00', '2026-03-03 20:00:00', NULL, NULL, NULL, NULL, NULL, 20, 30, NULL, NULL, NULL, '2026-03-03', NULL, 1),
(1614, 42, 1, '2026-03-03 08:00:00', '2026-03-03 20:00:00', NULL, NULL, NULL, NULL, NULL, NULL, 10, NULL, NULL, NULL, '2026-03-03', NULL, 1),
(1615, 43, 3, '2026-03-03 07:45:00', '2026-03-03 18:30:00', NULL, NULL, NULL, NULL, NULL, NULL, 60, NULL, NULL, NULL, '2026-03-03', NULL, 1),
(1616, 44, 5, '2026-03-03 07:45:00', '2026-03-03 18:30:00', NULL, NULL, NULL, NULL, NULL, 60, 30, NULL, NULL, NULL, '2026-03-03', NULL, 1),
(1617, 45, 2, '2026-03-03 07:45:00', '2026-03-03 18:30:00', NULL, NULL, NULL, NULL, NULL, 10, 10, NULL, NULL, NULL, '2026-03-03', NULL, 1),
(1618, 46, 1, '2026-03-03 08:00:00', '2026-03-03 20:00:00', NULL, NULL, NULL, NULL, NULL, NULL, 10, NULL, NULL, NULL, '2026-03-03', NULL, 1),
(1619, 47, 1, '2026-03-03 07:45:00', '2026-03-03 18:30:00', NULL, NULL, NULL, NULL, NULL, 0, 0, NULL, NULL, NULL, '2026-03-03', NULL, 1),
(1620, 48, NULL, '2026-03-03 08:00:00', '2026-03-03 20:00:00', NULL, NULL, NULL, NULL, NULL, NULL, NULL, NULL, NULL, NULL, '2026-03-03', NULL, 1),
(1621, 49, NULL, '2026-03-03 08:00:00', '2026-03-03 20:00:00', NULL, NULL, NULL, NULL, NULL, NULL, NULL, NULL, NULL, NULL, '2026-03-03', NULL, 1);

-- --------------------------------------------------------

--
-- Структура таблицы `logs`
--

CREATE TABLE `logs` (
  `log_id` bigint UNSIGNED NOT NULL,
  `action` varchar(255) CHARACTER SET utf8mb4 COLLATE utf8mb4_unicode_ci NOT NULL,
  `people_count` varchar(255) CHARACTER SET utf8mb4 COLLATE utf8mb4_unicode_ci DEFAULT NULL,
  `line_id` int NOT NULL,
  `workers` text COLLATE utf8mb4_unicode_ci NOT NULL,
  `date` date DEFAULT NULL,
  `isDay` tinyint(1) NOT NULL,
  `started_at` datetime NOT NULL,
  `ended_at` datetime DEFAULT NULL
) ENGINE=InnoDB DEFAULT CHARSET=utf8mb4 COLLATE=utf8mb4_unicode_ci;

--
-- Дамп данных таблицы `logs`
--

INSERT INTO `logs` (`log_id`, `action`, `people_count`, `line_id`, `workers`, `date`, `isDay`, `started_at`, `ended_at`) VALUES
(20, 'Остановка работы линии по причине: ', '0', 9, '', '2026-02-10', 0, '2026-02-11 16:34:43', '2026-02-11 16:52:19'),
(21, 'Остановка работы линии по причине: ', '0', 11, '', '2026-02-10', 0, '2026-02-11 16:35:00', '2026-02-11 16:52:22'),
(22, 'Остановка работы линии по причине: ', '0', 12, '', '2026-02-10', 0, '2026-02-11 16:35:13', '2026-02-11 16:52:24');

-- --------------------------------------------------------

--
-- Структура таблицы `migrations`
--

CREATE TABLE `migrations` (
  `id` int UNSIGNED NOT NULL,
  `migration` varchar(255) CHARACTER SET utf8mb4 COLLATE utf8mb4_unicode_ci NOT NULL,
  `batch` int NOT NULL
) ENGINE=InnoDB DEFAULT CHARSET=utf8mb4 COLLATE=utf8mb4_unicode_ci;

--
-- Дамп данных таблицы `migrations`
--

INSERT INTO `migrations` (`id`, `migration`, `batch`) VALUES
(1, '2024_08_25_182757_create_lines_table', 1),
(2, '2024_08_26_191007_create_workers_table', 1),
(3, '2024_08_26_191124_create_slots_table', 1),
(4, '2024_08_26_191305_change_lines_table', 1),
(5, '2024_08_26_191805_add_worker_company', 1),
(6, '2024_08_26_204005_slots_add_line_id', 1),
(7, '2024_08_28_192204_create_products_table', 1),
(8, '2024_09_03_142808_change_prod_field_and_delete_slot_title', 1),
(9, '2024_09_09_152034_add_base_time_to_worker', 1),
(10, '2024_09_09_185558_change_type_of_time_planned', 1),
(11, '2024_09_10_195432_add_down_fields', 1),
(12, '2024_09_10_214012_set_default_down_time', 1),
(13, '2024_09_10_222744_change_down_time_type', 1),
(14, '2024_09_11_182826_change_time_planned', 1),
(15, '2024_09_11_190652_add_color', 1),
(16, '2024_09_12_091222_add)fields', 1),
(17, '2024_09_29_102743_add_cancel_reason', 1),
(18, '2024_10_03_144237_create_logs_table', 1),
(19, '2024_10_15_190826_products_update', 1),
(20, '2024_10_16_133422_add_products_categories', 1),
(21, '2024_10_20_120855_create_products_order', 1),
(22, '2024_10_28_194216_add_type_field', 2),
(23, '2024_10_29_181104_add_new_fields', 2),
(24, '2024_11_03_083042_add_fields_to_slots', 2),
(25, '2024_11_21_192839_add_amount_field', 3),
(26, '2024_11_25_135057_add_updated_and_hardware_fields', 4),
(27, '2024_11_26_174717_ad_hardware_field', 4),
(28, '2024_12_18_180321_add_type_id_field', 5),
(29, '2024_12_18_185432_show', 5),
(30, '2024_12_23_163431_add_line_to_logs', 6),
(31, '2025_01_08_130144_alter_responsibles_table', 6),
(32, '2025_01_16_184325_add_lines_fields', 7),
(33, '2025_01_20_111502_add_workers_to_logs', 8),
(34, '2025_01_20_182959_add_logs_fields', 8),
(35, '2025_01_24_140657_change_hardware_column', 9),
(36, '2025_02_09_200158_add_detector', 10),
(37, '2025_02_13_092041_add_day_column', 11),
(38, '2025_02_14_102446_add_day_column_to_order', 11),
(40, '2025_02_17_182139_make_started_at_nullable_at_extra_lines', 12),
(41, '2025_03_10_104914_add_position_column', 13),
(44, '2025_03_17_174313_add_is_day_column', 14),
(45, '2025_03_24_173519_alter_hardwares', 15),
(46, '2025_07_03_200608_change_slots_datatype_and_add_stay_table', 16),
(47, '2025_07_16_162515_add_packaged_flag_to_products', 16),
(48, '2025_07_24_182708_add_delay_and_drop_timestamps', 17),
(49, '2025_07_28_094159_tt', 17),
(50, '2025_07_29_150925_drop_logs', 18),
(51, '2025_08_14_104726_change_slots_types', 19),
(52, '2025_12_08_163102_add_opudrivanie', 20),
(53, '2025_12_15_155247_alter_slots', 21),
(54, '2026_01_02_123248_alter_products_plan', 22),
(55, '2026_02_14_221246_add_hardware_and_remove_zm', 23),
(56, '2026_02_25_190757_add_companies_stay_cost', 24);

-- --------------------------------------------------------

--
-- Структура таблицы `products_categories`
--

CREATE TABLE `products_categories` (
  `category_id` bigint UNSIGNED NOT NULL,
  `title` varchar(255) CHARACTER SET utf8mb4 COLLATE utf8mb4_unicode_ci NOT NULL,
  `parent_category` int DEFAULT NULL,
  `type_id` tinyint DEFAULT '1'
) ENGINE=InnoDB DEFAULT CHARSET=utf8mb4 COLLATE=utf8mb4_unicode_ci;

--
-- Дамп данных таблицы `products_categories`
--

INSERT INTO `products_categories` (`category_id`, `title`, `parent_category`, `type_id`) VALUES
(1, '1. Зефир', NULL, 3),
(2, '2. Конфеты', NULL, 3),
(3, '1.1. Зефир весовой', 1, 1),
(4, '1.2. Зефир фасованный', 1, 2),
(5, '2.1. Конфеты весовые', 2, 1),
(6, '1.1.1. Зефир в шоколадной глазури вес', 3, 2),
(7, '1.1.2. Зефир в йогуртовой глазури вес', 3, 2),
(8, '1.1.3. Зефир в сахарной пудре вес', 3, 2),
(9, '1.2.1. Зефир в шоколадной глазури фас', 4, 1),
(10, '1.2.2. Зефир в йогуртовой глаз, фас', 4, 1),
(11, '1.2.3. Зефир в сахарной пудре фасованный', 4, 1),
(12, '1.2.5. Ника', 4, 1),
(13, '1.2.8.Тверской кондитер', 4, 1),
(14, '2.1.1. Саше', 5, 2),
(15, '2.1.2. Суфле весовое в завертке', 5, 2),
(16, '2.1.3. Конфеты ликер. колл.', 5, 2),
(17, '2.2. Конфеты фасованные', 2, 1),
(18, '2.2.1. Розы', 17, 1),
(19, '2.2.2. Подарки', 17, 1),
(20, '2.2.3. Ликерная коллекция', 17, 1),
(21, '1.1.4. Вкусное дело', 3, 2),
(22, '1.2.4. Юнифуд', 4, 1),
(23, '1.2.6. ВитаПродСервис', 4, 1),
(24, '1.2.7. Молдавия', 4, 1),
(25, '1.3. Вайлдберриз', 4, 1),
(26, '1.4. Озон', 4, 1),
(27, '1.5. Яндекс', 4, 1),
(28, '3. Крем-десерт', NULL, 3),
(29, '4. Архив', NULL, 3),
(30, '1.7. Зефир без сахара', 1, 1),
(31, '1.2.9. Муми Милк (США)', 4, 1),
(32, '1.1.5. Ветлайф (Грузия)', 3, 1);

-- --------------------------------------------------------

--
-- Структура таблицы `products_dictionary`
--

CREATE TABLE `products_dictionary` (
  `product_id` bigint UNSIGNED NOT NULL,
  `title` varchar(255) CHARACTER SET utf8mb4 COLLATE utf8mb4_unicode_ci NOT NULL,
  `category_id` int NOT NULL,
  `amount2parts` varchar(255) CHARACTER SET utf8mb4 COLLATE utf8mb4_unicode_ci DEFAULT NULL,
  `parts2kg` varchar(255) CHARACTER SET utf8mb4 COLLATE utf8mb4_unicode_ci DEFAULT NULL,
  `kg2boil` varchar(255) COLLATE utf8mb4_unicode_ci DEFAULT '0',
  `cars` varchar(255) COLLATE utf8mb4_unicode_ci DEFAULT '0',
  `cars2plates` varchar(255) COLLATE utf8mb4_unicode_ci DEFAULT '0',
  `always_show` tinyint(1) DEFAULT NULL
) ENGINE=InnoDB DEFAULT CHARSET=utf8mb4 COLLATE=utf8mb4_unicode_ci;

--
-- Дамп данных таблицы `products_dictionary`
--

INSERT INTO `products_dictionary` (`product_id`, `title`, `category_id`, `amount2parts`, `parts2kg`, `kg2boil`, `cars`, `cars2plates`, `always_show`) VALUES
(1, 'Зефир \"Жизель\"  глазированный с ароматом ванили в инд. цвет. уп. 2 кг (телевизор)', 6, '1', '2', '1.03*0.82/147', '(5547/3456)', '64', 0),
(2, 'Зефир \"Жизель\"  с \"вареной сгущенкой\" глазированный в цвет. индивид. упаковке 4кг', 6, '1', '4', '1.01*0.72/147', '(6035/3456)', '64', 0),
(3, 'Зефир \"Жизель\"  с вареной сгущенкой глазированный с ароматом ванили 1,2кг (телевизор)', 6, '1', '1.2', '1.01*0.72/147', '(6035/3456)', '64', 0),
(4, 'Зефир \"Жизель\"  с вареной сгущенкой глазированный с ароматом ванили 2,5кг', 6, '1', '2.5', '1.01*0.72/147', '(6035/3456)', '64', 1),
(5, 'Зефир \"Жизель\"  с фруктовой начинкой глазированный с ароматом ванили 2,5кг', 6, '1', '2.5', '1.01*0.72/147', '(6035/3456)', '64', 1),
(6, 'Зефир \"Жизель\" (новогодний дизайн) глазированный с ароматом ванили в инд. цвет. уп. 2 кг (телевизор)', 6, '1', '2', '1.03*0.82/147', '(5547/3456)', '64', 0),
(7, 'Зефир \"Жизель\" (новогодний дизайн) глазированный с ароматом ванили в цвет. индивид. упаковке 4кг', 6, '1', '4', '1.03*0.82/147', '(5547/3456)', '64', 0),
(8, 'Зефир \"Жизель\" глазированный с ароматом ванили 1,2кг (телевизор)', 6, '1', '1.2', '1.03*0.82/147', '(5547/3456)', '64', 0),
(9, 'Зефир \"Жизель\" глазированный с ароматом ванили 2,5кг', 6, '1', '2.5', '1.03*0.82/147', '(5547/3456)', '64', 1),
(10, 'Зефир \"Жизель\" глазированный с ароматом ванили 2,5кг (ГОСТ ОМАРОВ)', 6, '1', '2.5', '1.03*0.82/147', '(5547/3456)', '64', 0),
(11, 'Зефир \"Жизель\" глазированный с ароматом ванили 6шт по 1,2кг (телевизор)', 6, '1', '1.2', '1.03*0.82/147', '(5547/3456)', '64', 0),
(12, 'Зефир \"Жизель\" глазированный с ароматом ванили в цвет. индивид. упаковке 4кг', 6, '1', '4', '1.03*0.82/147', '(5547/3456)', '64', 0),
(13, 'Зефир \"Жизель\" с \"вареной сгущенкой\" глазированный (в инд. цветной упаковке) 2 кг. (телевизор)', 6, '1', '2', '1.01*0.72/147', '(6035/3456)', '64', 0),
(14, 'Зефир \"Жизель\" с фруктовой начинкой глазированный 1,2кг (телевизор)', 6, '1', '1.2', '1.01*0.72/147', '(6035/3456)', '64', 0),
(15, 'Зефир \"Жизель\" с фруктовой начинкой глазированный в цвет. индивид. упаковке 2 кг. (телевизор)', 6, '1', '2', '1.01*0.72/147', '(6035/3456)', '64', 0),
(16, 'Зефир \"Шарлиз\" глазированный с ароматом ванили (в инд. цвет. упаковке) 3,0 кг', 6, '1', '3', '1.03*0.82/147', '(5547/3456)', '64', 0),
(17, 'Зефир «Delisse» глазированный с ароматом ванили (в индивидуальной цветной упаковке) 4,0 кг', 6, '1', '4', '1.03*0.82/147', '(5547/3456)', '64', 0),
(18, 'Зефир «Красная птица» глазированный с ароматом ванили в индивидуальной упаковке 4кг', 6, '1', '4', '1.03*0.82/147', '(5547/3456)', '64', 0),
(19, 'Зефир\"Жизель\" глазированный с ароматом ванили 3,5кг (в гофроящике \"телевизор\")', 6, '1', '3.5', '1.03*0.82/147', '(5547/3456)', '64', 0),
(20, 'Зефир \"Жизель\" в йогуртовой глазури с ароматом ванили 1кг (телевизоры)', 7, '1', '1', '1.03*0.84/147', '(6391/2880)', '64', 0),
(21, 'Зефир \"Жизель\" в йогуртовой глазури с ароматом ванили 2,5кг', 7, '1', '2.5', '1.03*0.84/147', '(5547/3456)', '64', 1),
(22, 'Зефир \"Жизель\" в йогуртовой глазури с ароматом ванили 3,5кг (телевизор)', 7, '1', '3.5', '1.03*0.82/147', '(5547/3456)', '64', 0),
(23, 'Зефир \"Жизель\" в йогуртовой глазури с ароматом ванили в цв. инд. уп. 4кг', 7, '1', '4', '1.03*0.84/147', '(5547/3456)', '64', 0),
(24, 'Зефир \"Жизель\" в йогуртовой глазури с ароматом ванили в цв. инд. уп., 2 кг. (телевизор)', 7, '1', '2', '1.03*0.84/147', '(5068/3456)', '64', 0),
(25, 'Зефир \"Жизель\" с \"вареной сгущенкой\" в йогуртовой глазури с ароматом ванили 1кг (телевизоры)', 7, '1', '1', '1.01*0.756/147', '(6035/3456)', '64', 0),
(26, 'Зефир \"Жизель\" с \"вареной сгущенкой\" в йогуртовой глазури с ароматом ванили 2,5кг', 7, '1', '2.5', '1.01*0.756/147', '(6035/3456)', '64', 1),
(27, 'Зефир \"Жизель\" с фруктовой начинкой в йогурт. гл. с ароматом ванили 2,5 кг', 7, '1', '2.5', '1.01*0.756/147', '(6035/3456)', '64', 1),
(28, 'Зефир ДЛЯ НГ \"Жизель\" в йогуртовой глазури с ароматом ванили в цв. инд. уп. 4кг', 7, '1', '4', '1.03*0.84/147', '(5547/3456)', '64', 0),
(29, 'Зефир \"Бело-розовый\" с ароматом ванили и малины 2,4 кг', 8, '1', '2.4', '1.02*0.99/147', '(6043/2880)', '64', 0),
(30, 'Зефир \"Бело-розовый\" с ароматом ванили и малины 3,2кг (в гофроящике \"телевизор\")', 8, '1', '3.2', '1.02*0.99/147', '(6043/2880)', '64', 0),
(31, 'Зефир \"Бело-розовый\" с ароматом ванили и малины 4,5 кг', 8, '1', '4.5', '1.02*0.99/147', '(6043/2880)', '64', 1),
(32, 'Зефир \"Бело-розовый\" с ароматом ванили и малины в индивид. упаковке 4 кг (форма цветок)', 8, '1', '4', '1.02*0.99/147', '(4983/2880)', '64', 0),
(33, 'Зефир \"Жизель\"  со вкусом творога 4,0 кг', 8, '1', '4', '1.02*0.99/147', '(6043/2880)', '64', 1),
(34, 'Зефир \"Жизель\" с ароматом ванили 1 кг (телевизор)', 8, '1', '1', '1.02*0.99/147', '(4983/2880)', '64', 0),
(35, 'Зефир \"Жизель\" с ароматом ванили 2,4 кг', 8, '1', '2.4', '1.02*0.99/147', '(6043/2880)', '64', 0),
(36, 'Зефир \"Жизель\" с ароматом ванили 4,5 кг', 8, '1', '4.5', '1.02*0.99/147', '(6043/2880)', '64', 1),
(37, 'Зефир \"Жизель\" с ароматом ванили в индивид. прозрачной упаковке 4кг', 8, '1', '4', '1.02*0.99/147', '(4983/2880)', '64', 0),
(38, 'Зефир \"Жизель\" с ароматом ванили и малины 1кг (телевизор)', 8, '1', '1', '1.02*0.99/147', '(4983/2880)', '64', 0),
(39, 'Зефир \"Жизель\" с ароматом крем-брюле 1 кг (телевизор)', 8, '1', '1', '1.02*0.99/147', '(4983/2880)', '64', 0),
(40, 'Зефир \"Жизель\" с ароматом крем-брюле 2,4 кг', 8, '1', '2.4', '1.02*0.99/147', '(6043/2880)', '64', 0),
(41, 'Зефир \"Жизель\" с ароматом крем-брюле 4,5 кг', 8, '1', '4.5', '1.02*0.99/147', '(6043/2880)', '64', 1),
(43, 'Зефир \"Жизель\" с ароматом крем-брюле в индивид. прозрачной упаковке 4кг', 8, '1', '4', '1.02*0.99/147', '(4983/2880)', '64', 0),
(44, 'Зефир \"Жизель\" с фруктовой начинкой с ароматом малины 1кг (телевизор)', 8, '1', '1', '0.9*1.01/147', '(6533/3456)', '64', 0),
(45, 'Зефир \"Жизель\" с фруктовой начинкой с ароматом малины в индивид. прозрачной упаковке 4кг', 8, '1', '4', '1.02*0.99/147', '(4983/2880)', '64', 0),
(46, 'Зефир \"Жизель\" с фруктовой начинкой со вкусом мандарина 1кг (телевизор)', 8, '1', '1', '0.9*1.01/147', '(6533/3456)', '64', 0),
(47, 'Зефир \"Жизель\" с фруктовой начинкой со вкусом мандарина 2,5кг', 8, '1', '2.5', '0.9*1.01/147', '(6533/3456)', '64', 0),
(48, 'Зефир \"Жизель\" с фруктовой начинкой со вкусом мандарина 3,5кг  (в гофроящике \"телевизор\")', 8, '1', '3.5', '0.9*1.01/147', '(6533/3456)', '64', 0),
(49, 'Зефир \"Жизель\" с фруктовой начинкой со вкусом мандарина 4,5кг', 8, '1', '4.5', '0.9*1.01/147', '(6533/3456)', '64', 1),
(50, 'Зефир \"Жизель\" со вкусом творога 1 кг (телевизор)', 8, '1', '1', '1.02*0.99/147', '(6391/2880)', '64', 0),
(51, 'Зефир \"Жизель\" со вкусом творога 2,4 кг', 8, '1', '2.4', '1.02*0.99/147', '(6043/2880)', '64', 0),
(52, 'Зефир \"Жизель\" со вкусом яблока 1 кг (телевизор)', 8, '1', '1', '1.02*0.99/147', '(6391/2880)', '64', 0),
(53, 'Зефир \"Жизель\" со вкусом яблока 2,4 кг', 8, '1', '2.4', '1.02*0.99/147', '(6043/2880)', '64', 0),
(54, 'Зефир \"Жизель\" со вкусом яблока 4 кг', 8, '1', '4', '1.02*0.99/147', '(6043/2880)', '64', 0),
(55, 'Зефир \"Жизель\" со вкусом яблока в индивид. прозрачной упаковке 4кг', 8, '1', '4', '1.02*0.99/147', '(4983/2880)', '64', 0),
(56, 'Зефир \"Славянка\" ванильный ГОСТ\" 3,2кг', 8, '1', '3.2', '1.02*0.99/147', '(5600/2880)', '64', 0),
(57, 'Зефир \"Сокол\" с фруктовой начинкой с ароматом малины 3,5 кг (в гофроящике \"телевизор\")', 8, '1', '3.5', '0.9*1.01/147', '(6533/3456)', '64', 0),
(58, 'Зефир \"Сокол\" с фруктовой начинкой с ароматом малины 4,5кг', 8, '1', '4.5', '0.9*1.01/147', '(6533/3456)', '64', 1),
(59, 'Зефир «Жизель» клюквенный 3,2 кг  (в гофроящике \"телевизор\")', 8, '1', '3.2', '1.02*0.99/147', '(6043/2880)', '64', 0),
(60, 'Зефир «Жизель» клюквенный 4,0 кг', 8, '1', '4', '1.02*0.99/147', '(6043/2880)', '64', 1),
(61, 'Зефир «Красная птица» с ароматом ванили в индивидуальной упаковке 4 кг', 8, '1', '4', '1.02*0.99/147', '(4983/2880)', '64', 0),
(62, 'Зефир «Красная птица» с фруктовой начинкой с ароматом ванили в индивидуальной упаковке 4 кг', 8, '1', '4', '0.9*1.01/147', '(6533/3456)', '64', 0),
(63, 'Зефир\"Жизель\" с ароматом ванили 3,2кг (в гофроящике \"телевизор\")', 8, '1', '3.2', '1.02*0.99/147', '(6043/2880)', '64', 0),
(64, 'Зефир\"Жизель\" с ароматом крем-брюле 3,2кг (в гофроящике \"телевизор\")', 8, '1', '3.2', '1.02*0.99/147', '(6043/2880)', '64', 0),
(65, 'Зефир\"Жизель\" со вкусом творога 3,2кг (в гофроящике \"телевизор\")', 8, '1', '3.2', '1.02*0.99/147', '(6043/2880)', '64', 0),
(66, 'Зефир\"Жизель\" со вкусом яблока 3,2кг (в гофроящике \"телевизор\")', 8, '1', '3.2', '1.02*0.99/147', '(6043/2880)', '64', 0),
(67, 'Зефир \"Сокол\" в йогуртовой глазури с ароматом ванили 2,5кг (Вкусное дело)', 8, '1', '2.5', '1.03*0.84/147', '(5547/3456)', '64', 0),
(68, 'Зефир \"Сокол\" глазированный с ароматом ванили 2,5кг (Вкусное дело)', 8, '1', '2.5', '1.03*0.82/147', '(5547/3456)', '64', 0),
(69, 'Зефир \"Сокол\" с ароматом крем-брюле 4,5кг (Вкусное дело)', 8, '1', '4,5', '1.02*0.99/147', '(6043/2880)', '64', 0),
(70, 'Зефир \"Сокол\" с фруктовой начинкой с ароматом малины  4,5кг (Вкусное дело)', 8, '1', '4.5', '0.9*1.01/147', '(6533/3456)', '64', 0),
(71, 'Зефир \"Сокол\" с фруктовой начинкой со вкусом мандарина 4,5кг (Вкусное дело)', 8, '1', '4.5', '0.9*1.01/147', '(6533/3456)', '64', 0),
(73, 'Зефир \"Жизель\" глазированный с ароматом ванили 500гр 12шт (мини-телевизоры)', 9, '12', '0.5', '1.03*0.82/147', '(5250/3456)', '64', 0),
(74, 'Зефир \"Жизель\" глазированный с ароматом ванили 600гр 12шт (мини-телевизоры)', 9, '12', '0.6', '1.03*0.82/147', '(5250/3456)', '64', 0),
(75, 'Зефир \"Жизель\" с \"вареной сгущенкой\" глазированный с ароматом ванили 600гр 12шт (мини-телевизоры)', 9, '12', '0.6', '1.01*0.72/147', '(6100/3456)', '64', 0),
(76, 'Зефир \"Красная птица\" в шоколадной глазури с ароматом груши 240гр 18шт.', 9, '18', '0.24', '0.78*1.02/147', '(5444/2880)', '64', 0),
(77, 'Зефир \"Красная птица\" с фруктовой нач. в шокол. гл. с ароматом ванили 240гр 18шт.', 9, '18', '0.24', '1.02*0.8*0.87 /147', '(5444/2880)', '64', 0),
(78, 'Зефир \"Сокол\" на фруктозе глазированный с ароматом ванили 200гр 18шт', 9, '18', '0.2', '1.05*0.8/140', '(5111/3456)', '64', 0),
(79, 'Зефир \"Сокол\" на фруктозе глазированный с ароматом ванили 200гр 7шт', 9, '7', '0.2', '1.05*0.8/140', '(5111/3456)', '64', 0),
(80, 'Зефир \"Сокол-Пай\" с вареной сгущенкой глазированный со вкусом банана 200г 10 шт', 9, '10', '0.2', '1.015*0.72/147', '(8070/3456)', '64', 0),
(81, 'Зефир \"Сокол-Пай\" с начинкой \"кола\" глазированный со вкусом вишня 200г 10шт', 9, '10', '0.2', '1.015*0.72/147', '(8070/3456)', '64', 0),
(82, 'Зефир \"Шарлиз\" глазированный с ароматом ванили 240 г 7шт', 9, '7', '0.24', '0.81/147', '(6125/3456)', '64', 0),
(83, 'Зефир «Жизель» глазированный с ароматом ванили 360гр 14шт', 9, '14', '0.36', '1.03*0.8/147', '(6000/3456)', '64', 0),
(84, 'Зефир глазированный в кондитерской глазури с ароматом ванили 180гр 22 шт \"Хозяйке на заметку!\"', 9, '22', '0.18', '1.03*0.8/147', '(5960/3456)', '64', 0),
(85, 'Зефир глазированный с ароматом ванили «Sweet Queen» 200г 22 шт \"ДА!\"', 9, '22', '0.2', '1.03*0.82/147', '(5444/2880)', '64', 0),
(86, 'Зефир глазированный с ароматом ванили 180 г 22шт', 9, '22', '0.18', '1.03*0.8/147', '(5960/3456)', '64', 0),
(87, 'Зефир глазированный с ароматом ванили 40гр 100шт (С.Аравия)', 9, '100', '0.04', '0.81/147', '(4537/3456)', '64', 0),
(88, 'Зефир \"Жизель\" с \"вареной сгущенкой\" в йогуртовой гл. с ароматом ванили 500гр 12шт (мини-телевизор)', 10, '12', '0.5', '1.037*0.756/147', '(6760/3456)', '64', 0),
(89, 'Зефир «Жизель» в йогуртовой глазури с ароматом ванили 500гр 12шт (мини-телевизор)', 10, '12', '0.5', '1.03*0.82/147', '(5250/3456)', '64', 0),
(90, 'Зефир  «Жизель» с ароматом крем-брюле 300гр 14шт', 11, '14', '0,3', '0.99*1.03/147', '(5880/2880)', '64', 0),
(91, 'Зефир  «Жизель» с фруктовой начинкой с ароматом малины 300гр 16 шт', 11, '16', '0.3', '0.9*1.01/147', '(6533/3456)', '64', 0),
(92, 'Зефир  «Красная птица» бело-розовый с ароматом ванили и малины 250гр 16 шт', 11, '16', '0.25', '0.99*1.03/147', '(6989/2880)', '64', 0),
(93, 'Зефир  «Красная птица» с ароматом ванили 250гр 16 шт', 11, '16', '0.25', '0.99*1.03/147', '(6989/2880)', '64', 0),
(94, 'Зефир  «Красная птица» с ароматом клюквы 250гр 16 шт', 11, '16', '0.25', '0.99*1.03/147', '(6989/2880)', '64', 0),
(95, 'Зефир  «Красная птица» с ароматом крем-брюле 250гр 16 шт', 11, '16', '0.25', '0.99*1.03/147', '(6989/2880)', '64', 0),
(96, 'Зефир  «Красная птица» с фруктовой начинкой с ароматом ванили 250гр 16 шт', 11, '16', '0.25', '0.9*1.01/147', '(6989/2880)', '64', 0),
(97, 'Зефир \"Бело-розовый\" с ароматом ванили и малины 340гр 8шт.', 11, '8', '0.34', '0.99*1.01/147', '(5287/2880)', '64', 0),
(98, 'Зефир \"Жизель\"  клюквенный 500гр 12шт (мини-телевизор)', 11, '12', '0.5', '1.02*0.99/147', '(5257/2880)', '64', 0),
(99, 'Зефир \"Жизель\"  с ароматом ванили 500гр 12шт (мини-телевизор)', 11, '12', '0.5', '1.02*0.99/147', '(5257/2880)', '64', 0),
(100, 'Зефир \"Жизель\"  с ароматом ванили 500гр 12шт ОМАРОВ (мини-телевизор)', 11, '12', '0.5', '1.02*0.99/147', '(5257/2880)', '64', 0),
(101, 'Зефир \"Жизель\"  с ароматом ванили и малины 300гр 12шт', 11, '12', '0.3', '0.99*1.03/147', '(5880/2880)', '64', 0),
(102, 'Зефир \"Жизель\"  с ароматом ванили и малины 500гр 12шт (мини-телевизор)', 11, '12', '0.5', '1.02*0.99/147', '(5257/2880)', '64', 0),
(103, 'Зефир \"Жизель\"  с ароматом ванили и малины 500гр 12шт ОМАРОВ (мини-телевизор)', 11, '12', '0.5', '1.02*0.99/147', '(5257/2880)', '64', 0),
(104, 'Зефир \"Жизель\"  с ароматом крем-брюле 300гр 12шт', 11, '12', '0.3', '0.99*1.03/147', '(5880/2880)', '64', 0),
(105, 'Зефир \"Жизель\"  с ароматом крем-брюле 500гр 12шт (мини-телевизор)', 11, '12', '0.5', '1.02*0.99/147', '(5257/2880)', '64', 0),
(106, 'Зефир \"Жизель\"  с фруктовой начинкой со вкусом малины 550гр 12шт (мини-телевизор)', 11, '12', '0.55', '0.9*1.01/147', '(5300/3456)', '64', 0),
(107, 'Зефир \"Жизель\"  с фруктовой начинкой со вкусом малины 550гр 12шт ОМАРОВ (мини-телевизор)', 11, '12', '0.55', '0.9*1.01/147', '(5300/3456)', '64', 0),
(108, 'Зефир \"Жизель\"  с фруктовой начинкой со вкусом мандарина 250гр 12шт', 11, '12', '0.25', '0.9*1.01/147', '(6989/2880)', '64', 0),
(109, 'Зефир \"Жизель\"  со вкусом творога 500гр 12шт (мини-телевизор)', 11, '12', '0.5', '1.02*0.99/147', '(5257/2880)', '64', 0),
(110, 'Зефир \"Жизель\"  со вкусом яблока 500гр 12шт (мини-телевизор)', 11, '12', '0.5', '1.02*0.99/147', '(5257/2880)', '64', 0),
(112, 'Зефир \"Жизель\" кокосовый 250гр 12шт', 11, '12', '0.25', '0.99*1.03/147', '(6989/2880)', '64', 0),
(113, 'Зефир \"Жизель\" с ароматом ванили 300гр 12шт', 11, '12', '0.3', '0.99*1.03/147', '(5880/2880)', '64', 0),
(114, 'Зефир \"Жизель\" с ароматом ванили 340гр 14шт (Монетка)', 11, '14', '0.34', '0.99*1.01/147', '(5287/2880)', '64', 0),
(115, 'Зефир \"Жизель\" с ароматом ванили без добавления сахара 160гр 10шт', 11, '10', '0.16', '0.99*1.02/170', '(8500/3456)', '64', 0),
(116, 'Зефир \"Жизель\" с ароматом ванили без добавления сахара 160гр 12 шт', 11, '12', '0.16', '0.99*1.02/170', '(8500/3456)', '64', 0),
(117, 'Зефир \"Жизель\" с ароматом ванили без добавления сахара 160гр 8шт', 11, '8', '0.16', '0.99*1.02/170', '(8500/3456)', '64', 0),
(118, 'Зефир \"Жизель\" с ароматом крем-брюле 340гр 8шт.', 11, '8', '0.34', '0.99*1.01/147', '(5287/2880)', '64', 0),
(119, 'Зефир \"Жизель\" с фруктовой начинкой со вкусом мандарина 550гр 12шт (мини-телевизор)', 11, '12', '0.55', '0.9*1.01/147', '(5300/3456)', '64', 0),
(120, 'Зефир \"Жизель\" с фруктовой начинкой со вкусом мандарина 550гр 12шт ОМАРОВ (мини-телевизор)', 11, '12', '0.55', '0.9*1.01/147', '(5300/3456)', '64', 0),
(121, 'Зефир c ароматом ванили без добавления сахара 130 г, (8 шт.)  для Вкус Вилл, кг', 11, '8', '0.13', '0.99*1.02/170', '(6685/2880)', '64', 0),
(122, 'Зефир \"Сокол\" на фруктозе с ароматом ванили 250гр 12шт', 11, '12', '0.25', '1.05*0.99/135', '(6253/2880)', '64', 0),
(123, 'Зефир \"Сокол\" на фруктозе с ароматом ванили 250гр 6шт', 11, '6', '0.25', '1.05*0.99/135', '(6253/2880)', '64', 0),
(124, 'Зефир (без цветных этикеток) Настоящий \"Славянка ванильный ГОСТ\" 250гр 16шт', 11, '16', '0.25', '0.99*1.03/147', '(6989/2880)', '64', 0),
(125, 'Зефир «365 дней» с ароматом ванили 270гр. 16шт', 11, '16', '0.27', '0.99*1.03/147', '(6391/2880)', '64', 0),
(126, 'Зефир «365 дней» с ароматом крем-брюле 270гр. 16шт', 11, '16', '0.27', '0.99*1.03/147', '(6391/2880)', '64', 0),
(127, 'Зефир «Жизель» с ароматом ванили 180гр 26шт', 11, '26', '0.18', '0.99*1.03/147', '(6400/2880)', '64', 0),
(128, 'Зефир «Жизель» с ароматом ванили без добавления сахара,130гр 12 шт', 11, '12', '0.13', '0.99*1.02/170', '(6685/2880)', '64', 0),
(129, 'Зефир «Жизель» с ароматом ванили без добавления сахара,130гр 22 шт', 11, '22', '0.13', '0.99*1.02/170', '(6685/2880)', '64', 0),
(130, 'Зефир «Жизель» с ароматом ванили без добавления сахара,130гр 8 шт', 11, '8', '0.13', '0.99*1.02/170', '(6685/2880)', '64', 0),
(131, 'Зефир «Жизель» с ароматом ванили с медово-клюквенной начинкой без добавления сахара 135гр 11шт', 11, '11', '0.135', '0.87*1.01/151', '(7800/3456)', '64', 0),
(132, 'Зефир «Жизель» с ароматом ванили с медово-клюквенной начинкой без добавления сахара 135гр 8шт', 11, '8', '0.135', '0.87*1.01/151', '(7800/3456)', '64', 0),
(133, 'Зефир «Жизель» с ароматом ванили с медово-клюквенной начинкой без добавления сахара 270гр 12шт', 11, '12', '0.27', '0.87*1.01/151', '(7800/3456)', '64', 0),
(134, 'Зефир «Лента Life» с ароматом ванили без добавления сахара,130гр 12 шт', 11, '12', '0.13', '0.99*1.02/170', '(6685/2880)', '64', 0),
(135, 'Зефир «Шарлиз» «Бело-розовый» с ароматом ванили и малины 180 гр 12шт', 11, '12', '0.18', '0.99*1.03/147', '(6400/2880)', '64', 0),
(138, 'Зефир Настоящий \"Славянка ванильный ГОСТ\" 250гр 16шт', 11, '16', '0.25', '0.99*1.03/147', '(6989/2880)', '64', 0),
(139, 'Зефир с ароматом ванили125гр 28шт \"Хозяйке на заметку!\"', 11, '28', '0.125', '0.99*1.03/147', '(6989/2880)', '64', 0),
(140, 'Зефир с ароматом крем-брюле «Sweet Queen» 250г 16шт', 11, '16', '0.25', '0.99*1.03/147', '(6989/2880)', '64', 0),
(141, 'Зефир с фруктовой начинкой со вкусом мандарина 250гр 16шт', 11, '16', '0.25', '0.9*1.01/147', '(6989/2880)', '64', 0),
(142, 'Зефир \"Жизель\" кокосовый 250гр 12шт (Юнифуд)', 22, '12', '0.25', '0.99*1.03/147', '(6989/2880)', '64', 0),
(143, 'Зефир \"Жизель\" с ароматом ванили без добавления сахара 160гр 10шт (Юнифуд)', 22, '10', '0.16', '0.99*1.02/170', '(7125/2880)', '64', 0),
(145, 'Зефир \"Сокол\" на фруктозе глазированный в ароматом ванили 200гр 18шт (Юнифуд)', 22, '18', '0.2', '1.05*0.8/140', '(5111/3456)', '64', 0),
(146, 'Зефир \"Сокол\" с фруктовой начинкой с ароматом малины 4,5кг (Юнифуд)', 22, '1', '4.5', '0.9*1.01/147', '(6533/3456)', '64', 0),
(148, 'Зефир в йогуртовой глазури с ароматом ванили 180г 22 шт (Юнифуд)', 22, '22', '0.18', '0.84/147', '(5880/3456)', '64', 0),
(149, 'Зефир глазированный с ароматом ванили 180 рг 22шт (Юнифуд)', 22, '22', '0.18', '1.03*0.8/147', '(5960/3456)', '64', 0),
(150, 'Зефир клюквенный 4,0 кг (Юнифуд)', 22, '1', '4', '1.02*0.99/147', '(6043/2880)', '64', 0),
(152, 'Зефир неглазированный с ароматом ванили и малины, 250 г 16шт (Юнифуд)', 22, '16', '0.25', '0.99*1.03/147', '(6989/2880)', '64', 0),
(154, 'Зефир неглазированный с ароматом ванили, 250 г 16шт (Юнифуд)', 22, '16', '0.25', '0.99*1.03/147', '(6989/2880)', '64', 0),
(155, 'Зефир с фруктовой начинкой с ароматом малины 250гр 16шт (Юнифуд)', 22, '16', '0.25', '0.9*1.01/147', '(6989/2880)', '64', 0),
(156, 'Зефир с фруктовой начинкой с ароматом мандарина 250гр 16шт (Юнифуд)', 22, '16', '0.25', '0.9*1.01/147', '(6989/2880)', '64', 0),
(157, 'Зефир со вкусом творога 250гр 16шт (Юнифуд)', 22, '16', '0.25', '0.99*1.03/147', '(6989/2880)', '64', 0),
(158, 'Зефир яблочный 4 кг (Юнифуд)', 22, '1', '4', '1.02*0.99/147', '(6043/2880)', '64', 0),
(159, 'Зефир \"Сокол\" в йогуртовой глазури с ароматом ванили 2,5кг (Ника)', 12, '1', '2.5', '1.03*0.84/147', '(5547/3456)', '64', 0),
(160, 'Зефир \"Сокол\" глазированный с ароматом ванили 2,5кг (Ника)', 12, '1', '2.5', '1.03*0.82/147', '(5547/3456)', '64', 0),
(161, 'Зефир \"Сокол\" клюквенный 4 кг (Ника)', 12, '1', '4', '1.02*0.99/147', '(6043/2880)', '64', 0),
(162, 'Зефир \"Сокол\" на фруктозе глазированный с ароматом ванили 200гр 18шт (Ника)', 12, '18', '0.2', '1.05*0.8/140', '(5111/3456)', '64', 0),
(163, 'Зефир \"Сокол\" на фруктозе с ароматом ванили 250гр 12шт (Ника)', 12, '12', '0.25', '1.05*0.99/135', '(6253/2880)', '64', 0),
(164, 'Зефир \"Сокол\" с ароматом ванили 4,5 кг (Ника)', 12, '1', '4.5', '1.02*0.99/147', '(6043/2880)', '64', 0),
(165, 'Зефир \"Сокол\" с ароматом ванили и малины 4,5 кг (Ника)', 12, '1', '4.5', '1.02*0.99/147', '(6043/2880)', '64', 0),
(166, 'Зефир \"Сокол\" с ароматом крем-брюле 4,5 кг (Ника)', 12, '1', '4.5', '1.02*0.99/147', '(6043/2880)', '64', 0),
(167, 'Зефир \"Сокол\" с начинкой со вкусом вареной сгущенки глаз.с ароматом ванили  2,5 кг (Ника)', 12, '1', '2.5', '1.01*0.72/147', '(6035/3456)', '64', 0),
(168, 'Зефир \"Сокол\" с фруктовой начинкой  глазированный с ароматом ванили   2,5 кг (Ника)', 12, '1', '2.5', '1.01*0.72/147', '(6035/3456)', '64', 0),
(169, 'Зефир \"Сокол\" с фруктовой начинкой со вкусом мандарина 4,5кг (Ника)', 12, '1', '4.5', '0.9*1.01/147', '(6533/3456)', '64', 0),
(170, 'Зефир \"Сокол\" со вкусом творога 4 кг (Ника)', 12, '1', '4', '1.02*0.99/147', '(6043/2880)', '64', 0),
(171, 'Зефир \"Сокол\" со вкусом яблока 4 кг (Ника)', 12, '1', '4', '1.02*0.99/147', '(6043/2880)', '64', 0),
(172, 'Зефир «Сокол» с фруктовой начинкой с ароматом малины 4,5кг (Ника)', 12, '1', '4.5', '0.9*1.01/147', '(6533/3456)', '64', 0),
(173, 'Зефир глазированный с ароматом ванили 180 г 22шт (Ника)', 12, '22', '0.18', '1.03*0.8/147', '(5960/3456)', '64', 0),
(174, 'Зефир неглазированный с ароматом ванили 250 г 16шт (Ника)', 12, '16', '0.25', '0.99*1.03/147', '(6989/2880)', '64', 0),
(175, 'Зефир неглазированный с ароматом ванили и малины 250 г 16шт (Ника)', 12, '16', '0.25', '0.99*1.03/147', '(6989/2880)', '64', 0),
(176, 'Зефир неглазированный с ароматом крем-брюле 250 г 16шт (Ника)', 12, '16', '0.25', '0.99*1.03/147', '(6989/2880)', '64', 0),
(177, 'Конфеты \"Винтажная коллекция\" со вкусом Трюфель 3,5кг (Ника)', 12, '1', '3.5', '0', '0', '0', 0),
(178, 'Конфеты \"Ликерная коллекция\" со вкусом \"Айриш Крим\" 3,5кг (Ника)', 12, '1', '3.5', '0', '0', '0', 0),
(179, 'Конфеты \"Ликерная коллекция\" со вкусом Айриш-Крим 200гр 20шт (Ника)', 12, '20', '0.2', '0', '0', '0', 0),
(180, 'Конфеты \"Ликерная коллекция\" со вкусом амаретто 200гр 20шт (Ника)', 12, '20', '0.2', '0', '0', '0', 0),
(181, 'Конфеты \"Ликерная коллекция\" со вкусом амаретто 3,5кг (Ника)', 12, '1', '3.5', '0', '0', '0', 0),
(182, 'Конфеты \"Ликерная коллекция\" со вкусом лимончелло 200гр 20шт (Ника)', 12, '20', '0.2', '0', '0', '0', 0),
(183, 'Конфеты \"Ликерная коллекция\" со вкусом лимончелло 3,5кг (Ника)', 12, '1', '3.5', '0', '0', '0', 0),
(184, 'Конфеты \"Ликерная коллекция\" со вкусом малибу 200гр 20шт (Ника)', 12, '20', '0.2', '0', '0', '0', 0),
(185, 'Конфеты \"Ликерная коллекция\" со вкусом малибу 3,5кг (Ника)', 12, '1', '3.5', '0', '0', '0', 0),
(186, 'Зефир \"Сокол\" \"Бело-розовый\" с ароматом ванили и малины 4,5 кг (ВитаПродСервис)', 23, '1', '4.5', '1.02*0.99/147', '(6043/2880)', '64', 0),
(187, 'Зефир \"Сокол\" в йогуртовой глазури с ароматом ванили 2,5кг (ВитаПродСервис)', 23, '1', '2.5', '1.03*0.84/147', '(5547/3456)', '64', 0),
(188, 'Зефир \"Сокол\" глазированный с ароматом ванили 2,5кг (ВитаПродСервис)', 23, '1', '2.5', '1.03*0.82/147', '(5547/3456)', '64', 0),
(189, 'Зефир \"Сокол\" с ароматом ванили 4,5 кг (ВитаПродСервис)', 23, '1', '4.5', '1.02*0.99/147', '(6043/2880)', '64', 0),
(190, 'Зефир \"Сокол\" с начинкой со вкусом вареной сгущенки глаз.с ароматом ванили  2,5 кг (ВитаПродСервис)', 23, '1', '2.5', '1.01*0.72/147', '(6035/3456)', '64', 0),
(191, 'Зефир \"Сокол\" с фруктовой начинкой со вкусом мандарина 4,5кг (ВитаПродСервис)', 23, '1', '4.5', '0.9*1.01/147', '(6533/3456)', '64', 0),
(192, 'Зефир \"Сокол\" яблочный 4 кг (ВитаПродСервис)', 23, '1', '4', '1.02*0.99/147', '(6043/2880)', '64', 0),
(193, 'Конфеты \"Винтажная коллекция\" со вкусом Трюфель 3,5кг (Витапродсервис)', 23, '1', '3.5', '0', '0', '0', 0),
(194, 'Конфеты \"Ликерная коллекция\" со вкусом \"Айриш Крим\" 3,5кг (Витапродсервис)', 23, '1', '3.5', '0', '0', '0', 0),
(195, 'Конфеты \"Ликерная коллекция\" со вкусом амаретто 3,5кг (Витапродсервис)', 23, '1', '3.5', '0', '0', '0', 0),
(196, 'Конфеты \"Ликерная коллекция\" со вкусом лимончелло 3,5кг (Витапродсервис)', 23, '1', '3.5', '0', '0', '0', 0),
(197, 'Конфеты \"Ликерная коллекция\" со вкусом малибу 3,5кг (Витапродсервис)', 23, '1', '3.5', '0', '0', '0', 0),
(198, 'Зефир \"Жизель\" «Бело-розовый» с ароматом ванили и малины 2,5кг (Молдавия)', 23, '1', '2.5', '1.02*0.99/147', '(4983/2880)', '64', 0),
(199, 'Зефир \"Жизель\" «Бело-розовый» с ароматом ванили и малины 240гр 12шт (Молдавия)', 23, '12', '0.24', '0.99*1.01/147', '(4900/2880)', '64', 0),
(201, 'Зефир \"Жизель\" кокосовый 250гр 12шт (Молдавия)', 23, '12', '0.25', '0.99*1.03/147', '(6989/2880)', '64', 0),
(202, 'Зефир \"Жизель\" с ароматом ванили  2,5кг (Молдавия)', 23, '1', '2.5', '1.02*0.99/147', '(4983/2880)', '64', 0),
(203, 'Зефир \"Жизель\" с ароматом ванили 240гр 12шт (Молдавия)', 23, '12', '0.24', '0.99*1.01/147', '(4900/2880)', '64', 0),
(204, 'Зефир «Жизель» с фруктовой начинкой с ароматом малины 240гр 12шт (Молдавия)', 23, '12', '0.24', '0.9*1.01/147', '(5390/2880)', '64', 0),
(205, 'Зефир «Жизель» с фруктовой начинкой со вкусом мандарина 240гр 12шт (Молдавия)', 23, '12', '0.24', '0.9*1.01/147', '(5390/2880)', '64', 0),
(206, 'Зефир \"Сладкая жизнь\" бело-розовый 270гр 10шт', 13, '10', '0.27', '0.99*1.03/147', '(6391/2880)', '64', 0),
(207, 'Зефир \"Сладкая жизнь\" глазированный с ароматом ванили 205гр 15шт', 13, '15', '0.205', '1.03*0.82/147', '(5444/2880)', '64', 0),
(208, 'Зефир \"Сладкая жизнь\" с ароматом ванили 270гр 10шт', 13, '10', '0.27', '0.99*1.03/147', '(6391/2880)', '64', 0),
(209, 'Зефир \"Бело-розовый\" с ароматом ванили и малины, форма цветок (в инд. упак.) 2кг (Вайлдберриз)', 25, '1', '2', '1.02*0.99/147', '(4983/2880)', '64', 0),
(210, 'Зефир \"Жизель\" в йогуртовой глазури с ароматом ванили в цвет. индивид. упак. 1.7кг (Вайлдберриз)', 25, '1', '1.7', '1.03*0.84/147', '(5068/3456)', '64', 0),
(213, 'Зефир \"Жизель\" глазированный с ароматом ванили в индивид. цветной упаковке 1,7 кг (Вайлдберриз)', 25, '1', '1.7', '1.03*0.84/147', '(5068/3456)', '64', 0),
(214, 'Зефир \"Жизель\" кокосовый 250 гр 1 шт (Вайлдберриз)', 25, '1', '0.25', '0.99*1.03/147', '(6989/2880)', '64', 0),
(215, 'Зефир \"Жизель\" кокосовый 250гр 14шт (Вайлдберриз)', 25, '14', '0.25', '0.99*1.03/147', '(6989/2880)', '64', 0),
(216, 'Зефир \"Жизель\" с \"вареной сгущенкой\" глазированный в индивид. цветной упак. 1,7 кг (Вайлдберриз)', 25, '1', '1.7', '1.03*0.84/147', '(5068/3456)', '64', 0),
(217, 'Зефир \"Жизель\" с ар. ванили без добавления сахара 260 гр (2 корр. по 130гр.) 10шт (Вайлдберриз)', 25, '10', '0.26', '0.99*1.02/170', '(6685/2880)', '64', 0),
(218, 'Зефир \"Жизель\" с ароматом ванили (в инд. упак.) 2кг (Вайлдберриз)', 25, '1', '2', '1.02*0.99/147', '(4983/2880)', '64', 0),
(219, 'Зефир \"Жизель\" с ароматом ванили без добавления сахара 160гр 10шт (Вайлдберриз)', 25, '10', '0.16', '0.99*1.02/170', '(7125/2880)', '64', 0),
(220, 'Зефир \"Жизель\" с ароматом крем-брюле (в инд. упак.) 2кг (Вайлдберриз)', 25, '1', '2', '1.02*0.99/147', '(4983/2880)', '64', 0),
(221, 'Зефир \"Жизель\" с фруктовой начинкой с ароматом малины в индивид. проз. уп. 1,3 кг (Вайлдберриз)', 25, '1', '1.3', '1.02*1/135', '(5252/2880)', '64', 0),
(222, 'Зефир \"Жизель\" с фруктовой начинкой со вкусом мандарина (в инд. упак.) 1,3кг (Вайлдберриз)', 25, '1', '1.3', '1.02*1/135', '(5252/2880)', '64', 0),
(225, 'Зефир \"Сокол\" на фруктозе глазированный с ароматом ванили 200 гр 1 шт (Вайлдберриз)', 25, '1', '0.2', '1.05*0.8/140', '(5111/3456)', '64', 0),
(226, 'Зефир \"Сокол\" на фруктозе глазированный с ароматом ванили 200гр 20шт (Вайлдберриз)', 25, '20', '0.2', '1.05*0.8/140', '(5111/3456)', '64', 0),
(227, 'Зефир \"Сокол\" на фруктозе с ароматом ванили 250 гр 1 шт (Вайлдберриз)', 25, '1', '0.25', '1.05*0.99/135', '(6253/2880)', '64', 0),
(228, 'Зефир \"Сокол\" на фруктозе с ароматом ванили 250гр 14шт (Вайлдберриз)', 25, '14', '0.25', '1.05*0.99/135', '(6253/2880)', '64', 0),
(229, 'Зефир \"Сокол-Пай\" с вареной сгущенкой глазированный со вкусом банана 200г 10 шт (Вайлдберриз)', 25, '10', '0.2', '1.015*0.72/147', '(8070/3456)', '64', 0),
(230, 'Зефир \"Сокол-Пай\" с начинкой \"кола\" глазированный со вкусом вишня 200г 10шт (Вайлдберриз)', 25, '10', '0.2', '1.015*0.72/147', '(8070/3456)', '64', 0),
(231, 'Зефир «Жизель» глазированный с ароматом ванили 300гр 1шт (Вайлдберриз)', 25, '1', '0.3', '1.03*0.82/147', '(5444/2880)', '64', 0),
(232, 'Зефир «Жизель» с ар. ван. с медово-клюквенной нач. без доб. сах. 270 г (2 по 135г) 1 шт (Вайлдберриз', 25, '1', '0.27', '0.87*1.01/151', '(7800/3456)', '64', 0),
(233, 'Зефир «Жизель» с ароматом ванили без добавления сахара 260 г (2 по 130 г) 1 шт (Вайлдберриз)', 25, '1', '0.26', '0.99*1.02/170', '(6685/2880)', '64', 0),
(234, 'Зефир «Жизель» с ароматом ванили с медово-клюквенной начинкой без доб. сахара 270гр 7шт (Вайлберриз)', 25, '7', '0.27', '0.87*1.01/151', '(7800/3456)', '64', 0),
(235, 'Конфеты \"Винтажная коллекция\" с начинкой со вкусом шоколада (2 по 150 гр) 1шт (Вайлдберриз)', 25, '1', '0.3', '0', '0', '0', 0),
(236, 'Конфеты глазированные суфле ванильное Dream Kissм 170гр 1шт (Вайлдберриз)', 25, '1', '0.17', '1/160.66', '0', '0', 0),
(237, 'Крем-десерт \"Жизель\" ванильный 390 г (3 по 130 г) 8шт (Вайлдберриз)', 25, '8', '0.39', '1/143.57', '(2016/16128)', '0', 0),
(238, 'Крем-десерт со вк. ванильного морож. с сиропом со вкум. карам.  330г (3 по 110 г) 8шт (Вайлдберриз)', 25, '8', '0.33', '0.63636/146.75', '(2016/16128)', '0', 0),
(239, 'Крем-десерт со вкус. ванил. морож. с сиропом со вкусом шокол.  330г (3 по 110 г) 8шт (Вайлдберриз)', 25, '8', '0.33', '0.63636/146.75', '(2016/16128)', '0', 0),
(240, 'Крем-десерт со вкусом ванильного мороженого с клубничным сиропом 330г (3 по 110 г) 8шт (Вайлдберриз)', 25, '8', '0.33', '0.63636/146.75', '(2016/16128)', '0', 0),
(241, 'Паста \"Жизель\"с шоколадно-ореховым вкусом (3х220 г) 1 шт. (Вайлдберриз)', 25, '1', '0.66', '1/160.66', '0', '0', 0),
(242, 'Паста \"Жизель\"с шоколадно-ореховым вкусом (3х220 г) 8 шт. (Вайлдберриз)', 25, '8', '0.66', '1/160.66', '0', '0', 0),
(243, 'Паста \"Жизель\"с шоколадно-ореховым вкусом 220 г. 20 шт. (Вайлдберриз)', 25, '20', '0.22', '1/160.66', '0', '0', 0),
(244, 'Зефир «Жизель» с ар. ванили с медово-клюквенной нач. без доб. сахара 270 г (2 по 135г) 1 шт (Озон)', 26, '1', '0.27', '0.87*1.01/151', '(7800/3456)', '64', 0),
(245, 'Зефир \"Бело-розовый\" с ароматом ванили и малины, форма цветок (в инд. упак.) 2кг (Озон)', 26, '1', '2', '1.02*0.99/147', '(4983/2880)', '64', 0),
(246, 'Зефир \"Жизель\" в йогуртовой глазури с ароматом ванили в цвет. индивид. упак. 1.7кг (Озон)', 26, '1', '1.7', '1.03*0.84/147', '(5068/3456)', '64', 0),
(249, 'Зефир \"Жизель\" глазированный с ароматом ванили в индивид. цветной упаковке 1,7 кг (ОЗОН)', 26, '1', '1.7', '1.03*0.84/147', '(5068/3456)', '64', 0),
(250, 'Зефир \"Жизель\" кокосовый 250 гр 1 шт (Озон)', 26, '1', '0.25', '0.99*1.03/147', '(6989/2880)', '64', 0),
(251, 'Зефир \"Жизель\" кокосовый 250гр 12шт (Озон)', 26, '12', '0.25', '0.99*1.03/147', '(6989/2880)', '64', 0),
(252, 'Зефир \"Жизель\" с \"вареной сгущенкой\" глазированный в индивид. цветной упак. 1,7 кг (Озон)', 26, '1', '1.7', '1.03*0.84/147', '(5068/3456)', '64', 0),
(253, 'Зефир \"Жизель\" с ар. ванили без добавления сахара 260 гр (2 корр. по 130гр.) 10шт (Озон)', 26, '10', '0.26', '0.99*1.02/170', '(6685/2880)', '64', 0),
(254, 'Зефир \"Жизель\" с ар. ванили без добавления сахара 260 гр (2 корр. по 130гр.) 1шт (Озон)', 26, '1', '0.26', '0.99*1.02/170', '(6685/2880)', '64', 0),
(255, 'Зефир \"Жизель\" с ароматом ванили (в инд. упак.) 2кг (Озон)', 26, '1', '2', '1.02*0.99/147', '(4983/2880)', '64', 0),
(256, 'Зефир \"Жизель\" с ароматом ванили без добавления сахара 160гр 10шт (Озон)', 26, '10', '0.16', '0.99*1.02/170', '(7125/2880)', '64', 0),
(257, 'Зефир \"Жизель\" с ароматом ванили и малины 1кг (телевизор) (OZON)', 26, '1', '1', '1.02*0.99/147', '(4983/2880)', '64', 0),
(258, 'Зефир \"Жизель\" с ароматом крем-брюле (в инд. упак.) 2кг (Озон)', 26, '1', '2', '1.02*0.99/147', '(4983/2880)', '64', 0),
(259, 'Зефир \"Жизель\" с ароматом крем-брюле 1 кг (телевизор) (OZON)', 26, '1', '2', '1.02*0.99/147', '(4983/2880)', '64', 0),
(260, 'Зефир \"Жизель\" с фруктовой начинкой с ароматом малины в индивид. проз. уп. 1,3 кг (Озон)', 26, '1', '1.3', '1.02*1/135', '(5252/2880)', '64', 0),
(261, 'Зефир \"Жизель\" с фруктовой начинкой со вкусом мандарина (в инд. упак.) 1,3кг (Озон)', 26, '1', '1.3', '1.02*1/135', '(5252/2880)', '64', 0),
(262, 'Зефир \"Жизель\" с фруктовой начинкой со вкусом мандарина 1кг (телевизор) (OZON)', 26, '1', '1', '0.9*1.01/147', '(6533/3456)', '64', 0),
(265, 'Зефир \"Сокол\" на фруктозе глазированный с ароматом ванили 200 гр  1 шт (Озон)', 26, '1', '0.2', '1.05*0.8/140', '(5111/3456)', '64', 0),
(266, 'Зефир \"Сокол\" на фруктозе глазированный с ароматом ванили 200гр 18шт (Озон)', 26, '18', '0.2', '1.05*0.8/140', '(5111/3456)', '64', 0),
(267, 'Зефир \"Сокол\" на фруктозе глазированный с ароматом ванили 200гр 20шт (Озон)', 26, '20', '0.2', '1.05*0.8/140', '(5111/3456)', '64', 0),
(268, 'Зефир \"Сокол\" на фруктозе с ароматом ванили 250 гр 1 шт (Озон)', 26, '1', '0.25', '1.05*0.99/135', '(6253/2880)', '64', 0),
(269, 'Зефир \"Сокол\" на фруктозе с ароматом ванили 250гр 6шт (Озон)', 26, '6', '0.25', '1.05*0.99/135', '(6253/2880)', '64', 0),
(270, 'Зефир \"Сокол-Пай\" с вареной сгущенкой глазированный со вкусом банана 200г 10 шт (Озон)', 26, '10', '0.2', '1.015*0.72/147', '(8070/3456)', '64', 0),
(271, 'Зефир \"Сокол-Пай\" с начинкой \"кола\" глазированный со вкусом вишня 200г 10шт (Озон)', 26, '10', '0.2', '1.015*0.72/147', '(8070/3456)', '64', 0),
(272, 'Зефир «Жизель» глазированный с ароматом ванили 300гр 1шт (Озон)', 26, '1', '0.3', '1.03*0.82/147', '(4900/2880)', '64', 0),
(273, 'Зефир «Жизель» с ароматом ванили с медово-клюквенной начинкой без добавления сахара 270гр 12шт(Озон)', 26, '12', '0.27', '0.87*1.01/151', '(7800/3456)', '64', 0),
(274, 'Конфеты \"Винтажная коллекция\" с начинкой со вкусом шоколада ( 2 по 150 гр) 1шт (Озон)', 26, '1', '0.3', '0', '0', '0', 0),
(275, 'Конфеты глазированные суфле ванильное Dream Kissм 170гр 1шт (Озон)', 26, '1', '0.17', '1/160.66', '0', '0', 0),
(276, 'Крем-десерт \"Жизель\" ванильный 390 г (3 по 130 г) (Озон)', 26, '8', '0.39', '1/143.57', '(2016/16128)', '0', 0),
(277, 'Крем-десерт со вкусом ванильного мороженого с клуб. сиропом 330гр (3 по 110 гр) 8шт (ОЗОН)', 26, '8', '0.33', '0.63636/146.75', '(2016/16128)', '0', 0),
(278, 'Крем-десерт со вкусом ванильного мороженого с сиропом со вкусом карамели  330 г (3  по 110 г) (Озон)', 26, '8', '0.33', '0.63636/146.75', '(2016/16128)', '0', 0),
(279, 'Крем-десерт со вкусом ванильного мороженого с сиропом со вкусом шоколада  330 г (3  по 110 г) (Озон)', 26, '8', '0.33', '0.63636/146.75', '(2016/16128)', '0', 0),
(280, 'Паста \"Жизель\"с шоколадно-ореховым вкусом (3х220 г) 1 шт. (Озон)', 26, '1', '0.66', '1/160.66', '0', '0', 0),
(281, 'Паста \"Жизель\"с шоколадно-ореховым вкусом (3х220 г) 8 шт. (Озон)', 26, '8', '0.66', '1/160.66', '0', '0', 0),
(282, 'Паста \"Жизель\"с шоколадно-ореховым вкусом 220 г. 20 шт. (Озон)', 26, '20', '0.22', '1/160.66', '0', '0', 0),
(283, 'Зефир \"Жизель\" в йогуртовой глазури с ароматом ванили в цвет. индивид. упак. 1.7кг (Яндекс)', 27, '1', '1.7', '1.03*0.84/147', '(5068/3456)', '64', 0),
(284, 'Зефир \"Жизель\" с фруктовой начинкой с ароматом малины в индивид. проз. уп. 1,3 кг (Яндекс)', 27, '1', '1.3', '1.02*1/135', '(5252/2880)', '64', 0),
(286, 'Зефир «Жизель» с ар. ванили с медово-клюквенной нач. без доб. сахара 270 г (2 по 135г) 1 шт (Яндекс', 27, '1', '0.27', '0.87*1.01/151', '(7800/3456)', '64', 0),
(287, 'Зефир \"Бело-розовый\" с ароматом ванили и малины, форма цветок (в инд. упак.) 2кг (Яндекс)', 27, '1', '2', '1.02*0.99/147', '(4983/2880)', '64', 0),
(289, 'Зефир \"Жизель\" глазированный с ароматом ванили в индивид. цветной упаковке 1,7 кг (Яндекс)', 27, '1', '1.7', '1.03*0.84/147', '(5068/3456)', '64', 0),
(290, 'Зефир \"Жизель\" кокосовый 250гр 12шт (Яндекс)', 27, '12', '0.25', '0.99*1.03/147', '(6989/2880)', '64', 0),
(291, 'Зефир \"Жизель\" с \"вареной сгущенкой\" глазированный в индивид. цветной упак. 1,7 кг (Яндекс)', 27, '1', '1.7', '1.03*0.84/147', '(5068/3456)', '64', 0),
(292, 'Зефир \"Жизель\" с ар. ванили без добавления сахара 260 гр (2 корр. по 130гр.) 10шт (Яндекс)', 27, '10', '0.26', '0.99*1.02/170', '(6685/2880)', '64', 0),
(293, 'Зефир \"Жизель\" с ар. ванили без добавления сахара 260 гр (2 корр. по 130гр.) 1шт (Яндекс)', 27, '1', '0.26', '0.99*1.02/170', '(6685/2880)', '64', 0),
(294, 'Зефир \"Жизель\" с ароматом ванили (в инд. упак.) 2кг (Яндекс)', 27, '1', '2', '1.02*0.99/147', '(4983/2880)', '64', 0),
(295, 'Зефир \"Жизель\" с ароматом ванили без добавления сахара 160гр 10шт (Яндекс)', 27, '10', '0.16', '0.99*1.02/170', '(7125/2880)', '64', 0),
(296, 'Зефир \"Жизель\" с ароматом крем-брюле (в инд. упак.) 2кг (Яндекс)', 27, '1', '2', '1.02*0.99/147', '(4983/2880)', '64', 0),
(297, 'Зефир \"Жизель\" с фруктовой начинкой со вкусом мандарина (в инд. упак.) 1,3кг (Яндекс)', 27, '1', '1.3', '1.02*1/135', '(5252/2880)', '64', 0),
(298, 'Зефир \"Сокол\" на фруктозе глазированный с ароматом ванили 200гр 20шт (Яндекс)', 27, '20', '0.2', '1.05*0.8/140', '(5111/3456)', '64', 0),
(299, 'Зефир \"Сокол\" на фруктозе с ароматом ванили 250гр 6шт (Яндекс)', 27, '6', '0.25', '1.05*0.99/135', '(6253/2880)', '64', 0),
(300, 'Зефир \"Сокол-Пай\" с вареной сгущенкой глазированный со вкусом банана 200г 10 шт (Яндекс)', 27, '10', '0.2', '1.015*0.72/147', '(8070/3456)', '64', 0),
(301, 'Зефир \"Сокол-Пай\" с начинкой \"кола\" глазированный со вкусом вишня 200г 10шт (Яндекс)', 27, '10', '0.2', '1.015*0.72/147', '(8070/3456)', '64', 0),
(302, 'Зефир «Жизель» глазированный с ароматом ванили 300гр 1шт (Яндекс)', 27, '1', '0.3', '1.03*0.82/147', '(5547/3456)', '64', 0),
(303, 'Зефир «Жизель» с ароматом ванили с медово-клюквенной нач. без добавления сахара 270гр 12шт(Яндекс)', 27, '12', '0.27', '0.87*1.01/151', '(7800/3456)', '64', 0),
(304, 'Конфеты глазированные суфле ванильное Dream Kissм 170гр 1шт (Яндекс)', 27, '1', '0.17', '1/160.66', '0', '0', 0),
(305, 'Крем-десерт \"Жизель\" ванильный 390 г (3 по 130 г) (Яндекс)', 27, '8', '0.13', '1/143.57', '(2016/16128)', '0', 0),
(306, 'Крем-десерт со вкусом ванильного мороженого с клуб. сиропом 330гр (3 по 110 гр) 8шт (Яндекс)', 27, '8', '0.33', '0.63636/146.75', '(2016/16128)', '0', 0),
(307, 'Крем-десерт со вкусом ванильного мороженого с сиропом со вкусом карамели 330 г (3 по 110 г) (Яндекс)', 27, '8', '0.33', '0.63636/146.75', '(2016/16128)', '0', 0),
(308, 'Крем-десерт со вкусом ванильного мороженого с сиропом со вкусом шоколада 330 г (3 по 110 г) (Яндекс)', 27, '8', '0.33', '0.63636/146.75', '(2016/16128)', '0', 0),
(309, 'Паста \"Жизель\"с шоколадно-ореховым вкусом (3х220 г) 8 шт. (Яндекс)', 27, '8', '0.66', '1/160.66', '0', '0', 0),
(310, 'Паста \"Жизель\"с шоколадно-ореховым вкусом 220 г. 20 шт. (Яндекс)', 27, '20', '0.22', '1/160.66', '0', '0', 0),
(327, 'Конфеты (для подарков) глазированные суфле \"Жизель\"  с ароматом крем-брюле 2кг', 15, '1', '2', '0.76*1.034/20', '(1008/8064)', '64', 0),
(329, 'Конфеты глазированные суфле \"Жизель\"  с ароматом ванили 2кг', 15, '1', '2', '0.76*1.034/20', '(1008/8064)', '64', 0),
(330, 'Конфеты глазированные суфле \"Жизель\"  с ароматом крем-брюле 2кг', 15, '1', '2', '0.76*1.034/20', '(1008/8064)', '64', 0),
(332, 'Конфеты глазированные суфле со вкусом ананаса BABY ПИН 2кг', 15, '1', '2', '1.03*0.82/147', '(147/0,46/64)', '64', 0),
(333, 'Конфеты глазированные суфле со вкусом банана BABY ПИН 2кг', 15, '1', '2', '1.03*0.82/147', '(147/0.46/64)', '64', 0),
(334, 'Конфеты \"Винтажная коллекция\" со вкусом Трюфель, в пакетах по 1кг 10шт', 16, '10', '1', '0', '0', '0', 0),
(335, 'Конфеты \"Ликерная коллекция\" со вкусом \"Айриш Крим\", в пакетах по 1кг 10шт.', 16, '10', '1', '0', '0', '0', 0),
(336, 'Конфеты \"Ликерная коллекция\" со вкусом амаретто в пакетах по 1кг 10шт', 16, '10', '1', '0', '0', '0', 0),
(337, 'Конфеты \"Ликерная коллекция\" со вкусом лимончелло в пакетах по 1кг 10шт', 16, '10', '1', '0', '0', '0', 0),
(338, 'Конфеты \"Ликерная коллекция\" со вкусом малибу в пакетах по 1кг 10шт', 16, '10', '1', '0', '0', '0', 0),
(339, 'Конфеты \"Винтажная коллекция\" со вкусом Трюфель 10кг', 16, '1', '10', '0', '0', '0', 0),
(340, 'Конфеты \"Винтажная коллекция\" со вкусом Трюфель 3,5кг', 16, '1', '3.5', '0', '0', '0', 0),
(342, 'Конфеты \"Ликерная коллекция\" со вкусом \"Айриш Крим\" 10кг', 16, '1', '10', '0', '0', '0', 0),
(343, 'Конфеты \"Ликерная коллекция\" со вкусом \"Айриш Крим\" 3,5кг', 16, '1', '3.5', '0', '0', '0', 0),
(345, 'Конфеты \"Ликерная коллекция\" со вкусом амаретто 10кг', 16, '1', '10', '0', '0', '0', 0),
(346, 'Конфеты \"Ликерная коллекция\" со вкусом амаретто 3,5кг', 16, '1', '3.5', '0', '0', '0', 0),
(348, 'Конфеты \"Ликерная коллекция\" со вкусом лимончелло 10кг', 16, '1', '10', '0', '0', '0', 0),
(349, 'Конфеты \"Ликерная коллекция\" со вкусом лимончелло 3,5кг', 16, '1', '3.5', '0', '0', '0', 0),
(351, 'Конфеты \"Ликерная коллекция\" со вкусом малибу 10кг', 16, '1', '10', '0', '0', '0', 0),
(352, 'Конфеты \"Ликерная коллекция\" со вкусом малибу 3,5кг', 16, '1', '3.5', '0', '0', '0', 0),
(354, 'Конфеты \"Изысканность\"  с шоколадно-кремовой начинкой 150гр 12шт', 18, '12', '0.15', '0', '0', '0', 0),
(355, 'Конфеты \"Винтажная коллекция\" с шоколадно-кремовой начинкой 150гр 12шт (новогодние фигурки)', 19, '12', '0.15', '0', '0', '0', 0),
(356, 'Конфеты «Винтажная коллекция» с начинкой со вкусом шоколада 150гр 12шт', 19, '12', '0.15', '0', '0', '0', 0),
(357, 'Подарочный набор \"Шампанское\" 350гр 18шт', 19, '18', '0.35', '0', '0', '0', 0),
(358, 'Конфеты \"Ликерная коллекция\" со вкусом Айриш Крим 200гр 20шт', 20, '20', '0.2', '0', '0', '0', 0),
(359, 'Конфеты \"Ликерная коллекция\" со вкусом амаретто 200гр 20шт', 20, '20', '0.2', '0', '0', '0', 0),
(360, 'Конфеты \"Ликерная коллекция\" со вкусом лимончелло 200гр 20шт', 20, '20', '0.2', '0', '0', '0', 0),
(361, 'Конфеты \"Ликерная коллекция\" со вкусом малибу 200гр 20шт', 20, '20', '0.2', '0', '0', '0', 0),
(394, 'Зефир \"Жизель\"  с ароматом ванили и малины 300гр 16шт', 11, '16', '0.3', '0.99*1.03/147', '(5880/2880)', '64', 0),
(395, 'Зефир \"Жизель\"  с ароматом крем-брюле 300гр 16шт', 11, '16', '0.3', '0.99*1.03/147', '(5880/2880)', '64', 0),
(396, 'Зефир \"Жизель\" с ароматом ванили 300гр 16шт', 11, '16', '0.3', '0.99*1.03/147', '(5880/2880)', '64', 0),
(397, '(Новая ВУ) Конфеты \"Новогодние\" с  нач. со вкусом шоколада (диз. Дед Мороз), в пакетах по 1кг 10шт', 14, '10', '1', '0', '0', '0', 0),
(400, '(Новая ВУ) Конфеты \"Новогодние\" с начинкой со вкусом ореха (дизайн Снеговик), в пакетах по 1кг 10шт', 14, '10', '1', '0', '0', '0', 0),
(409, 'Конфеты  (для подарков) \"Новогодние\" с  начинкой со вкусом шоколада (дизайн Дед Мороз) 3,5кг', 14, '1', '3.5', '0', '0', '0', 0),
(410, 'Конфеты  (для подарков) \"Новогодние\" с начинкой со вкусом ореха (дизайн Снеговик) 3,5кг', 14, '1', '3.5', '0', '0', '0', 0),
(411, 'Конфеты \"Зоопарк-Сюрприз\" с молочно-кремовой начинкой (дизайн Змея) 10кг', 14, '1', '10', '0', '0', '0', 0),
(412, 'Конфеты \"Зоопарк-Сюрприз\" с молочно-кремовой начинкой (дизайн Змея) 3,5кг', 14, '1', '3.5', '0', '0', '0', 0),
(413, 'Конфеты \"Новогодние\" с  начинкой со вкусом шоколада (дизайн Дед Мороз) 3,5кг', 14, '1', '3.5', '0', '0', '0', 1),
(414, 'Конфеты \"Новогодние\" с  начинкой со вкусом шоколада (дизайн Дед Мороз), в пакетах по 1кг 10шт', 14, '10', '1', '0', '0', '0', 0),
(415, 'Конфеты \"Новогодние\" с начинкой со вкусом ореха (дизайн Снеговик) 3,5кг', 14, '1', '3.5', '0', '0', '0', 1),
(416, 'Конфеты \"Новогодние\" с начинкой со вкусом ореха (дизайн Снеговик), в пакетах по 1кг 10шт', 14, '10', '1', '0', '0', '0', 0),
(417, 'Крем-десерт \"Жизель\" ванильный 130гр 36 шт', 28, '36', '0.13', '1/143.57', '(2016/16128)', '0', 0),
(418, 'Крем-десерт со вкусом ванильного мороженого с клубничным сиропом 110гр 10 шт', 28, '10', '0.11', '0.63636/146.75', '(2016/16128)', '0', 0),
(419, 'Крем-десерт со вкусом ванильного мороженого с сиропом со вкусом карамели 110г  36шт', 28, '36', '0.11', '0.63636/146.75', '(2016/16128)', '0', 0),
(420, 'Крем-десерт со вкусом ванильного мороженого с сиропом со вкусом карамели 110гр 10 шт', 28, '10', '0.11', '0.63636/146.75', '(2016/16128)', '0', 0),
(421, 'Крем-десерт со вкусом ванильного мороженого с сиропом со вкусом клубники 110г 36 шт', 28, '36', '0.11', '0.63636/146.75', '(2016/16128)', '0', 0),
(422, 'Крем-десерт со вкусом ванильного мороженого с сиропом со вкусом шоколада 110г 36 шт', 28, '36', '0.11', '0.63636/146.75', '(2016/16128)', '0', 0),
(423, 'Крем-десерт со вкусом ванильного мороженого с сиропом со вкусом шоколада 110гр 10 шт', 28, '10', '0.11', '0.63636/146.75', '(2016/16128)', '0', 0),
(424, 'Паста «Жизель» с шоколадно-ореховым вкусом 220гр 36шт', 28, '36', '0.22', '1/160.66', '0', '0', 0),
(425, 'Орехово-кремовая начинка', 29, '1', '1', '0', '0', '0', 1),
(426, 'Орехово-кремовая начинка с отходами', 29, '1', '1', '0', '0', '0', 1),
(427, 'Ликерная начинка ТРЮФЕЛЬ', 29, '1', '1', '0', '0', '0', 1),
(428, 'Ликерная начинка ТРЮФЕЛЬ с отходами', 29, '1', '1', '0', '0', '0', 1),
(429, 'Ликерная начинка АМАРЕТТО', 29, '1', '1', '0', '0', '0', 1),
(430, 'Ликерная начинка АМАРЕТТО с отходами', 29, '1', '1', '0', '0', '0', 1),
(431, 'Ликерная начинка  ЛИМОНЧЕЛЛО', 29, '1', '1', '0', '0', '0', 1),
(432, 'Ликерная начинка  МАЛИБУ', 29, '1', '1', '0', '0', '0', 1),
(433, 'Ликерная начинка   БЕЙЛИЗ-2', 29, '1', '1', '0', '0', '0', 1),
(434, 'Молочно-кремовая начинка', 29, '1', '1', '0', '0', '0', 1),
(435, 'Шоколадно-кремовая начинка', 29, '1', '1', '0', '0', '0', 1),
(436, 'Кондитерская глазурь для зефира', 29, '1', '1', '0', '0', '0', 1),
(437, 'Кондитерская глазурь для конфет', 29, '1', '1', '0', '0', '0', 1),
(438, 'Изготовление мальтитной пудры', 29, '1', '1', '0', '0', '0', 1),
(439, 'Изготовление сахарной пудры', 29, '1', '1', '0', '0', '0', 1),
(440, 'переваривание отходов', 29, '1', '1', '0', '0', '0', 1),
(441, 'начинка вишня', 29, '1', '1', '0', '0', '0', 1),
(442, 'начинка клубника', 29, '1', '1', '0', '0', '0', 1),
(443, 'начинка мандариновая', 29, '1', '1', '0', '0', '0', 1),
(444, 'начинка кока-кола', 29, '1', '1', '0', '0', '0', 1),
(445, 'начинка медово-клюквенная', 29, '1', '1', '0', '0', '0', 1),
(446, 'Сироп Клубничный', 29, '1', '1', '0', '0', '0', 0),
(447, 'Сироп Карамельный', 29, '1', '1', '0', '0', '0', 0),
(448, 'Сироп Шоколадный', 29, '1', '1', '0', '0', '0', 0),
(460, 'Зефир\"Жизель\" глазированный с ароматом ванили на печенье 3,5кг (в гофроящике \"телевизор\")', 6, '1', '3.5', '0.6256/147', '(6125/3456)', '64', 0),
(461, 'Зефир \"Жизель\" глазированный с ароматом ванили на печенье 230 гр 7 шт', 9, '7', '0.23', '0.6256/147', '(6125/3456)', '64', 0),
(464, 'Зефир \"Сокол\" на фруктозе глазированный с ароматом ванили (для ДМ) 200гр 18шт', 9, '18', '0.2', '1.05*0.8/140', '(5111/3456)', '64', 0),
(465, 'Зефир \"Сокол\" на фруктозе с ароматом ванили (для ДМ) 250гр 12шт', 11, '12', '0.25', '1.05*0.99/135', '(6253/2880)', '64', 0),
(466, 'Зефир \"Жизель\" глазированный с ароматом ванили на печенье 2,6 кг, кг', 6, '1', '2.6', '0.6256/147', '(6125/3456)', '64', 1),
(467, 'Зефир\"Жизель\" с ароматом ванили на печенье 3,0кг (в гофроящике \"телевизор\")', 8, '1', '3', '0.6256/147', '(6125/3456)', '64', 0),
(468, 'Зефир «Жизель»  с ароматом ванили на печенье 190 г, 7 штук', 11, '7', '0.19', '0.6256/147', '(6125/3456)', '64', 0),
(469, 'Зефир «Жизель» глазированный с ароматом ванили на печенье в инд.прозрачной упак. 1.9кг (Вайлдберриз)', 25, '1', '1.9', '0.6256/147', '(6125/3456)', '64', 0),
(471, 'Зефир \"Жизель\" с ароматом ванили на печенье 2,5 кг', 8, '1', '2.5', '0.6256/147', '(6125/3456)', '64', 1),
(472, 'Зефир «Жизель» с ароматом ванили на печенье в инд.прозрачной упаковке 1.7кг (Вайлдберриз)', 25, '1', '1.7', '0.6256/147', '(6125/3456)', '64', 0),
(510, 'Зефир глазированный в шоколаде с ароматом ванили без добавления сахара 200гр 8шт, кг', 9, '8', '0.2', '0.78*1.02/144', '(64*1.15)', '9000/3456', 0);

-- --------------------------------------------------------

--
-- Структура таблицы `products_order`
--

CREATE TABLE `products_order` (
  `order_id` bigint UNSIGNED NOT NULL,
  `product_id` bigint UNSIGNED NOT NULL,
  `amount` int NOT NULL,
  `date` date DEFAULT NULL,
  `isDay` tinyint(1) NOT NULL
) ENGINE=InnoDB DEFAULT CHARSET=utf8mb4 COLLATE=utf8mb4_unicode_ci;

--
-- Дамп данных таблицы `products_order`
--

INSERT INTO `products_order` (`order_id`, `product_id`, `amount`, `date`, `isDay`) VALUES
(55, 8, 20, '2025-02-19', 0),
(56, 12, 20, '2025-02-19', 0),
(57, 16, 4863, '2025-02-19', 0),
(58, 21, 9, '2025-02-19', 0),
(59, 22, 2, '2025-02-19', 0),
(60, 26, 3, '2025-02-19', 0),
(61, 27, 20, '2025-02-19', 0),
(62, 30, 480, '2025-02-19', 0),
(63, 33, 223, '2025-02-19', 0),
(64, 36, 70, '2025-02-19', 0),
(65, 38, 215, '2025-02-19', 0),
(66, 45, 40, '2025-02-19', 0),
(67, 48, 5, '2025-02-19', 0),
(68, 55, 80, '2025-02-19', 0),
(69, 61, 32, '2025-02-19', 0),
(70, 63, 560, '2025-02-19', 0),
(71, 64, 580, '2025-02-19', 0),
(72, 67, 100, '2025-02-19', 0),
(73, 68, 310, '2025-02-19', 0),
(74, 69, 40, '2025-02-19', 0),
(75, 70, 70, '2025-02-19', 0),
(76, 71, 80, '2025-02-19', 0),
(77, 78, 82, '2025-02-19', 0),
(78, 82, 2424, '2025-02-19', 0),
(79, 84, 329, '2025-02-19', 0),
(80, 86, 25, '2025-02-19', 0),
(81, 97, 12450, '2025-02-19', 0),
(82, 99, 5, '2025-02-19', 0),
(83, 101, 3, '2025-02-19', 0),
(84, 394, 30, '2025-02-19', 0),
(85, 102, 10, '2025-02-19', 0),
(86, 104, 5, '2025-02-19', 0),
(87, 395, 23, '2025-02-19', 0),
(88, 105, 10, '2025-02-19', 0),
(89, 110, 10, '2025-02-19', 0),
(90, 112, 62, '2025-02-19', 0),
(91, 113, 7, '2025-02-19', 0),
(92, 396, 42, '2025-02-19', 0),
(93, 114, 1842, '2025-02-19', 0),
(94, 118, 12268, '2025-02-19', 0),
(95, 122, 103, '2025-02-19', 0),
(96, 125, 1556, '2025-02-19', 0),
(97, 126, 1386, '2025-02-19', 0),
(98, 127, 83, '2025-02-19', 0),
(99, 135, 626, '2025-02-19', 0),
(100, 139, 128, '2025-02-19', 0),
(101, 186, 80, '2025-02-19', 0),
(102, 189, 150, '2025-02-19', 0),
(103, 221, 30, '2025-02-19', 0),
(104, 330, 36, '2025-02-19', 0),
(105, 333, 89, '2025-02-19', 0),
(106, 340, 13, '2025-02-19', 0),
(107, 334, 11, '2025-02-19', 0),
(108, 335, 11, '2025-02-19', 0),
(109, 346, 3, '2025-02-19', 0),
(110, 337, 8, '2025-02-19', 0),
(111, 352, 9, '2025-02-19', 0),
(112, 338, 8, '2025-02-19', 0),
(113, 424, 8, '2025-02-19', 0),
(114, 8, 20, '2025-03-03', 0),
(115, 12, 20, '2025-03-03', 0),
(116, 16, 4863, '2025-03-03', 0),
(117, 21, 9, '2025-03-03', 0),
(118, 22, 2, '2025-03-03', 0),
(119, 26, 3, '2025-03-03', 0),
(120, 27, 20, '2025-03-03', 0),
(121, 30, 480, '2025-03-03', 0),
(122, 33, 223, '2025-03-03', 0),
(123, 36, 70, '2025-03-03', 0),
(124, 38, 215, '2025-03-03', 0),
(125, 45, 40, '2025-03-03', 0),
(126, 48, 5, '2025-03-03', 0),
(127, 55, 80, '2025-03-03', 0),
(128, 61, 32, '2025-03-03', 0),
(129, 63, 560, '2025-03-03', 0),
(130, 64, 580, '2025-03-03', 0),
(131, 67, 100, '2025-03-03', 0),
(132, 68, 310, '2025-03-03', 0),
(133, 69, 40, '2025-03-03', 0),
(134, 70, 70, '2025-03-03', 0),
(135, 71, 80, '2025-03-03', 0),
(136, 78, 82, '2025-03-03', 0),
(137, 82, 2424, '2025-03-03', 0),
(138, 84, 329, '2025-03-03', 0),
(139, 86, 25, '2025-03-03', 0),
(140, 97, 12450, '2025-03-03', 0),
(141, 99, 5, '2025-03-03', 0),
(142, 101, 3, '2025-03-03', 0),
(143, 394, 30, '2025-03-03', 0),
(144, 102, 10, '2025-03-03', 0),
(145, 104, 5, '2025-03-03', 0),
(146, 395, 23, '2025-03-03', 0),
(147, 105, 10, '2025-03-03', 0),
(148, 110, 10, '2025-03-03', 0),
(149, 112, 62, '2025-03-03', 0),
(150, 113, 7, '2025-03-03', 0),
(151, 396, 42, '2025-03-03', 0),
(152, 114, 1842, '2025-03-03', 0),
(153, 118, 12268, '2025-03-03', 0),
(154, 122, 103, '2025-03-03', 0),
(155, 125, 1556, '2025-03-03', 0),
(156, 126, 1386, '2025-03-03', 0),
(157, 127, 83, '2025-03-03', 0),
(158, 135, 626, '2025-03-03', 0),
(159, 139, 128, '2025-03-03', 0),
(160, 186, 80, '2025-03-03', 0),
(161, 189, 150, '2025-03-03', 0),
(162, 221, 30, '2025-03-03', 0),
(163, 330, 36, '2025-03-03', 0),
(164, 333, 89, '2025-03-03', 0),
(165, 340, 13, '2025-03-03', 0),
(166, 334, 11, '2025-03-03', 0),
(167, 335, 11, '2025-03-03', 0),
(168, 346, 3, '2025-03-03', 0),
(169, 337, 8, '2025-03-03', 0),
(170, 352, 9, '2025-03-03', 0),
(171, 338, 8, '2025-03-03', 0),
(172, 424, 8, '2025-03-03', 0),
(173, 8, 20, '2025-03-14', 0),
(174, 12, 20, '2025-03-14', 0),
(175, 16, 4863, '2025-03-14', 0),
(176, 21, 9, '2025-03-14', 0),
(177, 22, 2, '2025-03-14', 0),
(178, 26, 3, '2025-03-14', 0),
(179, 27, 20, '2025-03-14', 0),
(180, 30, 480, '2025-03-14', 0),
(181, 33, 223, '2025-03-14', 0),
(182, 36, 70, '2025-03-14', 0),
(183, 38, 215, '2025-03-14', 0),
(184, 45, 40, '2025-03-14', 0),
(185, 48, 5, '2025-03-14', 0),
(186, 55, 80, '2025-03-14', 0),
(187, 61, 32, '2025-03-14', 0),
(188, 63, 560, '2025-03-14', 0),
(189, 64, 580, '2025-03-14', 0),
(190, 67, 100, '2025-03-14', 0),
(191, 68, 310, '2025-03-14', 0),
(192, 69, 40, '2025-03-14', 0),
(193, 70, 70, '2025-03-14', 0),
(194, 71, 80, '2025-03-14', 0),
(195, 78, 82, '2025-03-14', 0),
(196, 82, 2424, '2025-03-14', 0),
(197, 84, 329, '2025-03-14', 0),
(198, 86, 25, '2025-03-14', 0),
(199, 97, 12450, '2025-03-14', 0),
(200, 99, 5, '2025-03-14', 0),
(201, 101, 3, '2025-03-14', 0),
(202, 394, 30, '2025-03-14', 0),
(203, 102, 10, '2025-03-14', 0),
(204, 104, 5, '2025-03-14', 0),
(205, 395, 23, '2025-03-14', 0),
(206, 105, 10, '2025-03-14', 0),
(207, 110, 10, '2025-03-14', 0),
(208, 112, 62, '2025-03-14', 0),
(209, 113, 7, '2025-03-14', 0),
(210, 396, 42, '2025-03-14', 0),
(211, 114, 1842, '2025-03-14', 0),
(212, 118, 12268, '2025-03-14', 0),
(213, 122, 103, '2025-03-14', 0),
(214, 125, 1556, '2025-03-14', 0),
(215, 126, 1386, '2025-03-14', 0),
(216, 127, 83, '2025-03-14', 0),
(217, 135, 626, '2025-03-14', 0),
(218, 139, 128, '2025-03-14', 0),
(219, 186, 80, '2025-03-14', 0),
(220, 189, 150, '2025-03-14', 0),
(221, 221, 30, '2025-03-14', 0),
(222, 330, 36, '2025-03-14', 0),
(223, 333, 89, '2025-03-14', 0),
(224, 340, 13, '2025-03-14', 0),
(225, 334, 11, '2025-03-14', 0),
(226, 335, 11, '2025-03-14', 0),
(227, 346, 3, '2025-03-14', 0),
(228, 337, 8, '2025-03-14', 0),
(229, 352, 9, '2025-03-14', 0),
(230, 338, 8, '2025-03-14', 0),
(231, 424, 8, '2025-03-14', 0),
(232, 1, 50, '2025-03-18', 1),
(233, 9, 18, '2025-03-18', 1),
(234, 21, 78, '2025-03-18', 1),
(235, 22, 15, '2025-03-18', 1),
(236, 23, 75, '2025-03-18', 1),
(237, 36, 78, '2025-03-18', 1),
(238, 56, 878, '2025-03-18', 1),
(239, 82, 8775, '2025-03-18', 1),
(240, 97, 617, '2025-03-18', 1),
(241, 118, 3648, '2025-03-18', 1),
(242, 125, 278, '2025-03-18', 1),
(243, 126, 199, '2025-03-18', 1),
(244, 135, 799, '2025-03-18', 1),
(245, 330, 67, '2025-03-18', 1),
(246, 334, 22, '2025-03-18', 1),
(247, 335, 17, '2025-03-18', 1),
(248, 336, 61, '2025-03-18', 1),
(249, 337, 13, '2025-03-18', 1),
(250, 1, 50, '2025-04-13', 1),
(251, 9, 18, '2025-04-13', 1),
(252, 21, 78, '2025-04-13', 1),
(253, 22, 15, '2025-04-13', 1),
(254, 23, 75, '2025-04-13', 1),
(255, 36, 78, '2025-04-13', 1),
(256, 56, 878, '2025-04-13', 1),
(257, 82, 8775, '2025-04-13', 1),
(258, 97, 617, '2025-04-13', 1),
(259, 118, 3648, '2025-04-13', 1),
(260, 125, 278, '2025-04-13', 1),
(261, 126, 199, '2025-04-13', 1),
(262, 135, 799, '2025-04-13', 1),
(263, 330, 67, '2025-04-13', 1),
(264, 334, 22, '2025-04-13', 1),
(265, 335, 17, '2025-04-13', 1),
(266, 336, 61, '2025-04-13', 1),
(267, 337, 13, '2025-04-13', 1),
(286, 1, 50, '2025-04-14', 1),
(287, 9, 18, '2025-04-14', 1),
(288, 21, 78, '2025-04-14', 1),
(289, 22, 15, '2025-04-14', 1),
(290, 23, 75, '2025-04-14', 1),
(291, 36, 78, '2025-04-14', 1),
(292, 56, 878, '2025-04-14', 1),
(293, 82, 8775, '2025-04-14', 1),
(294, 97, 617, '2025-04-14', 1),
(295, 118, 3648, '2025-04-14', 1),
(296, 125, 278, '2025-04-14', 1),
(297, 126, 199, '2025-04-14', 1),
(298, 135, 799, '2025-04-14', 1),
(299, 330, 67, '2025-04-14', 1),
(300, 334, 22, '2025-04-14', 1),
(301, 335, 17, '2025-04-14', 1),
(302, 336, 61, '2025-04-14', 1),
(303, 337, 13, '2025-04-14', 1),
(304, 1, 50, '2025-04-21', 1),
(305, 9, 18, '2025-04-21', 1),
(306, 21, 78, '2025-04-21', 1),
(307, 22, 10, '2025-04-21', 1),
(308, 23, 75, '2025-04-21', 1),
(309, 36, 78, '2025-04-21', 1),
(310, 56, 878, '2025-04-21', 1),
(311, 82, 630, '2025-04-21', 1),
(312, 97, 17202, '2025-04-21', 1),
(313, 118, 17501, '2025-04-21', 1),
(314, 125, 1044, '2025-04-21', 1),
(315, 126, 166, '2025-04-21', 1),
(316, 135, 368, '2025-04-21', 1),
(317, 330, 67, '2025-04-21', 1),
(318, 334, 34, '2025-04-21', 1),
(319, 335, 2, '2025-04-21', 1),
(320, 336, 61, '2025-04-21', 1),
(321, 337, 1, '2025-04-21', 1),
(322, 3, 288, '2025-04-21', 1),
(323, 20, 288, '2025-04-21', 1),
(324, 25, 288, '2025-04-21', 1),
(325, 26, 36, '2025-04-21', 1),
(326, 27, 65, '2025-04-21', 1),
(327, 30, 150, '2025-04-21', 1),
(328, 31, 94, '2025-04-21', 1),
(329, 38, 308, '2025-04-21', 1),
(330, 44, 15, '2025-04-21', 1),
(331, 46, 15, '2025-04-21', 1),
(332, 48, 23, '2025-04-21', 1),
(333, 54, 3, '2025-04-21', 1),
(334, 57, 10, '2025-04-21', 1),
(335, 61, 85, '2025-04-21', 1),
(336, 62, 58, '2025-04-21', 1),
(337, 63, 25, '2025-04-21', 1),
(338, 64, 45, '2025-04-21', 1),
(339, 394, 142, '2025-04-21', 1),
(340, 102, 10, '2025-04-21', 1),
(341, 106, 10, '2025-04-21', 1),
(342, 114, 748, '2025-04-21', 1),
(343, 122, 25, '2025-04-21', 1),
(344, 332, 10, '2025-04-21', 1),
(345, 333, 15, '2025-04-21', 1),
(346, 340, 25, '2025-04-21', 1),
(372, 3, 288, '2025-04-28', 1),
(373, 20, 288, '2025-04-28', 1),
(374, 22, 10, '2025-04-28', 1),
(375, 25, 288, '2025-04-28', 1),
(376, 26, 36, '2025-04-28', 1),
(377, 27, 65, '2025-04-28', 1),
(378, 30, 150, '2025-04-28', 1),
(379, 31, 94, '2025-04-28', 1),
(380, 38, 308, '2025-04-28', 1),
(381, 44, 15, '2025-04-28', 1),
(382, 46, 15, '2025-04-28', 1),
(383, 48, 23, '2025-04-28', 1),
(384, 54, 3, '2025-04-28', 1),
(385, 57, 10, '2025-04-28', 1),
(386, 61, 85, '2025-04-28', 1),
(387, 62, 58, '2025-04-28', 1),
(388, 63, 25, '2025-04-28', 1),
(389, 64, 45, '2025-04-28', 1),
(390, 82, 630, '2025-04-28', 1),
(391, 97, 17202, '2025-04-28', 1),
(392, 394, 142, '2025-04-28', 1),
(393, 102, 10, '2025-04-28', 1),
(394, 106, 10, '2025-04-28', 1),
(395, 114, 748, '2025-04-28', 1),
(396, 118, 17501, '2025-04-28', 1),
(397, 122, 25, '2025-04-28', 1),
(398, 125, 1044, '2025-04-28', 1),
(399, 126, 166, '2025-04-28', 1),
(400, 135, 368, '2025-04-28', 1),
(401, 332, 10, '2025-04-28', 1),
(402, 333, 15, '2025-04-28', 1),
(403, 340, 25, '2025-04-28', 1),
(404, 334, 34, '2025-04-28', 1),
(405, 335, 2, '2025-04-28', 1),
(406, 337, 1, '2025-04-28', 1),
(407, 18, 32, '2025-04-28', 1),
(408, 17, 77, '2025-04-28', 1),
(409, 19, 25, '2025-04-28', 1),
(410, 92, 60, '2025-04-28', 1),
(411, 95, 2, '2025-04-28', 1),
(416, 3, 288, '2025-05-07', 1),
(417, 17, 77, '2025-05-07', 1),
(418, 18, 32, '2025-05-07', 1),
(419, 19, 25, '2025-05-07', 1),
(420, 20, 288, '2025-05-07', 1),
(421, 22, 10, '2025-05-07', 1),
(422, 25, 288, '2025-05-07', 1),
(423, 26, 36, '2025-05-07', 1),
(424, 27, 65, '2025-05-07', 1),
(425, 30, 150, '2025-05-07', 1),
(426, 31, 94, '2025-05-07', 1),
(427, 38, 308, '2025-05-07', 1),
(428, 44, 77, '2025-05-07', 1),
(429, 46, 60, '2025-05-07', 1),
(430, 48, 23, '2025-05-07', 1),
(431, 54, 3, '2025-05-07', 1),
(432, 57, 10, '2025-05-07', 1),
(433, 61, 85, '2025-05-07', 1),
(434, 62, 58, '2025-05-07', 1),
(435, 63, 25, '2025-05-07', 1),
(436, 64, 45, '2025-05-07', 1),
(437, 82, 3263, '2025-05-07', 1),
(438, 92, 60, '2025-05-07', 1),
(439, 95, 2, '2025-05-07', 1),
(440, 97, 18377, '2025-05-07', 1),
(441, 394, 55, '2025-05-07', 1),
(442, 102, 10, '2025-05-07', 1),
(443, 106, 10, '2025-05-07', 1),
(444, 114, 119, '2025-05-07', 1),
(445, 118, 25120, '2025-05-07', 1),
(446, 122, 25, '2025-05-07', 1),
(447, 125, 558, '2025-05-07', 1),
(448, 126, 796, '2025-05-07', 1),
(449, 135, 368, '2025-05-07', 1),
(452, 332, 8, '2025-05-07', 1),
(453, 333, 7, '2025-05-07', 1),
(455, 340, 25, '2025-05-07', 1),
(456, 334, 34, '2025-05-07', 1),
(457, 335, 2, '2025-05-07', 1),
(458, 337, 1, '2025-05-07', 1),
(460, 2, 11, '2025-05-07', 1),
(461, 12, 9, '2025-05-07', 1),
(462, 16, 507, '2025-05-07', 1),
(464, 36, 34, '2025-05-07', 1),
(465, 41, 84, '2025-05-07', 1),
(466, 52, 40, '2025-05-07', 1),
(467, 56, 194, '2025-05-07', 1),
(468, 80, 20, '2025-05-07', 1),
(469, 81, 20, '2025-05-07', 1),
(470, 86, 56, '2025-05-07', 1),
(471, 87, 5, '2025-05-07', 1),
(473, 395, 62, '2025-05-07', 1),
(474, 112, 14, '2025-05-07', 1),
(475, 396, 79, '2025-05-07', 1),
(476, 2, 11, '2025-05-12', 1),
(477, 12, 9, '2025-05-12', 1),
(478, 16, 507, '2025-05-12', 1),
(480, 36, 34, '2025-05-12', 1),
(481, 41, 84, '2025-05-12', 1),
(482, 44, 77, '2025-05-12', 1),
(483, 46, 60, '2025-05-12', 1),
(484, 52, 40, '2025-05-12', 1),
(485, 56, 194, '2025-05-12', 1),
(486, 80, 20, '2025-05-12', 1),
(487, 81, 20, '2025-05-12', 1),
(488, 82, 3263, '2025-05-12', 1),
(489, 86, 56, '2025-05-12', 1),
(490, 87, 5, '2025-05-12', 1),
(492, 97, 18377, '2025-05-12', 1),
(493, 394, 55, '2025-05-12', 1),
(494, 395, 62, '2025-05-12', 1),
(495, 112, 14, '2025-05-12', 1),
(496, 396, 79, '2025-05-12', 1),
(497, 114, 119, '2025-05-12', 1),
(498, 118, 25120, '2025-05-12', 1),
(499, 125, 558, '2025-05-12', 1),
(500, 126, 796, '2025-05-12', 1),
(503, 332, 8, '2025-05-12', 1),
(504, 333, 7, '2025-05-12', 1),
(507, 2, 11, '2025-05-13', 1),
(508, 12, 9, '2025-05-13', 1),
(509, 16, 507, '2025-05-13', 1),
(511, 36, 34, '2025-05-13', 1),
(512, 41, 84, '2025-05-13', 1),
(513, 44, 77, '2025-05-13', 1),
(514, 46, 60, '2025-05-13', 1),
(515, 52, 40, '2025-05-13', 1),
(516, 56, 194, '2025-05-13', 1),
(517, 80, 20, '2025-05-13', 1),
(518, 81, 20, '2025-05-13', 1),
(519, 82, 3263, '2025-05-13', 1),
(520, 86, 56, '2025-05-13', 1),
(521, 87, 5, '2025-05-13', 1),
(523, 97, 18377, '2025-05-13', 1),
(524, 394, 55, '2025-05-13', 1),
(525, 395, 62, '2025-05-13', 1),
(526, 112, 14, '2025-05-13', 1),
(527, 396, 79, '2025-05-13', 1),
(528, 114, 119, '2025-05-13', 1),
(529, 118, 25120, '2025-05-13', 1),
(530, 125, 558, '2025-05-13', 1),
(531, 126, 796, '2025-05-13', 1),
(534, 332, 8, '2025-05-13', 1),
(535, 333, 7, '2025-05-13', 1),
(538, 2, 11, '2025-05-14', 1),
(539, 12, 9, '2025-05-14', 1),
(540, 16, 507, '2025-05-14', 1),
(542, 36, 34, '2025-05-14', 1),
(543, 41, 84, '2025-05-14', 1),
(544, 44, 77, '2025-05-14', 1),
(545, 46, 60, '2025-05-14', 1),
(546, 52, 40, '2025-05-14', 1),
(547, 56, 194, '2025-05-14', 1),
(548, 80, 20, '2025-05-14', 1),
(549, 81, 20, '2025-05-14', 1),
(550, 82, 3263, '2025-05-14', 1),
(551, 86, 56, '2025-05-14', 1),
(552, 87, 5, '2025-05-14', 1),
(554, 97, 18377, '2025-05-14', 1),
(555, 394, 55, '2025-05-14', 1),
(556, 395, 62, '2025-05-14', 1),
(557, 112, 14, '2025-05-14', 1),
(558, 396, 79, '2025-05-14', 1),
(559, 114, 119, '2025-05-14', 1),
(560, 118, 25120, '2025-05-14', 1),
(561, 125, 558, '2025-05-14', 1),
(562, 126, 796, '2025-05-14', 1),
(564, 332, 8, '2025-05-14', 1),
(565, 333, 7, '2025-05-14', 1),
(568, 10, 150, '2025-05-19', 0),
(569, 16, 1034, '2025-05-19', 0),
(570, 29, 370, '2025-05-19', 0),
(571, 35, 870, '2025-05-19', 0),
(572, 36, 18, '2025-05-19', 0),
(573, 40, 30, '2025-05-19', 0),
(574, 53, 10, '2025-05-19', 0),
(575, 54, 4, '2025-05-19', 0),
(576, 82, 10210, '2025-05-19', 0),
(577, 97, 4948, '2025-05-19', 0),
(578, 394, 30, '2025-05-19', 0),
(579, 396, 20, '2025-05-19', 0),
(580, 118, 14033, '2025-05-19', 0),
(581, 125, 1079, '2025-05-19', 0),
(582, 126, 856, '2025-05-19', 0),
(583, 135, 1096, '2025-05-19', 0),
(585, 16, 819, '2025-06-24', 0),
(587, 40, 10, '2025-06-24', 0),
(588, 41, 20, '2025-06-24', 0),
(589, 55, 138, '2025-06-24', 0),
(590, 57, 10, '2025-06-24', 0),
(591, 59, 20, '2025-06-24', 0),
(592, 63, 700, '2025-06-24', 0),
(593, 64, 610, '2025-06-24', 0),
(594, 66, 30, '2025-06-24', 0),
(595, 461, 61, '2025-06-24', 0),
(596, 82, 10000, '2025-06-24', 0),
(597, 84, 109, '2025-06-24', 0),
(598, 86, 37, '2025-06-24', 0),
(602, 97, 10262, '2025-06-24', 0),
(603, 99, 5, '2025-06-24', 0),
(604, 394, 126, '2025-06-24', 0),
(605, 102, 5, '2025-06-24', 0),
(606, 395, 50, '2025-06-24', 0),
(607, 105, 10, '2025-06-24', 0),
(608, 110, 10, '2025-06-24', 0),
(609, 112, 40, '2025-06-24', 0),
(610, 396, 88, '2025-06-24', 0),
(611, 114, 728, '2025-06-24', 0),
(612, 118, 20703, '2025-06-24', 0),
(613, 126, 55, '2025-06-24', 0),
(614, 135, 796, '2025-06-24', 0),
(617, 352, 5, '2025-06-24', 0),
(618, 417, 48, '2025-06-24', 0),
(619, 17, 371, '2025-06-24', 0),
(620, 18, 143, '2025-06-24', 0),
(621, 19, 430, '2025-06-24', 0),
(622, 22, 5, '2025-06-24', 0),
(623, 30, 480, '2025-06-24', 0),
(624, 33, 230, '2025-06-24', 0),
(625, 48, 15, '2025-06-24', 0),
(626, 62, 8, '2025-06-24', 0),
(627, 83, 24, '2025-06-24', 0),
(629, 125, 535, '2025-06-24', 0),
(631, 174, 6, '2025-06-24', 0),
(632, 221, 21, '2025-06-24', 0),
(633, 332, 50, '2025-06-24', 0),
(634, 335, 3, '2025-06-24', 0),
(635, 337, 10, '2025-06-24', 0),
(636, 338, 4, '2025-06-24', 0),
(637, 12, 200, '2025-06-24', 0),
(638, 31, 45, '2025-06-24', 0),
(639, 39, 10, '2025-06-24', 0),
(640, 44, 228, '2025-06-24', 0),
(641, 46, 228, '2025-06-24', 0),
(642, 92, 100, '2025-06-24', 0),
(643, 93, 100, '2025-06-24', 0),
(644, 94, 25, '2025-06-24', 0),
(645, 95, 6, '2025-06-24', 0),
(646, 96, 25, '2025-06-24', 0),
(647, 122, 83, '2025-06-24', 0),
(648, 127, 60, '2025-06-24', 0),
(649, 140, 560, '2025-06-24', 0),
(651, 333, 35, '2025-06-24', 0),
(652, 334, 5, '2025-06-24', 0),
(653, 343, 10, '2025-06-24', 0),
(654, 336, 4, '2025-06-24', 0),
(655, 424, 40, '2025-06-24', 0),
(656, 36, 21, '2025-06-24', 0),
(657, 67, 70, '2025-06-24', 0),
(658, 68, 200, '2025-06-24', 0),
(659, 70, 50, '2025-06-24', 0),
(660, 71, 50, '2025-06-24', 0),
(661, 139, 128, '2025-06-24', 0),
(662, 340, 2, '2025-06-24', 0),
(663, 1, 20, '2025-06-24', 0),
(664, 20, 114, '2025-06-24', 0),
(665, 50, 660, '2025-06-24', 0),
(666, 52, 342, '2025-06-24', 0),
(667, 85, 336, '2025-06-24', 0),
(668, 113, 5, '2025-06-24', 0),
(669, 146, 32, '2025-06-24', 0),
(670, 152, 112, '2025-06-24', 0),
(671, 154, 112, '2025-06-24', 0),
(672, 157, 56, '2025-06-24', 0),
(673, 460, 20, '2025-06-24', 0),
(674, 56, 928, '2025-06-24', 0),
(675, 61, 19, '2025-06-24', 0),
(676, 467, 20, '2025-06-24', 0),
(677, 78, 40, '2025-06-24', 0),
(1124, 7, 15, '2025-08-10', 0),
(1125, 9, 200, '2025-08-10', 0),
(1126, 12, 240, '2025-08-10', 0),
(1127, 16, 4500, '2025-08-10', 0),
(1128, 17, 525, '2025-08-10', 0),
(1129, 19, 130, '2025-08-10', 0),
(1130, 23, 17, '2025-08-10', 0),
(1131, 30, 120, '2025-08-10', 0),
(1132, 32, 31, '2025-08-10', 0),
(1133, 33, 2, '2025-08-10', 0),
(1134, 36, 444, '2025-08-10', 0),
(1135, 41, 17, '2025-08-10', 0),
(1136, 45, 82, '2025-08-10', 0),
(1137, 54, 20, '2025-08-10', 0),
(1138, 55, 60, '2025-08-10', 0),
(1139, 62, 10, '2025-08-10', 0),
(1140, 63, 230, '2025-08-10', 0),
(1141, 467, 4, '2025-08-10', 0),
(1142, 64, 210, '2025-08-10', 0),
(1143, 461, 88, '2025-08-10', 0),
(1144, 82, 14500, '2025-08-10', 0),
(1145, 83, 30, '2025-08-10', 0),
(1146, 84, 168, '2025-08-10', 0),
(1147, 85, 336, '2025-08-10', 0),
(1148, 86, 10, '2025-08-10', 0),
(1149, 92, 4, '2025-08-10', 0),
(1150, 95, 1, '2025-08-10', 0),
(1151, 97, 15727, '2025-08-10', 0),
(1152, 394, 74, '2025-08-10', 0),
(1153, 102, 4, '2025-08-10', 0),
(1154, 105, 8, '2025-08-10', 0),
(1155, 110, 10, '2025-08-10', 0),
(1156, 396, 12, '2025-08-10', 0),
(1158, 114, 758, '2025-08-10', 0),
(1159, 118, 20381, '2025-08-10', 0),
(1160, 125, 1388, '2025-08-10', 0),
(1161, 126, 800, '2025-08-10', 0),
(1164, 134, 374, '2025-08-10', 0),
(1165, 135, 1684, '2025-08-10', 0),
(1166, 146, 64, '2025-08-10', 0),
(1167, 152, 112, '2025-08-10', 0),
(1168, 154, 112, '2025-08-10', 0),
(1169, 157, 112, '2025-08-10', 0),
(1170, 186, 100, '2025-08-10', 0),
(1171, 187, 50, '2025-08-10', 0),
(1172, 188, 110, '2025-08-10', 0),
(1173, 189, 60, '2025-08-10', 0),
(1174, 193, 30, '2025-08-10', 0),
(1175, 194, 30, '2025-08-10', 0),
(1176, 195, 30, '2025-08-10', 0),
(1180, 332, 21, '2025-08-10', 0),
(1181, 333, 17, '2025-08-10', 0),
(1182, 340, 15, '2025-08-10', 0),
(1240, 7, 104, '2025-09-17', 1),
(1241, 8, 243, '2025-09-17', 1),
(1242, 9, 101, '2025-09-17', 1),
(1243, 12, 250, '2025-09-17', 1),
(1245, 16, 5791, '2025-09-17', 1),
(1246, 17, 667, '2025-09-17', 1),
(1247, 19, 100, '2025-09-17', 1),
(1248, 30, 632, '2025-09-17', 1),
(1249, 36, 321, '2025-09-17', 1),
(1250, 41, 63, '2025-09-17', 1),
(1251, 44, 173, '2025-09-17', 1),
(1252, 46, 152, '2025-09-17', 1),
(1253, 50, 684, '2025-09-17', 1),
(1254, 52, 474, '2025-09-17', 1),
(1255, 56, 600, '2025-09-17', 1),
(1256, 58, 1, '2025-09-17', 1),
(1257, 63, 350, '2025-09-17', 1),
(1258, 64, 300, '2025-09-17', 1),
(1259, 461, 38, '2025-09-17', 1),
(1260, 78, 64, '2025-09-17', 1),
(1261, 82, 13179, '2025-09-17', 1),
(1262, 83, 46, '2025-09-17', 1),
(1263, 84, 112, '2025-09-17', 1),
(1264, 97, 30801, '2025-09-17', 1),
(1265, 394, 61, '2025-09-17', 1),
(1266, 112, 5, '2025-09-17', 1),
(1267, 396, 3, '2025-09-17', 1),
(1269, 114, 728, '2025-09-17', 1),
(1270, 118, 31543, '2025-09-17', 1),
(1271, 125, 1674, '2025-09-17', 1),
(1272, 126, 1351, '2025-09-17', 1),
(1273, 128, 30, '2025-09-17', 1),
(1274, 131, 30, '2025-09-17', 1),
(1276, 134, 218, '2025-09-17', 1),
(1277, 135, 287, '2025-09-17', 1),
(1278, 138, 75, '2025-09-17', 1),
(1279, 139, 64, '2025-09-17', 1),
(1280, 160, 330, '2025-09-17', 1),
(1281, 161, 45, '2025-09-17', 1),
(1282, 164, 45, '2025-09-17', 1),
(1283, 165, 80, '2025-09-17', 1),
(1284, 169, 40, '2025-09-17', 1),
(1285, 171, 30, '2025-09-17', 1),
(1286, 174, 7, '2025-09-17', 1),
(1287, 329, 50, '2025-09-17', 1),
(1288, 330, 60, '2025-09-17', 1),
(1289, 332, 30, '2025-09-17', 1),
(1290, 333, 169, '2025-09-17', 1),
(1292, 334, 21, '2025-09-17', 1),
(1293, 335, 20, '2025-09-17', 1),
(1294, 336, 20, '2025-09-17', 1),
(1295, 337, 20, '2025-09-17', 1),
(1296, 338, 20, '2025-09-17', 1),
(1523, 2, 10, '2025-10-13', 0),
(1524, 4, 7, '2025-10-13', 0),
(1525, 5, 7, '2025-10-13', 0),
(1526, 7, 460, '2025-10-13', 0),
(1527, 9, 7, '2025-10-13', 0),
(1528, 10, 400, '2025-10-13', 0),
(1529, 12, 30, '2025-10-13', 0),
(1530, 16, 9102, '2025-10-13', 0),
(1531, 17, 201, '2025-10-13', 0),
(1532, 18, 78, '2025-10-13', 0),
(1533, 21, 7, '2025-10-13', 0),
(1534, 23, 10, '2025-10-13', 0),
(1535, 26, 7, '2025-10-13', 0),
(1536, 27, 7, '2025-10-13', 0),
(1537, 29, 500, '2025-10-13', 0),
(1538, 31, 2, '2025-10-13', 0),
(1539, 33, 2, '2025-10-13', 0),
(1540, 35, 200, '2025-10-13', 0),
(1541, 40, 50, '2025-10-13', 0),
(1542, 41, 2, '2025-10-13', 0),
(1543, 49, 3, '2025-10-13', 0),
(1544, 53, 50, '2025-10-13', 0),
(1545, 54, 2, '2025-10-13', 0),
(1546, 55, 5, '2025-10-13', 0),
(1547, 56, 938, '2025-10-13', 0),
(1548, 58, 2, '2025-10-13', 0),
(1549, 61, 167, '2025-10-13', 0),
(1550, 62, 92, '2025-10-13', 0),
(1551, 461, 124, '2025-10-13', 0),
(1552, 78, 61, '2025-10-13', 0),
(1553, 82, 13924, '2025-10-13', 0),
(1554, 83, 57, '2025-10-13', 0),
(1555, 84, 224, '2025-10-13', 0),
(1556, 92, 195, '2025-10-13', 0),
(1557, 93, 122, '2025-10-13', 0),
(1558, 95, 125, '2025-10-13', 0),
(1559, 97, 18650, '2025-10-13', 0),
(1560, 99, 1, '2025-10-13', 0),
(1561, 394, 189, '2025-10-13', 0),
(1562, 395, 39, '2025-10-13', 0),
(1563, 106, 1, '2025-10-13', 0),
(1564, 112, 73, '2025-10-13', 0),
(1565, 396, 118, '2025-10-13', 0),
(1567, 114, 728, '2025-10-13', 0),
(1568, 118, 25841, '2025-10-13', 0),
(1569, 119, 1, '2025-10-13', 0),
(1570, 125, 963, '2025-10-13', 0),
(1571, 126, 1015, '2025-10-13', 0),
(1574, 135, 444, '2025-10-13', 0),
(1575, 139, 64, '2025-10-13', 0),
(1577, 128, 59, '2025-10-13', 0),
(1578, 130, 56, '2025-10-13', 0),
(1579, 131, 1, '2025-10-13', 0),
(1580, 132, 166, '2025-10-13', 0),
(1581, 134, 183, '2025-10-13', 0),
(1586, 329, 30, '2025-10-13', 0),
(1587, 330, 30, '2025-10-13', 0),
(1588, 332, 194, '2025-10-13', 0),
(1589, 333, 168, '2025-10-13', 0),
(1591, 340, 38, '2025-10-13', 0),
(1592, 343, 3, '2025-10-13', 0),
(1593, 346, 3, '2025-10-13', 0),
(1594, 349, 3, '2025-10-13', 0),
(1595, 2, 10, '2025-10-20', 0),
(1596, 4, 7, '2025-10-20', 0),
(1597, 5, 7, '2025-10-20', 0),
(1598, 7, 460, '2025-10-20', 0),
(1599, 9, 7, '2025-10-20', 0),
(1600, 10, 400, '2025-10-20', 0),
(1601, 12, 30, '2025-10-20', 0),
(1602, 16, 9102, '2025-10-20', 0),
(1603, 17, 201, '2025-10-20', 0),
(1604, 18, 78, '2025-10-20', 0),
(1605, 21, 7, '2025-10-20', 0),
(1606, 23, 10, '2025-10-20', 0),
(1607, 26, 7, '2025-10-20', 0),
(1608, 27, 7, '2025-10-20', 0),
(1609, 29, 500, '2025-10-20', 0),
(1610, 31, 2, '2025-10-20', 0),
(1611, 33, 2, '2025-10-20', 0),
(1612, 35, 200, '2025-10-20', 0),
(1613, 40, 50, '2025-10-20', 0),
(1614, 41, 2, '2025-10-20', 0),
(1615, 49, 3, '2025-10-20', 0),
(1616, 53, 50, '2025-10-20', 0),
(1617, 54, 2, '2025-10-20', 0),
(1618, 55, 5, '2025-10-20', 0),
(1619, 56, 938, '2025-10-20', 0),
(1620, 58, 2, '2025-10-20', 0),
(1621, 61, 167, '2025-10-20', 0),
(1622, 62, 92, '2025-10-20', 0),
(1623, 461, 124, '2025-10-20', 0),
(1624, 78, 61, '2025-10-20', 0),
(1625, 82, 13924, '2025-10-20', 0),
(1626, 83, 57, '2025-10-20', 0),
(1627, 84, 224, '2025-10-20', 0),
(1628, 92, 195, '2025-10-20', 0),
(1629, 93, 122, '2025-10-20', 0),
(1630, 95, 125, '2025-10-20', 0),
(1631, 97, 18650, '2025-10-20', 0),
(1632, 99, 1, '2025-10-20', 0),
(1633, 394, 189, '2025-10-20', 0),
(1634, 395, 39, '2025-10-20', 0),
(1635, 106, 1, '2025-10-20', 0),
(1636, 112, 73, '2025-10-20', 0),
(1637, 396, 118, '2025-10-20', 0),
(1639, 114, 728, '2025-10-20', 0),
(1640, 118, 25841, '2025-10-20', 0),
(1641, 119, 1, '2025-10-20', 0),
(1642, 125, 963, '2025-10-20', 0),
(1643, 126, 1015, '2025-10-20', 0),
(1646, 135, 444, '2025-10-20', 0),
(1647, 139, 64, '2025-10-20', 0),
(1649, 128, 59, '2025-10-20', 0),
(1650, 130, 56, '2025-10-20', 0),
(1651, 131, 1, '2025-10-20', 0),
(1652, 132, 166, '2025-10-20', 0),
(1653, 134, 183, '2025-10-20', 0),
(1658, 329, 30, '2025-10-20', 0),
(1659, 330, 30, '2025-10-20', 0),
(1660, 332, 194, '2025-10-20', 0),
(1661, 333, 168, '2025-10-20', 0),
(1663, 340, 38, '2025-10-20', 0),
(1664, 343, 3, '2025-10-20', 0),
(1665, 346, 3, '2025-10-20', 0),
(1666, 349, 3, '2025-10-20', 0),
(1667, 1, 20, '2025-09-24', 0),
(1668, 7, 115, '2025-09-24', 0),
(1669, 12, 257, '2025-09-24', 0),
(1670, 16, 8823, '2025-09-24', 0),
(1671, 17, 915, '2025-09-24', 0),
(1672, 18, 47, '2025-09-24', 0),
(1673, 23, 79, '2025-09-24', 0),
(1674, 27, 2, '2025-09-24', 0),
(1675, 30, 120, '2025-09-24', 0),
(1676, 31, 113, '2025-09-24', 0),
(1677, 36, 3, '2025-09-24', 0),
(1678, 48, 9, '2025-09-24', 0),
(1679, 61, 76, '2025-09-24', 0),
(1680, 62, 84, '2025-09-24', 0),
(1681, 461, 63, '2025-09-24', 0),
(1682, 78, 84, '2025-09-24', 0),
(1683, 82, 16096, '2025-09-24', 0),
(1684, 83, 55, '2025-09-24', 0),
(1685, 84, 224, '2025-09-24', 0),
(1686, 91, 5, '2025-09-24', 0),
(1687, 92, 144, '2025-09-24', 0),
(1688, 93, 53, '2025-09-24', 0),
(1689, 95, 84, '2025-09-24', 0),
(1690, 97, 12577, '2025-09-24', 0),
(1691, 99, 50, '2025-09-24', 0),
(1692, 394, 60, '2025-09-24', 0),
(1693, 102, 65, '2025-09-24', 0),
(1694, 396, 10, '2025-09-24', 0),
(1696, 114, 1754, '2025-09-24', 0),
(1697, 118, 12223, '2025-09-24', 0),
(1698, 125, 2093, '2025-09-24', 0),
(1699, 126, 1709, '2025-09-24', 0),
(1701, 135, 828, '2025-09-24', 0),
(1702, 139, 64, '2025-09-24', 0),
(1704, 130, 25, '2025-09-24', 0),
(1705, 132, 38, '2025-09-24', 0),
(1706, 134, 45, '2025-09-24', 0),
(1712, 329, 600, '2025-09-24', 0),
(1713, 330, 70, '2025-09-24', 0),
(1714, 333, 98, '2025-09-24', 0),
(1716, 334, 33, '2025-09-24', 0),
(1717, 335, 34, '2025-09-24', 0),
(1718, 336, 33, '2025-09-24', 0),
(1719, 338, 18, '2025-09-24', 0),
(1720, 417, 12, '2025-09-24', 0),
(1721, 424, 12, '2025-09-24', 0),
(1722, 1, 20, '2025-10-28', 0),
(1723, 7, 115, '2025-10-28', 0),
(1724, 12, 257, '2025-10-28', 0),
(1725, 16, 8823, '2025-10-28', 0),
(1726, 17, 915, '2025-10-28', 0),
(1727, 18, 47, '2025-10-28', 0),
(1728, 23, 79, '2025-10-28', 0),
(1729, 27, 2, '2025-10-28', 0),
(1730, 30, 120, '2025-10-28', 0),
(1731, 31, 113, '2025-10-28', 0),
(1732, 36, 3, '2025-10-28', 0),
(1733, 48, 9, '2025-10-28', 0),
(1734, 61, 76, '2025-10-28', 0),
(1735, 62, 84, '2025-10-28', 0),
(1736, 461, 63, '2025-10-28', 0),
(1737, 78, 84, '2025-10-28', 0),
(1738, 82, 16096, '2025-10-28', 0),
(1739, 83, 55, '2025-10-28', 0),
(1740, 84, 224, '2025-10-28', 0),
(1741, 91, 5, '2025-10-28', 0),
(1742, 92, 144, '2025-10-28', 0),
(1743, 93, 53, '2025-10-28', 0),
(1744, 95, 84, '2025-10-28', 0),
(1745, 97, 12577, '2025-10-28', 0),
(1746, 99, 50, '2025-10-28', 0),
(1747, 394, 60, '2025-10-28', 0),
(1748, 102, 65, '2025-10-28', 0),
(1749, 396, 10, '2025-10-28', 0),
(1751, 114, 1754, '2025-10-28', 0),
(1752, 118, 12223, '2025-10-28', 0),
(1753, 125, 2093, '2025-10-28', 0),
(1754, 126, 1709, '2025-10-28', 0),
(1756, 135, 828, '2025-10-28', 0),
(1757, 139, 64, '2025-10-28', 0),
(1759, 130, 25, '2025-10-28', 0),
(1760, 132, 38, '2025-10-28', 0),
(1761, 134, 45, '2025-10-28', 0),
(1767, 329, 600, '2025-10-28', 0),
(1768, 330, 70, '2025-10-28', 0),
(1769, 333, 98, '2025-10-28', 0),
(1771, 334, 33, '2025-10-28', 0),
(1772, 335, 34, '2025-10-28', 0),
(1773, 336, 33, '2025-10-28', 0),
(1774, 338, 18, '2025-10-28', 0),
(1775, 417, 12, '2025-10-28', 0),
(1776, 424, 12, '2025-10-28', 0),
(1777, 12, 15, '2025-09-18', 1),
(1778, 31, 45, '2025-09-18', 1),
(1779, 39, 10, '2025-09-18', 1),
(1780, 41, 20, '2025-09-18', 1),
(1781, 44, 60, '2025-09-18', 1),
(1782, 46, 10, '2025-09-18', 1),
(1783, 48, 20, '2025-09-18', 1),
(1784, 82, 2579, '2025-09-18', 1),
(1785, 92, 100, '2025-09-18', 1),
(1786, 93, 100, '2025-09-18', 1),
(1787, 94, 25, '2025-09-18', 1),
(1788, 95, 50, '2025-09-18', 1),
(1789, 96, 25, '2025-09-18', 1),
(1790, 122, 83, '2025-09-18', 1),
(1791, 127, 60, '2025-09-18', 1),
(1792, 135, 1067, '2025-09-18', 1),
(1793, 140, 336, '2025-09-18', 1),
(1796, 332, 65, '2025-09-18', 1),
(1797, 333, 45, '2025-09-18', 1),
(1799, 334, 28, '2025-09-18', 1),
(1800, 343, 10, '2025-09-18', 1),
(1801, 336, 43, '2025-09-18', 1),
(1802, 337, 29, '2025-09-18', 1),
(1803, 352, 5, '2025-09-18', 1),
(1804, 424, 40, '2025-09-18', 1),
(1805, 12, 15, '2025-09-18', 0),
(1806, 31, 45, '2025-09-18', 0),
(1807, 39, 10, '2025-09-18', 0),
(1808, 41, 20, '2025-09-18', 0),
(1809, 44, 60, '2025-09-18', 0),
(1810, 46, 10, '2025-09-18', 0),
(1811, 48, 20, '2025-09-18', 0),
(1812, 82, 2579, '2025-09-18', 0),
(1813, 92, 100, '2025-09-18', 0),
(1814, 93, 100, '2025-09-18', 0),
(1815, 94, 25, '2025-09-18', 0),
(1816, 95, 50, '2025-09-18', 0),
(1817, 96, 25, '2025-09-18', 0),
(1818, 122, 83, '2025-09-18', 0),
(1819, 127, 60, '2025-09-18', 0),
(1820, 135, 1067, '2025-09-18', 0),
(1821, 140, 336, '2025-09-18', 0),
(1824, 332, 65, '2025-09-18', 0),
(1825, 333, 45, '2025-09-18', 0),
(1827, 334, 28, '2025-09-18', 0),
(1828, 343, 10, '2025-09-18', 0),
(1829, 336, 43, '2025-09-18', 0),
(1830, 337, 29, '2025-09-18', 0),
(1831, 352, 5, '2025-09-18', 0),
(1832, 424, 40, '2025-09-18', 0),
(1833, 8, 35, '2025-11-25', 1),
(1834, 16, 2772, '2025-11-25', 1),
(1835, 17, 644, '2025-11-25', 1),
(1836, 18, 50, '2025-11-25', 1),
(1837, 19, 15, '2025-11-25', 1),
(1838, 23, 54, '2025-11-25', 1),
(1839, 30, 80, '2025-11-25', 1),
(1840, 38, 30, '2025-11-25', 1),
(1841, 39, 15, '2025-11-25', 1),
(1842, 46, 30, '2025-11-25', 1),
(1843, 61, 99, '2025-11-25', 1),
(1844, 62, 118, '2025-11-25', 1),
(1845, 461, 255, '2025-11-25', 1),
(1846, 78, 51, '2025-11-25', 1),
(1847, 82, 9243, '2025-11-25', 1),
(1848, 92, 170, '2025-11-25', 1),
(1849, 93, 23, '2025-11-25', 1),
(1850, 95, 50, '2025-11-25', 1),
(1851, 97, 12989, '2025-11-25', 1),
(1852, 114, 493, '2025-11-25', 1),
(1853, 118, 19558, '2025-11-25', 1),
(1854, 125, 849, '2025-11-25', 1),
(1855, 126, 352, '2025-11-25', 1),
(1857, 135, 668, '2025-11-25', 1),
(1858, 139, 64, '2025-11-25', 1),
(1861, 132, 10, '2025-11-25', 1),
(1862, 134, 395, '2025-11-25', 1),
(1868, 329, 30, '2025-11-25', 1),
(1869, 330, 37, '2025-11-25', 1),
(1871, 334, 25, '2025-11-25', 1),
(1872, 335, 22, '2025-11-25', 1),
(1873, 336, 20, '2025-11-25', 1),
(1874, 337, 8, '2025-11-25', 1),
(2027, 7, 59, '2025-11-25', 0),
(2028, 9, 275, '2025-11-25', 0),
(2029, 12, 381, '2025-11-25', 0),
(2030, 16, 9714, '2025-11-25', 0),
(2031, 17, 1759, '2025-11-25', 0),
(2032, 18, 76, '2025-11-25', 0),
(2033, 19, 20, '2025-11-25', 0),
(2034, 30, 50, '2025-11-25', 0),
(2035, 31, 69, '2025-11-25', 0),
(2036, 33, 264, '2025-11-25', 0),
(2037, 36, 310, '2025-11-25', 0),
(2038, 41, 155, '2025-11-25', 0),
(2039, 45, 9, '2025-11-25', 0),
(2040, 61, 150, '2025-11-25', 0),
(2041, 62, 120, '2025-11-25', 0),
(2042, 64, 50, '2025-11-25', 0),
(2043, 68, 250, '2025-11-25', 0),
(2044, 461, 261, '2025-11-25', 0),
(2045, 78, 106, '2025-11-25', 0),
(2046, 82, 33223, '2025-11-25', 0),
(2047, 83, 190, '2025-11-25', 0),
(2048, 85, 672, '2025-11-25', 0),
(2049, 92, 210, '2025-11-25', 0),
(2050, 93, 129, '2025-11-25', 0),
(2051, 95, 120, '2025-11-25', 0),
(2052, 97, 36839, '2025-11-25', 0),
(2053, 394, 292, '2025-11-25', 0),
(2054, 395, 34, '2025-11-25', 0),
(2055, 112, 17, '2025-11-25', 0),
(2056, 396, 16, '2025-11-25', 0),
(2058, 114, 1232, '2025-11-25', 0),
(2059, 118, 37606, '2025-11-25', 0),
(2060, 125, 3203, '2025-11-25', 0),
(2061, 126, 2230, '2025-11-25', 0),
(2063, 135, 1931, '2025-11-25', 0),
(2065, 140, 374, '2025-11-25', 0),
(2066, 186, 120, '2025-11-25', 0),
(2067, 187, 110, '2025-11-25', 0),
(2068, 188, 90, '2025-11-25', 0),
(2069, 189, 70, '2025-11-25', 0),
(2070, 190, 60, '2025-11-25', 0),
(2072, 130, 9, '2025-11-25', 0),
(2073, 132, 12, '2025-11-25', 0),
(2074, 134, 536, '2025-11-25', 0),
(2080, 334, 8, '2025-11-25', 0),
(2081, 335, 3, '2025-11-25', 0),
(2082, 336, 9, '2025-11-25', 0),
(2083, 337, 6, '2025-11-25', 0),
(2084, 338, 7, '2025-11-25', 0),
(2334, 2, 13, '2025-12-15', 0),
(2335, 5, 12, '2025-12-15', 0),
(2336, 9, 379, '2025-12-15', 0),
(2337, 12, 83, '2025-12-15', 0),
(2338, 16, 9109, '2025-12-15', 0),
(2339, 17, 2018, '2025-12-15', 0),
(2340, 18, 54, '2025-12-15', 0),
(2341, 19, 110, '2025-12-15', 0),
(2342, 21, 97, '2025-12-15', 0),
(2343, 22, 20, '2025-12-15', 0),
(2344, 23, 70, '2025-12-15', 0),
(2345, 29, 50, '2025-12-15', 0),
(2346, 30, 60, '2025-12-15', 0),
(2347, 31, 227, '2025-12-15', 0),
(2348, 32, 7, '2025-12-15', 0),
(2349, 33, 24, '2025-12-15', 0),
(2350, 35, 50, '2025-12-15', 0),
(2351, 36, 417, '2025-12-15', 0),
(2352, 37, 10, '2025-12-15', 0),
(2353, 41, 432, '2025-12-15', 0),
(2354, 45, 10, '2025-12-15', 0),
(2355, 48, 18, '2025-12-15', 0),
(2356, 55, 110, '2025-12-15', 0),
(2357, 56, 938, '2025-12-15', 0),
(2358, 57, 10, '2025-12-15', 0),
(2359, 60, 3, '2025-12-15', 0),
(2360, 61, 89, '2025-12-15', 0),
(2361, 62, 40, '2025-12-15', 0),
(2362, 63, 165, '2025-12-15', 0),
(2363, 64, 205, '2025-12-15', 0),
(2364, 461, 95, '2025-12-15', 0),
(2365, 78, 93, '2025-12-15', 0),
(2366, 82, 8875, '2025-12-15', 0),
(2367, 83, 118, '2025-12-15', 0),
(2368, 86, 25, '2025-12-15', 0),
(2369, 91, 9, '2025-12-15', 0),
(2370, 92, 210, '2025-12-15', 0),
(2371, 93, 100, '2025-12-15', 0),
(2372, 95, 100, '2025-12-15', 0),
(2373, 97, 24224, '2025-12-15', 0),
(2374, 99, 18, '2025-12-15', 0),
(2375, 394, 516, '2025-12-15', 0),
(2376, 102, 25, '2025-12-15', 0),
(2377, 395, 80, '2025-12-15', 0),
(2378, 105, 40, '2025-12-15', 0),
(2379, 110, 25, '2025-12-15', 0),
(2380, 112, 30, '2025-12-15', 0),
(2381, 396, 108, '2025-12-15', 0),
(2383, 114, 2040, '2025-12-15', 0),
(2384, 118, 32515, '2025-12-15', 0),
(2385, 125, 2324, '2025-12-15', 0),
(2386, 126, 2286, '2025-12-15', 0),
(2389, 135, 2685, '2025-12-15', 0),
(2391, 140, 160, '2025-12-15', 0),
(2398, 128, 20, '2025-12-15', 0),
(2399, 130, 65, '2025-12-15', 0),
(2400, 132, 85, '2025-12-15', 0),
(2401, 134, 420, '2025-12-15', 0),
(2403, 329, 21, '2025-12-15', 0),
(2404, 330, 20, '2025-12-15', 0),
(2405, 340, 10, '2025-12-15', 0),
(2406, 334, 25, '2025-12-15', 0),
(2407, 343, 15, '2025-12-15', 0),
(2408, 335, 20, '2025-12-15', 0),
(2409, 346, 15, '2025-12-15', 0),
(2410, 336, 22, '2025-12-15', 0),
(2411, 349, 10, '2025-12-15', 0),
(2412, 337, 18, '2025-12-15', 0),
(2413, 352, 10, '2025-12-15', 0),
(2414, 338, 17, '2025-12-15', 0),
(2415, 9, 15, '2025-12-25', 0),
(2416, 16, 6000, '2025-12-25', 0),
(2417, 17, 2100, '2025-12-25', 0),
(2418, 18, 57, '2025-12-25', 0),
(2419, 30, 15, '2025-12-25', 0),
(2420, 31, 20, '2025-12-25', 0),
(2421, 33, 250, '2025-12-25', 0),
(2422, 36, 25, '2025-12-25', 0),
(2423, 60, 3, '2025-12-25', 0),
(2424, 61, 100, '2025-12-25', 0),
(2425, 62, 80, '2025-12-25', 0),
(2426, 63, 15, '2025-12-25', 0),
(2427, 64, 15, '2025-12-25', 0),
(2428, 461, 300, '2025-12-25', 0),
(2429, 78, 63, '2025-12-25', 0),
(2430, 82, 8242, '2025-12-25', 0),
(2431, 83, 210, '2025-12-25', 0),
(2432, 85, 168, '2025-12-25', 0),
(2433, 92, 140, '2025-12-25', 0),
(2434, 93, 82, '2025-12-25', 0),
(2435, 95, 81, '2025-12-25', 0),
(2436, 97, 22532, '2025-12-25', 0),
(2437, 394, 354, '2025-12-25', 0),
(2439, 114, 1848, '2025-12-25', 0),
(2440, 125, 3600, '2025-12-25', 0),
(2441, 126, 3000, '2025-12-25', 0),
(2443, 135, 1200, '2025-12-25', 0),
(2445, 139, 128, '2025-12-25', 0),
(2446, 140, 280, '2025-12-25', 0),
(2449, 130, 68, '2025-12-25', 0),
(2450, 132, 78, '2025-12-25', 0),
(2451, 134, 600, '2025-12-25', 0),
(2453, 334, 1, '2025-12-25', 0),
(2454, 336, 2, '2025-12-25', 0),
(2455, 337, 2, '2025-12-25', 0),
(2456, 2, 10, '2026-01-26', 0),
(2457, 4, 140, '2026-01-26', 0),
(2458, 5, 11, '2026-01-26', 0),
(2459, 8, 40, '2026-01-26', 0),
(2460, 9, 148, '2026-01-26', 0),
(2461, 12, 10, '2026-01-26', 0),
(2462, 16, 6298, '2026-01-26', 0),
(2463, 17, 370, '2026-01-26', 0),
(2464, 18, 45, '2026-01-26', 0),
(2465, 19, 150, '2026-01-26', 0),
(2466, 27, 9, '2026-01-26', 0),
(2467, 34, 20, '2026-01-26', 0),
(2468, 36, 65, '2026-01-26', 0),
(2469, 41, 35, '2026-01-26', 0),
(2470, 44, 10, '2026-01-26', 0),
(2471, 56, 938, '2026-01-26', 0),
(2472, 58, 2, '2026-01-26', 0),
(2475, 61, 56, '2026-01-26', 0),
(2476, 63, 200, '2026-01-26', 0),
(2477, 467, 30, '2026-01-26', 0),
(2478, 64, 100, '2026-01-26', 0),
(2479, 74, 20, '2026-01-26', 0),
(2480, 78, 90, '2026-01-26', 0),
(2481, 82, 7063, '2026-01-26', 0),
(2482, 84, 112, '2026-01-26', 0),
(2483, 91, 25, '2026-01-26', 0),
(2484, 92, 115, '2026-01-26', 0),
(2485, 93, 77, '2026-01-26', 0),
(2486, 95, 40, '2026-01-26', 0),
(2487, 97, 22080, '2026-01-26', 0),
(2488, 99, 20, '2026-01-26', 0),
(2489, 394, 58, '2026-01-26', 0),
(2490, 102, 20, '2026-01-26', 0),
(2491, 395, 30, '2026-01-26', 0),
(2492, 105, 10, '2026-01-26', 0),
(2493, 396, 48, '2026-01-26', 0),
(2495, 125, 1042, '2026-01-26', 0),
(2496, 126, 1150, '2026-01-26', 0),
(2499, 139, 64, '2026-01-26', 0),
(2502, 128, 23, '2026-01-26', 0),
(2503, 130, 110, '2026-01-26', 0),
(2504, 131, 23, '2026-01-26', 0),
(2505, 132, 64, '2026-01-26', 0),
(2506, 134, 173, '2026-01-26', 0),
(2512, 336, 25, '2026-01-26', 0),
(2513, 337, 10, '2026-01-26', 0),
(2514, 338, 7, '2026-01-26', 0),
(2515, 424, 15, '2026-01-26', 0),
(2576, 2, 10, '2026-02-10', 0),
(2577, 4, 140, '2026-02-10', 0),
(2578, 5, 11, '2026-02-10', 0),
(2579, 8, 40, '2026-02-10', 0),
(2580, 9, 148, '2026-02-10', 0),
(2581, 12, 10, '2026-02-10', 0),
(2582, 16, 6298, '2026-02-10', 0),
(2583, 17, 370, '2026-02-10', 0),
(2584, 18, 45, '2026-02-10', 0),
(2585, 19, 150, '2026-02-10', 0),
(2586, 27, 9, '2026-02-10', 0),
(2587, 34, 20, '2026-02-10', 0),
(2588, 36, 65, '2026-02-10', 0),
(2589, 41, 35, '2026-02-10', 0),
(2590, 44, 10, '2026-02-10', 0),
(2591, 56, 938, '2026-02-10', 0),
(2592, 58, 2, '2026-02-10', 0),
(2595, 61, 56, '2026-02-10', 0),
(2596, 63, 200, '2026-02-10', 0),
(2597, 467, 30, '2026-02-10', 0),
(2598, 64, 100, '2026-02-10', 0),
(2599, 74, 20, '2026-02-10', 0),
(2600, 78, 90, '2026-02-10', 0),
(2601, 82, 7063, '2026-02-10', 0),
(2602, 84, 112, '2026-02-10', 0),
(2603, 91, 25, '2026-02-10', 0),
(2604, 92, 115, '2026-02-10', 0),
(2605, 93, 77, '2026-02-10', 0),
(2606, 95, 40, '2026-02-10', 0),
(2607, 97, 22080, '2026-02-10', 0),
(2608, 99, 20, '2026-02-10', 0),
(2609, 394, 58, '2026-02-10', 0),
(2610, 102, 20, '2026-02-10', 0),
(2611, 395, 30, '2026-02-10', 0),
(2612, 105, 10, '2026-02-10', 0),
(2613, 396, 48, '2026-02-10', 0),
(2615, 125, 1042, '2026-02-10', 0),
(2616, 126, 1150, '2026-02-10', 0),
(2619, 139, 64, '2026-02-10', 0),
(2622, 128, 23, '2026-02-10', 0),
(2623, 130, 110, '2026-02-10', 0),
(2624, 131, 23, '2026-02-10', 0),
(2625, 132, 64, '2026-02-10', 0),
(2626, 134, 173, '2026-02-10', 0),
(2632, 336, 25, '2026-02-10', 0),
(2633, 337, 10, '2026-02-10', 0),
(2634, 338, 7, '2026-02-10', 0),
(2635, 424, 15, '2026-02-10', 0),
(2636, 2, 10, '2026-02-16', 0),
(2637, 4, 140, '2026-02-16', 0),
(2638, 5, 11, '2026-02-16', 0),
(2639, 8, 40, '2026-02-16', 0),
(2640, 9, 148, '2026-02-16', 0),
(2641, 12, 10, '2026-02-16', 0),
(2642, 16, 6298, '2026-02-16', 0),
(2643, 17, 370, '2026-02-16', 0),
(2644, 18, 45, '2026-02-16', 0),
(2645, 19, 150, '2026-02-16', 0),
(2646, 27, 9, '2026-02-16', 0),
(2647, 34, 20, '2026-02-16', 0),
(2648, 36, 65, '2026-02-16', 0),
(2649, 41, 35, '2026-02-16', 0),
(2650, 44, 10, '2026-02-16', 0),
(2651, 56, 938, '2026-02-16', 0),
(2652, 58, 2, '2026-02-16', 0),
(2655, 61, 56, '2026-02-16', 0),
(2656, 63, 200, '2026-02-16', 0),
(2657, 467, 30, '2026-02-16', 0),
(2658, 64, 100, '2026-02-16', 0),
(2659, 74, 20, '2026-02-16', 0),
(2660, 78, 90, '2026-02-16', 0),
(2661, 82, 7063, '2026-02-16', 0),
(2662, 84, 112, '2026-02-16', 0),
(2663, 91, 25, '2026-02-16', 0),
(2664, 92, 115, '2026-02-16', 0),
(2665, 93, 77, '2026-02-16', 0),
(2666, 95, 40, '2026-02-16', 0),
(2667, 97, 22080, '2026-02-16', 0),
(2668, 99, 20, '2026-02-16', 0),
(2669, 394, 58, '2026-02-16', 0),
(2670, 102, 20, '2026-02-16', 0),
(2671, 395, 30, '2026-02-16', 0),
(2672, 105, 10, '2026-02-16', 0),
(2673, 396, 48, '2026-02-16', 0),
(2675, 125, 1042, '2026-02-16', 0),
(2676, 126, 1150, '2026-02-16', 0),
(2679, 139, 64, '2026-02-16', 0),
(2681, 128, 23, '2026-02-16', 0),
(2682, 130, 110, '2026-02-16', 0),
(2683, 131, 23, '2026-02-16', 0),
(2684, 132, 64, '2026-02-16', 0),
(2685, 134, 173, '2026-02-16', 0),
(2691, 336, 25, '2026-02-16', 0),
(2692, 337, 10, '2026-02-16', 0),
(2693, 338, 7, '2026-02-16', 0),
(2694, 424, 15, '2026-02-16', 0);

-- --------------------------------------------------------

--
-- Структура таблицы `products_plan`
--

CREATE TABLE `products_plan` (
  `plan_product_id` bigint UNSIGNED NOT NULL,
  `slot_id` bigint UNSIGNED NOT NULL,
  `started_at` datetime NOT NULL,
  `ended_at` datetime NOT NULL,
  `amount` int NOT NULL,
  `colon` varchar(3) CHARACTER SET utf8mb4 COLLATE utf8mb4_unicode_ci DEFAULT NULL,
  `date` date DEFAULT NULL,
  `isDay` tinyint(1) NOT NULL,
  `delay` smallint UNSIGNED DEFAULT NULL,
  `parent` bigint UNSIGNED DEFAULT NULL,
  `hardware` smallint UNSIGNED DEFAULT NULL
) ENGINE=InnoDB DEFAULT CHARSET=utf8mb4 COLLATE=utf8mb4_unicode_ci;

--
-- Дамп данных таблицы `products_plan`
--

INSERT INTO `products_plan` (`plan_product_id`, `slot_id`, `started_at`, `ended_at`, `amount`, `colon`, `date`, `isDay`, `delay`, `parent`, `hardware`) VALUES
(190, 195, '2025-08-22 22:00:00', '2025-08-22 22:14:32', 10, '2', '2025-08-22', 0, 0, NULL, NULL),
(208, 691, '2025-09-22 18:30:00', '2025-09-22 20:11:45', 168, '1', '2025-08-10', 0, 30, NULL, NULL),
(209, 685, '2025-09-22 19:00:00', '2025-09-22 20:46:45', 168, NULL, '2025-08-10', 0, NULL, 208, NULL),
(223, 682, '2025-09-24 18:30:00', '2025-09-24 19:10:32', 46, '1', '2025-09-17', 1, 30, NULL, NULL),
(224, 680, '2025-09-24 19:00:00', '2025-09-24 19:45:31', 46, NULL, '2025-09-17', 1, NULL, 223, NULL),
(225, 3044, '2025-09-24 19:00:00', '2025-09-24 19:45:31', 46, NULL, '2025-09-17', 1, NULL, 223, NULL),
(244, 23, '2025-10-20 18:30:00', '2025-10-20 18:48:40', 10, '1', '2025-10-13', 0, 120, NULL, NULL),
(245, 18, '2025-10-20 20:30:00', '2025-10-20 20:55:37', 10, NULL, '2025-10-13', 0, NULL, 244, NULL),
(246, 2344, '2025-10-20 20:30:00', '2025-10-20 20:52:31', 10, NULL, '2025-10-13', 0, NULL, 244, NULL),
(247, 23, '2025-10-20 18:30:00', '2025-10-20 18:48:40', 10, '1', '2025-10-20', 0, 120, NULL, NULL),
(248, 18, '2025-10-20 20:30:00', '2025-10-20 20:55:37', 10, NULL, '2025-10-20', 0, NULL, 247, NULL),
(249, 2344, '2025-10-20 20:30:00', '2025-10-20 20:52:31', 10, NULL, '2025-10-20', 0, NULL, 247, NULL),
(250, 35, '2025-10-20 18:48:40', '2025-10-20 19:02:25', 7, '1', '2025-10-20', 0, 120, NULL, NULL),
(251, 34, '2025-10-20 20:48:40', '2025-10-20 21:10:57', 7, NULL, '2025-10-20', 0, NULL, 250, NULL),
(252, 2353, '2025-10-20 20:52:40', '2025-10-20 21:10:57', 7, NULL, '2025-10-20', 0, NULL, 250, NULL),
(253, 7, '2025-10-28 21:11:00', '2025-10-28 21:26:35', 20, '1', '2025-09-24', 0, 30, NULL, NULL),
(254, 3, '2025-10-28 19:00:00', '2025-10-28 19:31:00', 20, NULL, '2025-09-24', 0, NULL, 253, NULL),
(255, 5, '2025-10-28 19:00:00', '2025-10-28 19:19:41', 20, NULL, '2025-09-24', 0, NULL, 253, NULL),
(257, 2337, '2025-10-28 19:00:00', '2025-10-28 19:19:41', 20, NULL, '2025-09-24', 0, NULL, 253, NULL),
(258, 60, '2025-10-28 21:26:35', '2025-10-28 22:30:32', 115, '1', '2025-09-24', 0, 30, NULL, NULL),
(259, 63, '2025-10-28 19:19:35', '2025-10-28 20:32:32', 115, NULL, '2025-09-24', 0, NULL, 258, NULL),
(260, 2363, '2025-10-28 19:24:35', '2025-10-28 20:37:32', 115, NULL, '2025-09-24', 0, NULL, 258, NULL),
(261, 2365, '2025-10-28 19:19:35', '2025-10-28 20:28:32', 115, NULL, '2025-09-24', 0, NULL, 258, NULL),
(262, 104, '2025-10-28 22:30:32', '2025-10-29 00:41:07', 257, '1', '2025-09-24', 0, 30, NULL, NULL),
(263, 107, '2025-10-28 20:45:32', '2025-10-28 22:57:07', 257, NULL, '2025-09-24', 0, NULL, 262, NULL),
(264, 2384, '2025-10-28 20:28:32', '2025-10-28 22:44:07', 257, NULL, '2025-09-24', 0, NULL, 262, NULL),
(265, 2382, '2025-10-28 20:55:32', '2025-10-28 23:02:07', 257, NULL, '2025-09-24', 0, NULL, 262, NULL),
(266, 2411, '2025-10-29 00:41:07', '2025-10-29 01:13:10', 47, '1', '2025-09-24', 0, 30, NULL, NULL),
(267, 175, '2025-10-28 22:57:07', '2025-10-28 23:48:10', 47, NULL, '2025-09-24', 0, NULL, 266, NULL),
(268, 2416, '2025-10-28 23:02:07', '2025-10-28 23:53:10', 47, NULL, '2025-09-24', 0, NULL, 266, NULL),
(269, 2418, '2025-10-28 22:44:07', '2025-10-28 23:21:10', 47, NULL, '2025-09-24', 0, NULL, 266, NULL),
(270, 748, '2025-09-24 22:00:00', '2025-09-24 23:24:40', 105, '2', '2025-09-24', 0, 60, NULL, NULL),
(271, 742, '2025-09-24 23:00:00', '2025-09-25 00:29:40', 105, NULL, '2025-09-24', 0, NULL, 270, NULL),
(272, 3372, '2025-09-24 23:00:00', '2025-09-25 00:29:40', 105, NULL, '2025-09-24', 0, NULL, 270, NULL),
(273, 682, '2025-09-24 23:25:00', '2025-09-25 00:41:21', 100, '2', '2025-09-24', 0, 60, NULL, NULL),
(274, 679, '2025-09-24 23:00:00', '2025-09-25 00:23:34', 100, NULL, '2025-09-24', 0, NULL, 273, NULL),
(275, 3044, '2025-09-24 23:00:00', '2025-09-25 00:21:21', 100, NULL, '2025-09-24', 0, NULL, 273, NULL),
(276, 764, '2025-10-29 01:13:10', '2025-10-29 03:26:03', 200, '3', '2025-09-24', 0, 60, NULL, NULL),
(277, 760, '2025-10-29 02:13:10', '2025-10-29 04:31:03', 200, NULL, '2025-09-24', 0, NULL, 276, NULL),
(278, 3378, '2025-10-29 02:13:10', '2025-10-29 04:14:50', 200, NULL, '2025-09-24', 0, NULL, 276, NULL),
(279, 170, '2025-09-24 22:00:00', '2025-09-24 23:22:43', 100, '2', '2025-09-24', 0, 60, NULL, NULL),
(280, 162, '2025-09-24 23:00:00', '2025-09-25 01:27:13', 100, NULL, '2025-09-24', 0, NULL, 279, NULL),
(281, 3093, '2025-09-24 23:00:00', '2025-09-25 00:10:48', 100, NULL, '2025-09-24', 0, NULL, 279, NULL),
(285, 635, '2025-10-28 18:30:00', '2025-10-28 19:33:08', 84, '2', '2025-10-28', 0, 120, NULL, NULL),
(286, 633, '2025-10-28 20:30:00', '2025-10-28 21:44:06', 84, NULL, '2025-10-28', 0, NULL, 285, NULL),
(287, 3014, '2025-10-28 20:30:00', '2025-10-28 21:44:06', 84, NULL, '2025-10-28', 0, NULL, 285, NULL),
(318, 669, '2025-09-18 22:00:00', '2025-09-18 22:58:27', 200, '2', '2025-09-18', 0, 60, NULL, NULL),
(320, 3037, '2025-09-18 23:00:00', '2025-09-18 23:50:49', 200, NULL, '2025-09-18', 0, NULL, 318, NULL),
(321, 72, '2025-11-25 18:30:00', '2025-11-25 18:44:55', 35, '1', '2025-11-25', 1, 30, NULL, NULL),
(322, 73, '2025-11-25 19:00:00', '2025-11-25 19:27:55', 35, NULL, '2025-11-25', 1, NULL, 321, NULL),
(323, 74, '2025-11-25 19:00:00', '2025-11-25 19:31:48', 35, NULL, '2025-11-25', 1, NULL, 321, NULL),
(324, 2368, '2025-11-25 19:00:00', '2025-11-25 19:19:55', 35, NULL, '2025-11-25', 1, NULL, 321, NULL),
(369, 60, '2025-12-03 18:30:00', '2025-12-03 19:07:40', 59, '1', '2025-11-25', 0, 30, NULL, NULL),
(370, 63, '2025-12-03 19:37:40', '2025-12-03 21:20:20', 59, NULL, '2025-11-25', 0, NULL, 369, NULL),
(371, 2363, '2025-12-03 19:37:40', '2025-12-03 20:50:20', 59, NULL, '2025-11-25', 0, NULL, 369, NULL),
(372, 2365, '2025-12-03 18:00:00', '2025-12-03 19:37:40', 59, NULL, '2025-11-25', 0, NULL, 369, NULL),
(427, 20, '2025-12-22 19:00:00', '2025-12-22 20:04:52', 100, '2', '2025-12-15', 0, 30, NULL, NULL),
(428, 2340, '2025-12-22 20:39:52', '2025-12-22 22:19:44', 100, NULL, '2025-12-15', 0, NULL, 427, NULL),
(429, 2342, '2025-12-22 19:30:00', '2025-12-22 20:39:52', 100, NULL, '2025-12-15', 0, NULL, 427, NULL),
(430, 46, '2025-12-22 20:05:52', '2025-12-22 20:15:52', 120, '3', '2025-12-15', 0, 30, NULL, NULL),
(431, 41, '2025-12-22 21:47:17', '2031-02-09 22:02:17', 120, NULL, '2025-12-15', 0, NULL, 430, NULL),
(432, 2357, '2025-12-22 20:35:52', '2025-12-22 21:47:17', 120, NULL, '2025-12-15', 0, NULL, 430, NULL),
(433, 631, '2025-12-16 18:00:00', '2025-12-25 14:39:24', 93, '3', '2025-12-15', 0, 30, NULL, NULL),
(434, 632, '2025-12-25 15:09:24', '2026-01-03 12:18:48', 93, NULL, '2025-12-15', 0, NULL, 433, NULL),
(435, 3012, '2025-12-16 18:30:00', '2025-12-25 15:09:24', 93, NULL, '2025-12-15', 0, NULL, 433, NULL),
(448, 195, '2026-01-27 09:45:00', '2026-01-27 11:20:00', 187, NULL, '2026-01-27', 1, 30, NULL, NULL),
(449, 196, '2026-01-27 10:15:00', '2026-01-27 11:29:50', 187, NULL, '2026-01-27', 1, NULL, 448, NULL),
(453, 917, '2026-01-27 20:30:00', '2026-01-27 21:22:47', 62, NULL, '2026-01-27', 0, 0, NULL, NULL),
(454, 608, '2026-02-10 19:22:51', '2026-02-10 19:49:44', 20, NULL, '2026-02-10', 0, 30, NULL, NULL),
(455, 609, '2026-02-10 19:00:00', '2026-02-10 19:53:34', 20, NULL, '2026-02-10', 0, NULL, 454, NULL),
(456, 610, '2026-02-10 19:00:00', '2026-02-10 19:31:53', 20, NULL, '2026-02-10', 0, NULL, 454, NULL),
(457, 3000, '2026-02-10 19:57:51', '2026-02-10 20:29:44', 20, NULL, '2026-02-10', 0, NULL, 454, NULL),
(458, 639, '2026-02-10 18:30:00', '2026-02-10 19:24:17', 93, NULL, '2026-02-10', 0, 30, NULL, NULL),
(461, 633, '2026-02-10 19:00:00', '2026-02-10 19:59:17', 93, NULL, '2026-02-10', 0, NULL, 458, NULL),
(462, 3013, '2026-02-10 19:00:00', '2026-02-10 19:59:17', 93, NULL, '2026-02-10', 0, NULL, 458, NULL),
(463, 745, '2026-02-11 18:30:00', '2026-02-11 19:08:00', 25, NULL, '2026-02-10', 0, 120, NULL, NULL),
(464, 742, '2026-02-11 20:30:00', '2026-02-11 20:57:00', 25, NULL, '2026-02-10', 0, NULL, 463, NULL),
(465, 3381, '2026-02-11 21:04:12', '2026-02-11 21:31:12', 25, NULL, '2026-02-10', 0, NULL, 463, NULL),
(466, 921, '2026-02-11 19:08:00', '2026-02-11 19:51:07', 48, NULL, '2026-02-10', 0, 120, NULL, NULL),
(469, 688, '2026-02-11 19:51:00', '2026-02-11 21:26:42', 112, NULL, '2026-02-10', 0, 120, NULL, NULL),
(472, 755, '2026-02-11 18:45:52', '2026-02-11 20:08:53', 115, NULL, '2026-02-10', 0, 30, NULL, NULL),
(473, 751, '2026-02-11 19:00:00', '2026-02-11 20:28:00', 115, NULL, '2026-02-10', 0, NULL, 472, NULL),
(474, 3375, '2026-02-11 19:21:16', '2026-02-11 20:49:16', 115, NULL, '2026-02-10', 0, NULL, 472, NULL),
(475, 273, '2026-02-11 18:30:00', '2026-02-11 18:45:52', 10, NULL, '2026-02-10', 0, 30, NULL, NULL),
(476, 3181, '2026-02-11 19:00:00', '2026-02-11 19:21:16', 10, NULL, '2026-02-10', 0, NULL, 475, NULL),
(477, 4536, '2026-02-11 18:30:00', '2026-02-11 19:26:49', 10, NULL, '2026-02-10', 0, 0, NULL, NULL),
(478, 4533, '2026-02-11 19:26:49', '2026-02-11 21:26:20', 25, NULL, '2026-02-10', 0, 0, NULL, NULL),
(479, 4257, '2026-02-11 18:30:00', '2026-02-11 19:17:07', 64, NULL, '2026-02-10', 0, 600, NULL, NULL),
(480, 2224, '2026-02-12 04:30:00', '2026-02-12 05:09:22', 64, NULL, '2026-02-10', 0, NULL, 479, NULL),
(481, 4255, '2026-02-12 04:30:00', '2026-02-12 05:09:22', 64, NULL, '2026-02-10', 0, NULL, 479, NULL),
(482, 4262, '2026-02-12 04:30:00', '2026-02-12 05:20:48', 64, NULL, '2026-02-10', 0, NULL, 479, NULL),
(483, 148, '2026-02-10 19:49:44', '2026-02-11 07:43:32', 2000, NULL, '2026-02-10', 0, 30, NULL, NULL),
(487, 2403, '2026-02-10 20:19:44', '2026-02-11 08:18:32', 2000, NULL, '2026-02-10', 0, NULL, 483, NULL),
(488, 2401, '2026-02-10 20:19:44', '2026-02-11 08:18:32', 2000, NULL, '2026-02-10', 0, NULL, 483, NULL),
(489, 151, '2026-02-10 20:19:44', '2026-02-11 08:18:32', 2000, NULL, '2026-02-10', 0, NULL, 483, NULL),
(497, 685, '2026-02-11 21:51:00', '2026-02-11 23:32:40', 112, NULL, '2026-02-10', 0, NULL, 469, NULL),
(498, 3051, '2026-02-11 21:51:00', '2026-02-11 23:32:40', 112, NULL, '2026-02-10', 0, NULL, 469, NULL),
(499, 919, '2026-02-11 21:08:00', '2026-02-11 21:42:12', 48, NULL, '2026-02-10', 0, NULL, 466, NULL),
(500, 3469, '2026-02-11 21:08:00', '2026-02-11 21:42:12', 48, NULL, '2026-02-10', 0, NULL, 466, NULL),
(501, 4645, '2026-02-11 19:08:00', '2026-02-11 19:56:07', 48, NULL, '2026-02-10', 0, NULL, 466, NULL),
(502, 4334, '2026-02-11 18:30:00', '2026-02-11 19:07:00', 15, NULL, '2026-02-10', 0, 0, NULL, NULL),
(503, 4335, '2026-02-10 20:00:00', '2026-02-10 23:54:56', 500, NULL, '2026-02-10', 0, 0, NULL, NULL),
(504, 4347, '2026-02-10 23:54:56', '2026-02-11 04:33:54', 1000, NULL, '2026-02-10', 0, 0, NULL, NULL),
(505, 4348, '2026-02-11 04:33:54', '2026-02-11 04:52:28', 11, NULL, '2026-02-10', 0, 0, NULL, NULL),
(506, 4354, '2026-02-10 18:30:00', '2026-02-10 19:32:30', 175, NULL, '2026-02-10', 0, 0, NULL, NULL),
(507, 4350, '2026-02-10 19:32:30', '2026-02-11 00:04:30', 1000, NULL, '2026-02-10', 0, 0, NULL, NULL),
(508, 608, '2026-02-17 19:24:00', '2026-02-17 19:50:00', 20, '1', '2026-02-16', 0, 30, NULL, 3),
(509, 609, '2026-02-17 19:54:00', '2026-02-17 20:47:34', 20, NULL, '2026-02-16', 0, NULL, 508, NULL),
(510, 610, '2026-02-17 19:54:00', '2026-02-17 21:05:53', 20, NULL, '2026-02-16', 0, NULL, 508, NULL),
(511, 3000, '2026-02-17 20:09:17', '2026-02-17 20:51:10', 20, NULL, '2026-02-16', 0, NULL, 508, NULL),
(512, 639, '2026-02-17 18:30:00', '2026-02-17 19:24:00', 93, '2', '2026-02-16', 0, 30, NULL, 3),
(513, 633, '2026-02-17 19:00:00', '2026-02-17 20:09:17', 93, NULL, '2026-02-16', 0, NULL, 512, NULL),
(514, 3013, '2026-02-17 19:00:00', '2026-02-17 20:09:17', 93, NULL, '2026-02-16', 0, NULL, 512, NULL),
(515, 691, '2026-02-17 19:50:00', '2026-02-17 21:01:00', 112, '1', '2026-02-16', 0, 30, NULL, 3),
(516, 685, '2026-02-17 20:20:00', '2026-02-17 22:16:10', 112, NULL, '2026-02-16', 0, NULL, 515, NULL),
(517, 3049, '2026-02-17 20:51:10', '2026-02-17 22:17:20', 112, NULL, '2026-02-16', 0, NULL, 515, NULL),
(524, 755, '2026-02-17 18:30:00', '2026-02-17 19:53:01', 115, '1', '2026-02-16', 0, 30, NULL, 2),
(525, 751, '2026-02-17 19:00:00', '2026-02-17 20:38:01', 115, NULL, '2026-02-16', 0, NULL, 524, NULL),
(526, 3375, '2026-02-17 19:00:00', '2026-02-17 20:38:01', 115, NULL, '2026-02-16', 0, NULL, 524, NULL),
(527, 745, '2026-02-17 18:30:00', '2026-02-17 19:08:04', 25, '1', '2026-02-16', 0, 120, NULL, 1),
(528, 742, '2026-02-17 20:30:00', '2026-02-17 21:23:04', 25, NULL, '2026-02-16', 0, NULL, 527, NULL),
(529, 3381, '2026-02-17 20:30:00', '2026-02-17 21:23:04', 25, NULL, '2026-02-16', 0, NULL, 527, NULL),
(530, 676, '2026-02-17 21:01:00', '2026-02-18 05:32:29', 2800, '1', '2026-02-16', 0, 30, NULL, NULL),
(535, 761, '2026-02-17 19:08:04', '2026-02-17 20:28:55', 77, '1', '2026-02-16', 0, 120, NULL, 1),
(536, 758, '2026-02-17 21:23:04', '2026-02-17 23:13:55', 77, NULL, '2026-02-16', 0, NULL, 535, NULL),
(537, 3378, '2026-02-17 21:23:04', '2026-02-17 22:58:55', 77, NULL, '2026-02-16', 0, NULL, 535, NULL),
(538, 789, '2026-02-17 19:53:01', '2026-02-18 05:30:52', 1785, '1', '2026-02-16', 0, 30, NULL, 2),
(539, 3397, '2026-02-17 20:38:01', '2026-02-18 06:30:52', 1785, NULL, '2026-02-16', 0, NULL, 538, NULL),
(540, 673, '2026-02-17 21:09:17', '2026-02-18 04:11:12', 1700, '2', '2026-02-16', 0, 120, NULL, 1),
(541, 672, '2026-02-18 00:09:17', '2026-02-18 08:32:37', 1700, NULL, '2026-02-16', 0, NULL, 540, NULL),
(542, 3039, '2026-02-17 22:28:55', '2026-02-18 06:52:15', 1700, NULL, '2026-02-16', 0, NULL, 540, NULL),
(545, 2, '2026-02-17 22:16:10', '2026-02-18 07:48:59', 2800, NULL, '2026-02-16', 0, NULL, 530, NULL),
(546, 3038, '2026-02-17 22:17:20', '2026-02-18 07:03:49', 2800, NULL, '2026-02-16', 0, NULL, 530, NULL),
(547, 4354, '2026-02-16 18:30:00', '2026-02-16 20:25:00', 350, '2', '2026-02-16', 0, 0, NULL, 1),
(548, 4343, '2026-02-17 18:30:00', '2026-02-17 22:24:56', 500, NULL, '2026-02-16', 0, 0, NULL, NULL),
(549, 4339, '2026-02-17 22:24:56', '2026-02-18 00:29:54', 250, NULL, '2026-02-16', 0, 0, NULL, NULL),
(550, 4340, '2026-02-18 00:29:54', '2026-02-18 02:34:52', 250, NULL, '2026-02-16', 0, 0, NULL, NULL),
(551, 4353, '2026-02-16 20:25:00', '2026-02-16 22:20:00', 350, '2', '2026-02-16', 0, 0, NULL, 1),
(552, 4351, '2026-02-16 22:20:00', '2026-02-17 00:15:00', 350, '2', '2026-02-16', 0, 0, NULL, 1),
(553, 4346, '2026-02-18 05:58:09', '2026-02-18 10:37:07', 1000, NULL, '2026-02-16', 0, 0, NULL, NULL),
(554, 4347, '2026-02-18 03:31:10', '2026-02-18 05:58:09', 500, NULL, '2026-02-16', 0, 0, NULL, NULL),
(555, 921, '2026-02-17 20:28:55', '2026-02-17 21:09:17', 44, '2', '2026-02-16', 0, 120, NULL, 1),
(556, 918, '2026-02-17 23:13:55', '2026-02-18 00:09:17', 44, NULL, '2026-02-16', 0, NULL, 555, NULL),
(557, 4645, '2026-02-17 20:28:55', '2026-02-17 23:24:17', 44, NULL, '2026-02-16', 0, NULL, 555, NULL),
(558, 4348, '2026-02-18 04:49:11', '2026-02-18 05:11:00', 20, NULL, '2026-02-16', 0, 0, NULL, NULL),
(559, 4349, '2026-02-18 02:34:52', '2026-02-18 04:49:11', 350, NULL, '2026-02-16', 0, 0, NULL, NULL),
(560, 4350, '2026-02-17 00:15:00', '2026-02-17 04:47:00', 1000, NULL, '2026-02-16', 0, 0, NULL, NULL),
(561, 4533, '2026-02-17 18:30:00', '2026-02-17 20:29:32', 25, NULL, '2026-02-16', 0, 0, NULL, 4),
(562, 4539, '2026-02-17 20:29:32', '2026-02-17 21:13:48', 7, NULL, '2026-02-16', 0, 0, NULL, 5),
(563, 4536, '2026-02-18 04:26:55', '2026-02-18 05:23:43', 10, NULL, '2026-02-16', 0, 0, NULL, 6),
(564, 4334, '2026-02-17 18:30:00', '2026-02-17 19:07:00', 15, '2', '2026-02-16', 0, 0, NULL, 1),
(565, 4257, '2026-02-16 18:30:00', '2026-02-16 19:54:12', 128, '2', '2026-02-16', 0, 600, NULL, 1),
(566, 2224, '2026-02-16 18:30:00', '2026-02-17 06:09:12', 128, NULL, '2026-02-16', 0, NULL, 565, NULL),
(567, 4254, '2026-02-17 04:30:00', '2026-02-17 06:21:00', 128, NULL, '2026-02-16', 0, NULL, 565, NULL),
(568, 4255, '2026-02-17 04:30:00', '2026-02-17 06:09:12', 128, NULL, '2026-02-16', 0, NULL, 565, NULL),
(569, 4262, '2026-02-17 04:30:00', '2026-02-17 06:09:12', 128, NULL, '2026-02-16', 0, NULL, 565, NULL),
(570, 4263, '2026-02-16 19:54:12', '2026-02-16 21:17:49', 127, '1', '2026-02-16', 0, 600, NULL, 1),
(571, 2229, '2026-02-17 06:09:12', '2026-02-17 18:02:49', 127, NULL, '2026-02-16', 0, NULL, 570, NULL),
(572, 4265, '2026-02-17 06:09:12', '2026-02-17 08:02:49', 127, NULL, '2026-02-16', 0, NULL, 570, NULL),
(573, 4266, '2026-02-17 06:09:12', '2026-02-17 07:47:49', 127, NULL, '2026-02-16', 0, NULL, 570, NULL),
(575, 4527, '2026-02-17 21:13:48', '2026-02-18 04:26:55', 100, NULL, '2026-02-16', 0, 0, NULL, 6);

-- --------------------------------------------------------

--
-- Структура таблицы `products_slots`
--

CREATE TABLE `products_slots` (
  `product_slot_id` bigint UNSIGNED NOT NULL,
  `product_id` bigint UNSIGNED NOT NULL,
  `line_id` bigint UNSIGNED NOT NULL,
  `people_count` int NOT NULL,
  `perfomance` double NOT NULL,
  `type_id` int NOT NULL DEFAULT '1',
  `hardware` varchar(10) COLLATE utf8mb4_unicode_ci DEFAULT NULL
) ENGINE=InnoDB DEFAULT CHARSET=utf8mb4 COLLATE=utf8mb4_unicode_ci;

--
-- Дамп данных таблицы `products_slots`
--

INSERT INTO `products_slots` (`product_slot_id`, `product_id`, `line_id`, `people_count`, `perfomance`, `type_id`, `hardware`) VALUES
(2, 82, 11, 3, 430, 1, '1'),
(3, 1, 37, 1, 150, 2, NULL),
(4, 1, 22, 4, 181.5, 2, NULL),
(5, 1, 16, 4, 511.5, 2, NULL),
(6, 1, 21, 4, 226, 2, NULL),
(7, 1, 12, 3, 430, 1, '1'),
(8, 1, 11, 3, 495, 1, NULL),
(9, 1, 23, 4, 180, 2, NULL),
(10, 1, 11, 3, 430, 1, '1'),
(11, 1, 8, 4, 330, 1, NULL),
(12, 1, 9, 4, 330, 1, NULL),
(13, 1, 10, 4, 330, 1, NULL),
(14, 2, 12, 3, 437.4, 1, NULL),
(16, 2, 22, 4, 181.5, 2, NULL),
(17, 2, 16, 4, 437.4, 2, NULL),
(18, 2, 21, 4, 226, 2, NULL),
(19, 2, 12, 3, 430, 1, '1'),
(20, 2, 11, 3, 437.4, 1, NULL),
(21, 2, 23, 4, 180, 2, NULL),
(22, 2, 8, 4, 277, 1, NULL),
(23, 2, 9, 4, 277, 1, NULL),
(24, 2, 10, 4, 277, 1, NULL),
(25, 3, 8, 4, 254.2, 1, NULL),
(26, 3, 29, 2, 195, 2, NULL),
(27, 3, 37, 1, 150, 2, NULL),
(28, 3, 9, 4, 254.2, 1, NULL),
(29, 3, 10, 4, 254.2, 1, NULL),
(30, 3, 12, 3, 445.5, 1, NULL),
(31, 3, 12, 3, 430, 1, '1'),
(32, 3, 11, 3, 445.5, 1, NULL),
(33, 4, 8, 4, 279.3, 1, NULL),
(34, 4, 37, 1, 187.5, 2, NULL),
(35, 4, 9, 4, 279.3, 1, NULL),
(36, 4, 10, 4, 279.3, 1, NULL),
(37, 4, 12, 3, 437.4, 1, NULL),
(38, 4, 12, 3, 430, 1, '1'),
(39, 4, 11, 3, 437.4, 1, NULL),
(40, 5, 8, 4, 279.3, 1, NULL),
(41, 5, 37, 1, 187.5, 2, NULL),
(42, 5, 9, 4, 279.3, 1, NULL),
(43, 5, 10, 4, 279.3, 1, NULL),
(44, 5, 12, 3, 437.3, 1, NULL),
(45, 5, 12, 3, 430, 1, '1'),
(46, 5, 11, 3, 437.3, 1, NULL),
(47, 6, 12, 3, 511.5, 1, NULL),
(48, 6, 29, 2, 195, 2, NULL),
(49, 6, 37, 1, 150, 2, NULL),
(50, 6, 22, 4, 181.5, 2, NULL),
(51, 6, 16, 4, 511.5, 2, NULL),
(52, 6, 21, 4, 226, 2, NULL),
(53, 6, 12, 3, 430, 1, '1'),
(54, 6, 11, 3, 495, 1, NULL),
(55, 6, 23, 4, 180, 2, NULL),
(56, 6, 11, 3, 430, 1, '1'),
(57, 6, 8, 4, 330, 1, NULL),
(58, 6, 9, 4, 330, 1, NULL),
(59, 6, 10, 4, 330, 1, NULL),
(60, 7, 12, 3, 511.5, 1, NULL),
(62, 7, 22, 4, 181.5, 2, NULL),
(63, 7, 16, 4, 511.5, 2, NULL),
(64, 7, 21, 4, 226, 2, NULL),
(65, 7, 12, 3, 430, 1, '1'),
(66, 7, 11, 3, 495, 1, NULL),
(67, 7, 23, 4, 180, 2, NULL),
(68, 7, 11, 3, 430, 1, '1'),
(69, 7, 8, 4, 330, 1, NULL),
(70, 7, 9, 4, 330, 1, NULL),
(71, 7, 10, 4, 330, 1, NULL),
(72, 8, 12, 3, 511.5, 1, NULL),
(73, 8, 29, 2, 195, 2, NULL),
(74, 8, 37, 1, 150, 2, NULL),
(75, 8, 12, 3, 430, 1, '1'),
(76, 8, 11, 3, 495, 1, NULL),
(77, 8, 11, 3, 430, 1, '1'),
(78, 8, 8, 4, 341.5, 1, NULL),
(79, 8, 9, 4, 341.5, 1, NULL),
(80, 8, 10, 4, 341.5, 1, NULL),
(81, 9, 8, 4, 330, 1, NULL),
(82, 9, 37, 1, 187.5, 2, NULL),
(83, 9, 9, 4, 330, 1, NULL),
(84, 9, 10, 4, 330, 1, NULL),
(85, 9, 12, 3, 511.5, 1, NULL),
(86, 9, 12, 3, 430, 1, '1'),
(87, 9, 11, 3, 495, 1, NULL),
(88, 10, 8, 4, 330, 1, NULL),
(89, 10, 37, 1, 187.5, 2, NULL),
(90, 10, 9, 4, 330, 1, NULL),
(91, 10, 10, 4, 330, 1, NULL),
(92, 10, 12, 3, 511.5, 1, NULL),
(93, 10, 12, 3, 430, 1, '1'),
(94, 10, 11, 3, 495, 1, NULL),
(95, 11, 8, 4, 341.5, 1, NULL),
(96, 11, 29, 2, 195, 2, NULL),
(97, 11, 37, 1, 150, 2, NULL),
(98, 11, 9, 4, 341.5, 1, NULL),
(99, 11, 10, 4, 341.5, 1, NULL),
(100, 11, 12, 3, 511.5, 1, NULL),
(101, 11, 12, 3, 430, 1, '1'),
(102, 11, 11, 3, 495, 1, NULL),
(103, 11, 11, 3, 430, 1, '1'),
(104, 12, 12, 3, 511.5, 1, NULL),
(106, 12, 22, 4, 181.5, 2, NULL),
(107, 12, 16, 4, 511.5, 2, NULL),
(108, 12, 21, 4, 226, 2, NULL),
(109, 12, 12, 3, 430, 1, '1'),
(110, 12, 11, 3, 495, 1, NULL),
(111, 12, 23, 4, 180, 2, NULL),
(112, 12, 11, 3, 430, 1, '1'),
(113, 12, 8, 4, 330, 1, NULL),
(114, 12, 9, 4, 330, 1, NULL),
(115, 12, 10, 4, 330, 1, NULL),
(116, 13, 12, 3, 437.4, 1, NULL),
(117, 13, 29, 2, 195, 2, NULL),
(118, 13, 37, 1, 150, 2, NULL),
(119, 13, 22, 4, 181.5, 2, NULL),
(120, 13, 16, 4, 437.4, 2, NULL),
(121, 13, 21, 4, 226, 2, NULL),
(122, 13, 12, 3, 430, 1, '1'),
(123, 13, 11, 3, 437.4, 1, NULL),
(124, 13, 23, 4, 180, 2, NULL),
(125, 13, 8, 4, 279.3, 1, NULL),
(126, 13, 9, 4, 279.3, 1, NULL),
(127, 13, 10, 4, 279.3, 1, NULL),
(128, 14, 8, 4, 254.2, 1, NULL),
(129, 14, 29, 2, 195, 2, NULL),
(130, 14, 37, 1, 150, 2, NULL),
(131, 14, 9, 4, 254.2, 1, NULL),
(132, 14, 10, 4, 254.2, 1, NULL),
(133, 14, 12, 3, 445.5, 1, NULL),
(134, 14, 12, 3, 430, 1, '1'),
(135, 14, 11, 3, 445.5, 1, NULL),
(136, 15, 12, 3, 437.4, 1, NULL),
(137, 15, 29, 2, 195, 2, NULL),
(138, 15, 37, 1, 150, 2, NULL),
(139, 15, 22, 4, 181.5, 2, NULL),
(140, 15, 16, 4, 437.4, 2, NULL),
(141, 15, 21, 4, 226, 2, NULL),
(142, 15, 12, 3, 430, 1, '1'),
(143, 15, 11, 3, 437.4, 1, NULL),
(144, 15, 23, 4, 180, 2, NULL),
(145, 15, 8, 4, 279.3, 1, NULL),
(146, 15, 9, 4, 279.3, 1, NULL),
(147, 15, 10, 4, 279.3, 1, NULL),
(148, 16, 12, 3, 511.5, 1, NULL),
(150, 16, 22, 4, 181.5, 2, NULL),
(151, 16, 16, 4, 511.5, 2, NULL),
(152, 16, 21, 4, 226, 2, NULL),
(153, 16, 12, 3, 430, 1, '1'),
(154, 16, 11, 3, 495, 1, NULL),
(155, 16, 23, 4, 180, 2, NULL),
(156, 16, 11, 3, 430, 1, '1'),
(157, 16, 8, 4, 330, 1, NULL),
(158, 16, 9, 4, 330, 1, NULL),
(159, 16, 10, 4, 330, 1, NULL),
(160, 17, 12, 3, 511.5, 1, NULL),
(162, 17, 22, 4, 181.5, 2, NULL),
(163, 17, 16, 4, 511.5, 2, NULL),
(164, 17, 21, 4, 226, 2, NULL),
(165, 17, 12, 3, 430, 1, '1'),
(166, 17, 11, 3, 495, 1, NULL),
(167, 17, 23, 4, 180, 2, NULL),
(168, 17, 11, 3, 430, 1, '1'),
(169, 17, 8, 4, 330, 1, NULL),
(170, 17, 9, 4, 330, 1, NULL),
(171, 17, 10, 4, 330, 1, NULL),
(172, 18, 8, 4, 330, 1, NULL),
(174, 18, 22, 4, 181.5, 2, NULL),
(175, 18, 16, 4, 511.5, 2, NULL),
(176, 18, 21, 4, 226, 2, NULL),
(177, 18, 9, 4, 330, 1, NULL),
(178, 18, 10, 4, 330, 1, NULL),
(179, 19, 8, 4, 330, 1, NULL),
(180, 19, 29, 2, 585, 2, NULL),
(181, 19, 37, 1, 150, 2, NULL),
(182, 19, 9, 4, 330, 1, NULL),
(183, 19, 10, 4, 330, 1, NULL),
(184, 19, 12, 3, 511.5, 1, NULL),
(185, 19, 12, 3, 430, 1, '1'),
(186, 19, 11, 3, 495, 1, NULL),
(187, 19, 11, 3, 430, 1, '1'),
(188, 20, 8, 4, 287, 1, NULL),
(189, 20, 29, 2, 195, 2, NULL),
(190, 20, 37, 1, 150, 2, NULL),
(191, 20, 9, 4, 287, 1, NULL),
(192, 20, 10, 4, 287, 1, NULL),
(193, 20, 12, 3, 427.8, 1, NULL),
(195, 21, 8, 4, 330, 1, NULL),
(196, 21, 37, 1, 187.5, 2, NULL),
(197, 21, 9, 4, 330, 1, NULL),
(198, 21, 10, 4, 330, 1, NULL),
(199, 21, 12, 3, 511.5, 1, NULL),
(200, 21, 12, 3, 430, 1, '1'),
(201, 22, 8, 4, 330, 1, NULL),
(202, 22, 29, 2, 585, 2, NULL),
(203, 22, 37, 1, 150, 2, NULL),
(204, 22, 9, 4, 330, 1, NULL),
(205, 22, 10, 4, 330, 1, NULL),
(206, 22, 12, 3, 511.5, 1, NULL),
(207, 22, 12, 3, 430, 1, '1'),
(208, 23, 8, 4, 330, 1, NULL),
(210, 23, 23, 4, 180, 2, NULL),
(211, 23, 21, 4, 226, 2, NULL),
(212, 23, 22, 4, 181.5, 2, NULL),
(213, 23, 16, 4, 511.5, 2, NULL),
(214, 23, 9, 4, 330, 1, NULL),
(215, 23, 10, 4, 330, 1, NULL),
(216, 23, 12, 3, 511.5, 1, NULL),
(217, 23, 12, 3, 430, 1, '1'),
(218, 24, 8, 4, 330, 1, NULL),
(219, 24, 29, 2, 195, 2, NULL),
(220, 24, 37, 1, 150, 2, NULL),
(221, 24, 23, 4, 180, 2, NULL),
(222, 24, 21, 4, 226, 2, NULL),
(223, 24, 22, 4, 181.5, 2, NULL),
(224, 24, 16, 4, 511.5, 2, NULL),
(225, 24, 9, 4, 330, 1, NULL),
(226, 24, 10, 4, 330, 1, NULL),
(227, 24, 12, 3, 511.5, 1, NULL),
(228, 24, 12, 3, 430, 1, '1'),
(229, 25, 8, 4, 237, 1, NULL),
(230, 25, 29, 2, 195, 2, NULL),
(231, 25, 37, 1, 150, 2, NULL),
(232, 25, 9, 4, 237, 1, NULL),
(233, 25, 10, 4, 237, 1, NULL),
(234, 26, 8, 4, 279.3, 1, NULL),
(235, 26, 37, 1, 187.5, 2, NULL),
(236, 26, 9, 4, 279.3, 1, NULL),
(237, 26, 10, 4, 279.3, 1, NULL),
(238, 27, 8, 4, 279.3, 1, NULL),
(239, 27, 37, 1, 187.5, 2, NULL),
(240, 27, 9, 4, 279.3, 1, NULL),
(241, 27, 10, 4, 279.3, 1, NULL),
(242, 28, 8, 4, 330, 1, NULL),
(244, 28, 23, 4, 180, 2, NULL),
(245, 28, 21, 4, 226, 2, NULL),
(246, 28, 22, 4, 181.5, 2, NULL),
(247, 28, 16, 4, 511.5, 2, NULL),
(248, 28, 9, 4, 330, 1, NULL),
(249, 28, 10, 4, 330, 1, NULL),
(250, 28, 12, 3, 511.5, 1, NULL),
(251, 28, 12, 3, 430, 1, '1'),
(252, 29, 8, 4, 310.5, 1, NULL),
(253, 29, 37, 1, 187.5, 2, NULL),
(254, 29, 9, 4, 310.5, 1, NULL),
(255, 29, 10, 4, 310.5, 1, NULL),
(256, 29, 11, 3, 459, 1, NULL),
(257, 29, 11, 3, 430, 1, '1'),
(258, 29, 12, 3, 474.3, 1, NULL),
(259, 29, 12, 3, 430, 1, '1'),
(260, 30, 8, 4, 310.5, 1, NULL),
(261, 30, 29, 2, 624, 2, NULL),
(262, 30, 37, 1, 150, 2, NULL),
(263, 30, 9, 4, 310.5, 1, NULL),
(264, 30, 10, 4, 310.5, 1, NULL),
(265, 30, 11, 3, 459, 1, NULL),
(266, 30, 11, 3, 430, 1, '1'),
(267, 30, 12, 3, 474.3, 1, NULL),
(268, 30, 12, 3, 430, 1, '1'),
(269, 31, 8, 4, 310.5, 1, NULL),
(270, 31, 37, 1, 187.5, 2, NULL),
(271, 31, 9, 4, 310.5, 1, NULL),
(272, 31, 10, 4, 310.5, 1, NULL),
(273, 31, 11, 3, 459, 1, NULL),
(274, 31, 11, 3, 430, 1, '1'),
(275, 31, 12, 3, 474.3, 1, NULL),
(276, 31, 12, 3, 430, 1, '1'),
(277, 32, 12, 3, 474.3, 1, NULL),
(278, 32, 28, 4, 148, 2, NULL),
(279, 32, 12, 3, 430, 1, '1'),
(280, 32, 11, 3, 459, 1, NULL),
(281, 32, 11, 3, 430, 1, '1'),
(282, 33, 8, 4, 310.5, 1, NULL),
(283, 33, 37, 1, 187.5, 2, NULL),
(284, 33, 9, 4, 310.5, 1, NULL),
(285, 33, 10, 4, 310.5, 1, NULL),
(286, 33, 11, 3, 459, 1, NULL),
(287, 33, 11, 3, 430, 1, '1'),
(288, 33, 12, 3, 474.3, 1, NULL),
(289, 33, 12, 3, 430, 1, '1'),
(290, 34, 8, 4, 285.7, 1, NULL),
(291, 34, 29, 2, 195, 2, NULL),
(292, 34, 37, 1, 150, 2, NULL),
(293, 34, 9, 4, 285.7, 1, NULL),
(294, 34, 10, 4, 285.7, 1, NULL),
(295, 34, 11, 3, 513, 1, NULL),
(296, 34, 11, 3, 430, 1, '1'),
(297, 34, 12, 3, 530.1, 1, NULL),
(298, 34, 12, 3, 430, 1, '1'),
(299, 35, 8, 4, 310.5, 1, NULL),
(300, 35, 37, 1, 187.5, 2, NULL),
(301, 35, 9, 4, 310.5, 1, NULL),
(302, 35, 10, 4, 310.5, 1, NULL),
(303, 35, 11, 3, 459, 1, NULL),
(304, 35, 11, 3, 430, 1, '1'),
(305, 35, 12, 3, 474.3, 1, NULL),
(306, 35, 12, 3, 430, 1, '1'),
(307, 36, 8, 4, 310.5, 1, NULL),
(308, 36, 37, 1, 187.5, 2, NULL),
(309, 36, 9, 4, 310.5, 1, NULL),
(310, 36, 10, 4, 310.5, 1, NULL),
(311, 36, 11, 3, 459, 1, NULL),
(312, 36, 11, 3, 430, 1, '1'),
(313, 36, 12, 3, 474.3, 1, NULL),
(314, 36, 12, 3, 430, 1, '1'),
(315, 37, 8, 4, 316.7, 1, NULL),
(316, 37, 28, 4, 148, 2, NULL),
(317, 37, 9, 4, 316.7, 1, NULL),
(318, 37, 10, 4, 316.7, 1, NULL),
(319, 37, 11, 3, 459, 1, NULL),
(320, 37, 11, 3, 430, 1, '1'),
(321, 37, 12, 3, 474.3, 1, NULL),
(322, 37, 12, 3, 430, 1, '1'),
(323, 38, 8, 4, 285.7, 1, NULL),
(324, 38, 29, 2, 195, 2, NULL),
(325, 38, 37, 1, 150, 2, NULL),
(326, 38, 9, 4, 285.7, 1, NULL),
(327, 38, 10, 4, 285.7, 1, NULL),
(328, 38, 11, 3, 513, 1, NULL),
(329, 38, 11, 3, 430, 1, '1'),
(330, 38, 12, 3, 530.1, 1, NULL),
(331, 38, 12, 3, 430, 1, '1'),
(332, 39, 8, 4, 285.7, 1, NULL),
(333, 39, 29, 2, 195, 2, NULL),
(334, 39, 37, 1, 150, 2, NULL),
(335, 39, 9, 4, 285.7, 1, NULL),
(336, 39, 10, 4, 285.7, 1, NULL),
(337, 39, 11, 3, 513, 1, NULL),
(338, 39, 11, 3, 430, 1, '1'),
(339, 39, 12, 3, 530.1, 1, NULL),
(340, 39, 12, 3, 430, 1, '1'),
(341, 40, 8, 4, 310.5, 1, NULL),
(342, 40, 37, 1, 187.5, 2, NULL),
(343, 40, 9, 4, 310.5, 1, NULL),
(344, 40, 10, 4, 310.5, 1, NULL),
(345, 40, 11, 3, 459, 1, NULL),
(346, 40, 11, 3, 430, 1, '1'),
(347, 40, 12, 3, 474.3, 1, NULL),
(348, 40, 12, 3, 430, 1, '1'),
(349, 41, 8, 4, 310.5, 1, NULL),
(350, 41, 37, 1, 187.5, 2, NULL),
(351, 41, 9, 4, 310.5, 1, NULL),
(352, 41, 10, 4, 310.5, 1, NULL),
(353, 41, 11, 3, 459, 1, NULL),
(354, 41, 11, 3, 430, 1, '1'),
(355, 41, 12, 3, 474.3, 1, NULL),
(356, 41, 12, 3, 430, 1, '1'),
(366, 43, 8, 4, 316.7, 1, NULL),
(367, 43, 28, 4, 148, 2, NULL),
(368, 43, 9, 4, 316.7, 1, NULL),
(369, 43, 10, 4, 316.7, 1, NULL),
(370, 43, 11, 3, 459, 1, NULL),
(371, 43, 11, 3, 430, 1, '1'),
(372, 43, 12, 3, 474.3, 1, NULL),
(373, 43, 12, 3, 430, 1, '1'),
(374, 44, 8, 4, 225.7, 1, NULL),
(375, 44, 29, 2, 195, 2, NULL),
(376, 44, 37, 1, 150, 2, NULL),
(377, 44, 9, 4, 225.7, 1, NULL),
(378, 44, 10, 4, 225.7, 1, NULL),
(379, 44, 12, 3, 461.7, 1, NULL),
(380, 44, 12, 3, 430, 1, '1'),
(382, 45, 8, 4, 287.2, 1, NULL),
(383, 45, 28, 4, 148, 2, NULL),
(384, 45, 9, 4, 287.2, 1, NULL),
(385, 45, 10, 4, 287.2, 1, NULL),
(387, 45, 12, 3, 453.6, 1, NULL),
(388, 45, 12, 3, 430, 1, '1'),
(389, 46, 8, 4, 225.7, 1, NULL),
(390, 46, 29, 2, 195, 2, NULL),
(391, 46, 37, 1, 150, 2, NULL),
(392, 46, 9, 4, 225.7, 1, NULL),
(393, 46, 10, 4, 225.7, 1, NULL),
(394, 46, 12, 3, 461.7, 1, NULL),
(395, 46, 12, 3, 430, 1, '1'),
(397, 47, 8, 4, 256.2, 1, NULL),
(398, 47, 37, 1, 187.5, 2, NULL),
(399, 47, 9, 4, 256.2, 1, NULL),
(400, 47, 10, 4, 256.2, 1, NULL),
(402, 47, 12, 3, 413.1, 1, NULL),
(404, 48, 8, 4, 256.5, 1, NULL),
(405, 48, 29, 2, 624, 2, NULL),
(406, 48, 37, 1, 150, 2, NULL),
(407, 48, 9, 4, 256.5, 1, NULL),
(408, 48, 10, 4, 256.5, 1, NULL),
(409, 48, 12, 3, 413.1, 1, NULL),
(410, 48, 12, 3, 413.1, 1, '1'),
(412, 49, 8, 4, 256.2, 1, NULL),
(413, 49, 37, 1, 187.5, 2, NULL),
(414, 49, 9, 4, 256.2, 1, NULL),
(415, 49, 10, 4, 256.2, 1, NULL),
(417, 49, 12, 3, 413.1, 1, NULL),
(418, 49, 12, 3, 413.1, 1, '1'),
(419, 50, 8, 4, 285.7, 1, NULL),
(420, 50, 29, 2, 195, 2, NULL),
(421, 50, 37, 1, 150, 2, NULL),
(422, 50, 9, 4, 285.7, 1, NULL),
(423, 50, 10, 4, 285.7, 1, NULL),
(424, 50, 11, 3, 513, 1, NULL),
(425, 50, 11, 3, 430, 1, '1'),
(426, 50, 12, 3, 530.1, 1, NULL),
(427, 50, 12, 3, 430, 1, '1'),
(428, 51, 8, 4, 310.5, 1, NULL),
(429, 51, 37, 1, 187.5, 2, NULL),
(430, 51, 9, 4, 310.5, 1, NULL),
(431, 51, 10, 4, 310.5, 1, NULL),
(432, 51, 11, 3, 459, 1, NULL),
(433, 51, 11, 3, 430, 1, '1'),
(434, 51, 12, 3, 474.3, 1, NULL),
(435, 51, 12, 3, 430, 1, '1'),
(436, 52, 8, 4, 285.7, 1, NULL),
(437, 52, 29, 2, 195, 2, NULL),
(438, 52, 37, 1, 150, 2, NULL),
(439, 52, 9, 4, 285.7, 1, NULL),
(440, 52, 10, 4, 285.7, 1, NULL),
(441, 52, 11, 3, 513, 1, NULL),
(442, 52, 11, 3, 430, 1, '1'),
(443, 52, 12, 3, 530.1, 1, NULL),
(444, 52, 12, 3, 430, 1, '1'),
(445, 53, 8, 4, 310.5, 1, NULL),
(446, 53, 37, 1, 187.5, 2, NULL),
(447, 53, 9, 4, 310.5, 1, NULL),
(448, 53, 10, 4, 310.5, 1, NULL),
(449, 53, 11, 3, 459, 1, NULL),
(450, 53, 11, 3, 430, 1, '1'),
(451, 53, 12, 3, 474.3, 1, NULL),
(452, 53, 12, 3, 430, 1, '1'),
(453, 54, 8, 4, 310.5, 1, NULL),
(454, 54, 37, 1, 187.5, 2, NULL),
(455, 54, 9, 4, 310.5, 1, NULL),
(456, 54, 10, 4, 310.5, 1, NULL),
(457, 54, 11, 3, 459, 1, NULL),
(458, 54, 11, 3, 430, 1, '1'),
(459, 54, 12, 3, 474.3, 1, NULL),
(460, 54, 12, 3, 430, 1, '1'),
(461, 55, 8, 4, 335.3, 1, NULL),
(462, 55, 28, 4, 148, 2, NULL),
(463, 55, 9, 4, 335.3, 1, NULL),
(464, 55, 10, 4, 335.3, 1, NULL),
(465, 55, 11, 3, 459, 1, NULL),
(466, 55, 11, 3, 430, 1, '1'),
(467, 55, 12, 3, 474.3, 1, NULL),
(468, 55, 12, 3, 430, 1, '1'),
(469, 56, 8, 4, 322.9, 1, NULL),
(470, 56, 29, 2, 624, 2, NULL),
(471, 56, 37, 1, 150, 2, NULL),
(472, 56, 9, 4, 322.9, 1, NULL),
(473, 56, 10, 4, 322.9, 1, NULL),
(474, 56, 11, 3, 459, 1, NULL),
(475, 56, 12, 3, 474.3, 1, NULL),
(476, 57, 8, 4, 256.5, 1, NULL),
(477, 57, 29, 2, 624, 2, NULL),
(478, 57, 37, 1, 150, 2, NULL),
(479, 57, 9, 4, 256.5, 1, NULL),
(480, 57, 10, 4, 256.5, 1, NULL),
(481, 57, 12, 3, 413.1, 1, NULL),
(482, 57, 12, 3, 413.1, 1, '1'),
(484, 58, 8, 4, 256.2, 1, NULL),
(485, 58, 37, 1, 187.5, 2, NULL),
(486, 58, 9, 4, 256.2, 1, NULL),
(487, 58, 10, 4, 256.2, 1, NULL),
(489, 58, 12, 3, 413.1, 1, NULL),
(491, 59, 8, 4, 310.5, 1, NULL),
(492, 59, 29, 2, 624, 2, NULL),
(493, 59, 37, 1, 150, 2, NULL),
(494, 59, 9, 4, 310.5, 1, NULL),
(495, 59, 10, 4, 310.5, 1, NULL),
(496, 59, 11, 3, 459, 1, NULL),
(497, 59, 11, 3, 430, 1, '1'),
(498, 59, 12, 3, 474.3, 1, NULL),
(499, 59, 12, 3, 430, 1, '1'),
(500, 60, 8, 4, 310.5, 1, NULL),
(501, 60, 37, 1, 187.5, 2, NULL),
(502, 60, 9, 4, 310.5, 1, NULL),
(503, 60, 10, 4, 310.5, 1, NULL),
(504, 60, 11, 3, 459, 1, NULL),
(505, 60, 11, 3, 430, 1, '1'),
(506, 60, 12, 3, 474.3, 1, NULL),
(507, 60, 12, 3, 430, 1, '1'),
(508, 61, 8, 4, 335.3, 1, NULL),
(509, 61, 28, 4, 148, 2, NULL),
(510, 61, 9, 4, 335.3, 1, NULL),
(511, 61, 10, 4, 335.3, 1, NULL),
(512, 61, 11, 3, 513, 1, NULL),
(513, 61, 11, 3, 430, 1, '1'),
(514, 61, 12, 3, 530.1, 1, NULL),
(515, 61, 12, 3, 430, 1, '1'),
(516, 62, 8, 4, 312.9, 1, NULL),
(517, 62, 28, 4, 148, 2, NULL),
(518, 62, 9, 4, 312.9, 1, NULL),
(519, 62, 10, 4, 312.9, 1, NULL),
(521, 62, 12, 3, 494, 1, NULL),
(522, 62, 12, 3, 430, 1, '1'),
(523, 63, 8, 4, 310.5, 1, NULL),
(524, 63, 29, 2, 624, 2, NULL),
(525, 63, 37, 1, 150, 2, NULL),
(526, 63, 9, 4, 310.5, 1, NULL),
(527, 63, 10, 4, 310.5, 1, NULL),
(528, 63, 11, 3, 459, 1, NULL),
(529, 63, 11, 3, 430, 1, '1'),
(530, 63, 12, 3, 474.3, 1, NULL),
(531, 63, 12, 3, 430, 1, '1'),
(532, 64, 8, 4, 310.5, 1, NULL),
(533, 64, 29, 2, 624, 2, NULL),
(534, 64, 37, 1, 150, 2, NULL),
(535, 64, 9, 4, 310.5, 1, NULL),
(536, 64, 10, 4, 310.5, 1, NULL),
(537, 64, 11, 3, 459, 1, NULL),
(538, 64, 11, 3, 430, 1, '1'),
(539, 64, 12, 3, 474.3, 1, NULL),
(540, 64, 12, 3, 430, 1, '1'),
(541, 65, 8, 4, 310.5, 1, NULL),
(542, 65, 29, 2, 624, 2, NULL),
(543, 65, 37, 1, 150, 2, NULL),
(544, 65, 9, 4, 310.5, 1, NULL),
(545, 65, 10, 4, 310.5, 1, NULL),
(546, 65, 11, 3, 459, 1, NULL),
(547, 65, 11, 3, 430, 1, '1'),
(548, 65, 12, 3, 474.3, 1, NULL),
(549, 65, 12, 3, 430, 1, '1'),
(550, 66, 8, 4, 310.5, 1, NULL),
(551, 66, 29, 2, 624, 2, NULL),
(552, 66, 37, 1, 150, 2, NULL),
(553, 66, 9, 4, 310.5, 1, NULL),
(554, 66, 10, 4, 310.5, 1, NULL),
(555, 66, 11, 3, 459, 1, NULL),
(556, 66, 11, 3, 430, 1, '1'),
(557, 66, 12, 3, 474.3, 1, NULL),
(558, 66, 12, 3, 430, 1, '1'),
(559, 67, 8, 4, 330, 1, NULL),
(560, 67, 37, 1, 187.5, 2, NULL),
(561, 67, 9, 4, 330, 1, NULL),
(562, 67, 10, 4, 330, 1, NULL),
(563, 67, 12, 3, 511.5, 1, NULL),
(564, 67, 12, 3, 430, 1, '1'),
(565, 68, 8, 4, 330, 1, NULL),
(566, 68, 37, 1, 187.5, 2, NULL),
(567, 68, 9, 4, 330, 1, NULL),
(568, 68, 10, 4, 330, 1, NULL),
(569, 68, 12, 3, 511.5, 1, NULL),
(570, 68, 12, 3, 430, 1, '1'),
(571, 68, 11, 3, 430, 1, '1'),
(572, 69, 8, 4, 310.5, 1, NULL),
(573, 69, 37, 1, 187.5, 2, NULL),
(574, 69, 9, 4, 310.5, 1, NULL),
(575, 69, 10, 4, 310.5, 1, NULL),
(576, 69, 11, 3, 459, 1, NULL),
(577, 69, 11, 3, 430, 1, '1'),
(578, 69, 12, 3, 474.3, 1, NULL),
(579, 69, 12, 3, 430, 1, '1'),
(580, 70, 8, 4, 256.2, 1, NULL),
(581, 70, 37, 1, 187.5, 2, NULL),
(582, 70, 9, 4, 256.2, 1, NULL),
(583, 70, 10, 4, 256.2, 1, NULL),
(585, 70, 12, 3, 413.1, 1, NULL),
(587, 71, 8, 4, 256.2, 1, NULL),
(588, 71, 37, 1, 187.5, 2, NULL),
(589, 71, 9, 4, 256.2, 1, NULL),
(590, 71, 10, 4, 256.2, 1, NULL),
(592, 71, 12, 3, 413.1, 1, NULL),
(604, 73, 12, 3, 427.8, 1, NULL),
(605, 73, 29, 3, 224, 2, NULL),
(606, 73, 37, 1, 240, 2, NULL),
(607, 73, 11, 3, 414, 1, NULL),
(608, 74, 12, 3, 511.5, 1, NULL),
(609, 74, 29, 3, 224, 2, NULL),
(610, 74, 37, 1, 240, 2, NULL),
(611, 74, 12, 3, 430, 1, '1'),
(612, 74, 11, 3, 495, 1, NULL),
(613, 74, 11, 3, 430, 1, '1'),
(614, 75, 12, 3, 445.5, 1, NULL),
(615, 75, 29, 3, 224, 2, NULL),
(616, 75, 37, 1, 240, 2, NULL),
(617, 75, 12, 3, 430, 1, '1'),
(619, 76, 8, 4, 298, 1, NULL),
(620, 76, 19, 4, 148, 2, NULL),
(621, 76, 26, 4, 148, 2, NULL),
(622, 76, 13, 4, 148, 2, NULL),
(623, 76, 9, 4, 298, 1, NULL),
(624, 76, 10, 4, 298, 1, NULL),
(625, 77, 8, 4, 246.2, 1, NULL),
(626, 77, 19, 4, 148, 2, NULL),
(627, 77, 26, 4, 148, 2, NULL),
(628, 77, 13, 4, 148, 2, NULL),
(629, 77, 9, 4, 246.2, 1, NULL),
(630, 77, 10, 4, 246.2, 1, NULL),
(631, 78, 8, 4, 341.5, 1, NULL),
(632, 78, 19, 3, 453.6, 2, NULL),
(633, 78, 13, 3, 453.6, 2, NULL),
(634, 78, 26, 4, 307, 2, NULL),
(635, 78, 9, 4, 341.5, 1, NULL),
(636, 78, 10, 4, 341.5, 1, NULL),
(637, 78, 11, 3, 453.6, 1, NULL),
(638, 78, 11, 3, 430, 1, '1'),
(639, 78, 12, 3, 453.6, 1, NULL),
(640, 78, 12, 3, 430, 1, '1'),
(641, 79, 8, 4, 341.5, 1, NULL),
(642, 79, 19, 3, 453.6, 2, NULL),
(643, 79, 13, 3, 453.6, 2, NULL),
(644, 79, 26, 4, 307, 2, NULL),
(645, 79, 9, 4, 341.5, 1, NULL),
(646, 79, 10, 4, 341.5, 1, NULL),
(647, 79, 11, 3, 453.6, 1, NULL),
(648, 79, 11, 3, 430, 1, '1'),
(649, 79, 12, 3, 453.6, 1, NULL),
(650, 79, 12, 3, 430, 1, '1'),
(651, 80, 8, 4, 277, 1, NULL),
(652, 80, 22, 4, 181.5, 2, NULL),
(653, 80, 16, 4, 437.4, 2, NULL),
(654, 80, 13, 4, 360, 2, NULL),
(655, 80, 19, 4, 360, 2, NULL),
(656, 80, 26, 4, 360, 2, NULL),
(657, 80, 21, 4, 226, 2, NULL),
(658, 80, 9, 4, 277, 1, NULL),
(659, 80, 10, 4, 277, 1, NULL),
(660, 81, 8, 4, 277, 1, NULL),
(661, 81, 22, 4, 181.5, 2, NULL),
(662, 81, 16, 4, 437.4, 2, NULL),
(663, 81, 13, 4, 360, 2, NULL),
(664, 81, 19, 4, 360, 2, NULL),
(665, 81, 26, 4, 360, 2, NULL),
(666, 81, 21, 4, 226, 2, NULL),
(667, 81, 9, 4, 277, 1, NULL),
(668, 81, 10, 4, 277, 1, NULL),
(669, 82, 8, 4, 416, 1, NULL),
(672, 82, 26, 5, 350.9, 2, NULL),
(673, 82, 9, 4, 416, 1, NULL),
(674, 82, 10, 4, 416, 1, NULL),
(675, 82, 11, 3, 562.8, 1, NULL),
(676, 82, 12, 3, 562.8, 1, NULL),
(677, 82, 12, 3, 430, 1, '1'),
(678, 83, 11, 3, 441, 1, NULL),
(679, 83, 19, 3, 441, 2, NULL),
(680, 83, 13, 3, 455.7, 2, NULL),
(681, 83, 26, 4, 522.7, 2, NULL),
(682, 83, 12, 3, 455.7, 1, NULL),
(683, 83, 12, 3, 430, 1, '1'),
(684, 84, 8, 4, 310.5, 1, NULL),
(685, 84, 13, 3, 435, 2, NULL),
(686, 84, 19, 3, 435, 2, NULL),
(687, 84, 26, 4, 307, 2, NULL),
(688, 84, 9, 4, 310.5, 1, NULL),
(689, 84, 10, 4, 310.5, 1, NULL),
(690, 84, 11, 3, 435, 1, NULL),
(691, 84, 12, 3, 435, 1, NULL),
(692, 85, 11, 3, 453.6, 1, NULL),
(693, 85, 19, 3, 453.6, 2, NULL),
(694, 85, 13, 3, 453.6, 2, NULL),
(695, 85, 26, 4, 307, 2, NULL),
(696, 85, 11, 3, 430, 1, '1'),
(697, 85, 8, 4, 341.5, 1, NULL),
(698, 85, 9, 4, 341.5, 1, NULL),
(699, 85, 10, 4, 341.5, 1, NULL),
(700, 85, 12, 3, 453.6, 1, NULL),
(701, 85, 12, 3, 430, 1, '1'),
(702, 86, 8, 4, 310.5, 1, NULL),
(703, 86, 13, 3, 435, 2, NULL),
(704, 86, 19, 3, 435, 2, NULL),
(705, 86, 26, 3, 307, 2, NULL),
(706, 86, 9, 4, 310.5, 1, NULL),
(707, 86, 10, 4, 310.5, 1, NULL),
(708, 86, 11, 3, 435, 1, NULL),
(709, 86, 12, 3, 435, 1, NULL),
(710, 87, 12, 3, 511.5, 1, NULL),
(712, 87, 22, 4, 181.5, 2, NULL),
(713, 87, 16, 4, 511.5, 2, NULL),
(714, 87, 21, 4, 226, 2, NULL),
(715, 87, 12, 3, 430, 1, '1'),
(716, 87, 11, 3, 495, 1, NULL),
(717, 87, 23, 4, 180, 2, NULL),
(718, 87, 11, 3, 430, 1, '1'),
(719, 87, 8, 4, 330, 1, NULL),
(720, 87, 9, 4, 330, 1, NULL),
(721, 87, 10, 4, 330, 1, NULL),
(722, 88, 8, 4, 236, 1, NULL),
(723, 88, 29, 3, 224, 2, NULL),
(724, 88, 37, 1, 240, 2, NULL),
(725, 88, 9, 4, 236, 1, NULL),
(726, 88, 10, 4, 236, 1, NULL),
(727, 89, 12, 3, 427.8, 1, NULL),
(728, 89, 29, 3, 224, 2, NULL),
(729, 89, 37, 1, 240, 2, NULL),
(731, 90, 8, 4, 310.5, 1, NULL),
(732, 90, 26, 4, 525, 2, NULL),
(733, 90, 19, 3, 450, 2, NULL),
(734, 90, 13, 3, 465, 2, NULL),
(735, 90, 9, 4, 310.5, 1, NULL),
(736, 90, 10, 4, 310.5, 1, NULL),
(737, 90, 11, 3, 450, 1, NULL),
(738, 90, 11, 3, 430, 1, '1'),
(739, 90, 12, 3, 465, 1, NULL),
(740, 90, 12, 3, 430, 1, '1'),
(741, 91, 8, 4, 256.5, 1, NULL),
(742, 91, 26, 4, 600, 2, NULL),
(743, 91, 19, 3, 405, 2, NULL),
(744, 91, 13, 3, 405, 2, NULL),
(745, 91, 9, 4, 256.5, 1, NULL),
(746, 91, 10, 4, 256.5, 1, NULL),
(748, 91, 12, 3, 405, 1, NULL),
(749, 92, 8, 4, 260.8, 1, NULL),
(750, 92, 26, 3, 450, 2, NULL),
(751, 92, 19, 3, 378, 2, NULL),
(752, 92, 13, 3, 390.6, 2, NULL),
(753, 92, 9, 4, 260.8, 1, NULL),
(754, 92, 10, 4, 260.8, 1, NULL),
(755, 92, 11, 3, 378, 1, NULL),
(756, 92, 12, 3, 390.6, 1, NULL),
(757, 93, 8, 4, 260.8, 1, NULL),
(758, 93, 26, 3, 450, 2, NULL),
(759, 93, 19, 3, 378, 2, NULL),
(760, 93, 13, 3, 390.6, 2, NULL),
(761, 93, 9, 4, 260.8, 1, NULL),
(762, 93, 10, 4, 260.8, 1, NULL),
(763, 93, 11, 3, 378, 1, NULL),
(764, 93, 12, 3, 390.6, 1, NULL),
(765, 94, 8, 4, 260.8, 1, NULL),
(766, 94, 26, 3, 450, 2, NULL),
(767, 94, 19, 3, 378, 2, NULL),
(768, 94, 13, 3, 390.6, 2, NULL),
(769, 94, 9, 4, 260.8, 1, NULL),
(770, 94, 10, 4, 260.8, 1, NULL),
(771, 94, 11, 3, 378, 1, NULL),
(772, 94, 12, 3, 390.6, 1, NULL),
(773, 95, 8, 4, 260.8, 1, NULL),
(774, 95, 26, 3, 450, 2, NULL),
(775, 95, 19, 3, 378, 2, NULL),
(776, 95, 13, 3, 390.6, 2, NULL),
(777, 95, 9, 4, 260.8, 1, NULL),
(778, 95, 10, 4, 260.8, 1, NULL),
(779, 95, 11, 3, 378, 1, NULL),
(780, 95, 12, 3, 390.6, 1, NULL),
(781, 96, 8, 4, 215.5, 1, NULL),
(782, 96, 26, 3, 540, 2, NULL),
(783, 96, 19, 3, 340.2, 2, NULL),
(784, 96, 13, 3, 340.2, 2, NULL),
(785, 96, 9, 4, 215.5, 1, NULL),
(786, 96, 10, 4, 215.5, 1, NULL),
(788, 96, 12, 3, 340.2, 1, NULL),
(789, 97, 11, 3, 513, 1, NULL),
(790, 97, 11, 3, 430, 1, '1'),
(791, 97, 12, 3, 530.1, 1, NULL),
(792, 97, 12, 3, 430, 1, '1'),
(793, 98, 8, 4, 285.6, 1, NULL),
(794, 98, 29, 3, 224, 2, NULL),
(795, 98, 37, 1, 240, 2, NULL),
(796, 98, 9, 4, 285.6, 1, NULL),
(797, 98, 10, 4, 285.6, 1, NULL),
(798, 98, 11, 3, 513, 1, NULL),
(799, 98, 11, 3, 430, 1, '1'),
(800, 98, 12, 3, 530.1, 1, NULL),
(801, 98, 12, 3, 430, 1, '1'),
(802, 99, 8, 4, 285.6, 1, NULL),
(803, 99, 29, 3, 224, 2, NULL),
(804, 99, 37, 1, 240, 2, NULL),
(805, 99, 9, 4, 285.6, 1, NULL),
(806, 99, 10, 4, 285.6, 1, NULL),
(807, 99, 11, 3, 513, 1, NULL),
(808, 99, 11, 3, 430, 1, '1'),
(809, 99, 12, 3, 530.1, 1, NULL),
(810, 99, 12, 3, 430, 1, '1'),
(811, 100, 8, 4, 285.6, 1, NULL),
(812, 100, 29, 3, 224, 2, NULL),
(813, 100, 37, 1, 240, 2, NULL),
(814, 100, 9, 4, 285.6, 1, NULL),
(815, 100, 10, 4, 285.6, 1, NULL),
(816, 100, 11, 3, 513, 1, NULL),
(817, 100, 11, 3, 430, 1, '1'),
(818, 100, 12, 3, 530.1, 1, NULL),
(819, 100, 12, 3, 430, 1, '1'),
(820, 101, 8, 4, 310.5, 1, NULL),
(821, 101, 26, 4, 525, 2, NULL),
(822, 101, 19, 3, 450, 2, NULL),
(823, 101, 13, 3, 465, 2, NULL),
(824, 101, 9, 4, 310.5, 1, NULL),
(825, 101, 10, 4, 310.5, 1, NULL),
(826, 101, 11, 3, 450, 1, NULL),
(827, 101, 11, 3, 430, 1, '1'),
(828, 101, 12, 3, 465, 1, NULL),
(829, 101, 12, 3, 430, 1, '1'),
(830, 102, 8, 4, 285.6, 1, NULL),
(831, 102, 29, 3, 224, 2, NULL),
(832, 102, 37, 1, 240, 2, NULL),
(833, 102, 9, 4, 285.6, 1, NULL),
(834, 102, 10, 4, 285.6, 1, NULL),
(835, 102, 11, 3, 513, 1, NULL),
(836, 102, 11, 3, 430, 1, '1'),
(837, 102, 12, 3, 530.1, 1, NULL),
(838, 102, 12, 3, 430, 1, '1'),
(839, 103, 8, 4, 285.6, 1, NULL),
(840, 103, 29, 3, 224, 2, NULL),
(841, 103, 37, 1, 240, 2, NULL),
(842, 103, 9, 4, 285.6, 1, NULL),
(843, 103, 10, 4, 285.6, 1, NULL),
(844, 103, 11, 3, 513, 1, NULL),
(845, 103, 11, 3, 430, 1, '1'),
(846, 103, 12, 3, 530.1, 1, NULL),
(847, 103, 12, 3, 430, 1, '1'),
(848, 104, 8, 4, 310.5, 1, NULL),
(849, 104, 26, 4, 525, 2, NULL),
(850, 104, 19, 3, 450, 2, NULL),
(851, 104, 13, 3, 465, 2, NULL),
(852, 104, 9, 4, 310.5, 1, NULL),
(853, 104, 10, 4, 310.5, 1, NULL),
(854, 104, 11, 3, 450, 1, NULL),
(855, 104, 11, 3, 430, 1, '1'),
(856, 104, 12, 3, 465, 1, NULL),
(857, 104, 12, 3, 430, 1, '1'),
(858, 105, 8, 4, 285.6, 1, NULL),
(859, 105, 29, 3, 224, 2, NULL),
(860, 105, 37, 1, 240, 2, NULL),
(861, 105, 9, 4, 285.6, 1, NULL),
(862, 105, 10, 4, 285.6, 1, NULL),
(863, 105, 11, 3, 513, 1, NULL),
(864, 105, 11, 3, 430, 1, '1'),
(865, 105, 12, 3, 530.1, 1, NULL),
(866, 105, 12, 3, 430, 1, '1'),
(867, 106, 8, 4, 236, 1, NULL),
(868, 106, 29, 3, 224, 2, NULL),
(869, 106, 37, 1, 240, 2, NULL),
(870, 106, 9, 4, 236, 1, NULL),
(871, 106, 10, 4, 236, 1, NULL),
(873, 106, 12, 3, 372.6, 1, NULL),
(875, 107, 8, 4, 236, 1, NULL),
(876, 107, 29, 3, 224, 2, NULL),
(877, 107, 37, 1, 240, 2, NULL),
(878, 107, 9, 4, 236, 1, NULL),
(879, 107, 10, 4, 236, 1, NULL),
(881, 107, 12, 3, 372.6, 1, NULL),
(883, 108, 8, 4, 215.5, 1, NULL),
(884, 108, 26, 4, 540, 2, NULL),
(885, 108, 19, 3, 340.2, 2, NULL),
(886, 108, 13, 3, 340.2, 2, NULL),
(887, 108, 9, 4, 215.5, 1, NULL),
(888, 108, 10, 4, 215.5, 1, NULL),
(890, 108, 12, 3, 340.2, 1, NULL),
(891, 109, 8, 4, 285.6, 1, NULL),
(892, 109, 29, 3, 224, 2, NULL),
(893, 109, 37, 1, 240, 2, NULL),
(894, 109, 9, 4, 285.6, 1, NULL),
(895, 109, 10, 4, 285.6, 1, NULL),
(896, 109, 11, 3, 513, 1, NULL),
(897, 109, 11, 3, 430, 1, '1'),
(898, 109, 12, 3, 530.1, 1, NULL),
(899, 109, 12, 3, 430, 1, '1'),
(900, 110, 8, 4, 285.6, 1, NULL),
(901, 110, 29, 3, 224, 2, NULL),
(902, 110, 37, 1, 240, 2, NULL),
(903, 110, 9, 4, 285.6, 1, NULL),
(904, 110, 10, 4, 285.6, 1, NULL),
(905, 110, 11, 3, 513, 1, NULL),
(906, 110, 11, 3, 430, 1, '1'),
(907, 110, 12, 3, 530.1, 1, NULL),
(908, 110, 12, 3, 430, 1, '1'),
(917, 112, 8, 4, 260.8, 1, NULL),
(918, 112, 26, 3, 450, 2, NULL),
(919, 112, 19, 3, 450, 2, NULL),
(920, 112, 13, 3, 450, 2, NULL),
(921, 112, 9, 4, 260.8, 1, NULL),
(922, 112, 10, 4, 260.8, 1, NULL),
(923, 113, 8, 4, 310.5, 1, NULL),
(924, 113, 26, 4, 525, 2, NULL),
(925, 113, 19, 3, 450, 2, NULL),
(926, 113, 13, 3, 465, 2, NULL),
(927, 113, 9, 4, 310.5, 1, NULL),
(928, 113, 10, 4, 310.5, 1, NULL),
(929, 113, 11, 3, 450, 1, NULL),
(930, 113, 11, 3, 430, 1, '1'),
(931, 113, 12, 3, 465, 1, NULL),
(932, 113, 12, 3, 430, 1, '1'),
(933, 114, 11, 0, 513, 1, NULL),
(934, 114, 26, 3, 513, 2, NULL),
(935, 114, 19, 3, 513, 2, NULL),
(936, 114, 13, 3, 530.1, 2, NULL),
(937, 114, 11, 0, 430, 1, '1'),
(938, 114, 12, 0, 530.1, 1, NULL),
(939, 114, 12, 0, 430, 1, '1'),
(940, 115, 8, 4, 248.4, 1, NULL),
(941, 115, 29, 2, 91.5, 2, NULL),
(942, 115, 28, 6, 96, 2, NULL),
(943, 115, 27, 6, 159, 2, NULL),
(944, 115, 9, 4, 248.4, 1, NULL),
(945, 115, 10, 4, 248.4, 1, NULL),
(946, 116, 8, 4, 248.4, 1, NULL),
(947, 116, 29, 2, 91.5, 2, NULL),
(948, 116, 28, 6, 96, 2, NULL),
(949, 116, 27, 6, 159, 2, NULL),
(950, 116, 9, 4, 248.4, 1, NULL),
(951, 116, 10, 4, 248.4, 1, NULL),
(952, 117, 8, 4, 248.4, 1, NULL),
(953, 117, 29, 2, 91.5, 2, NULL),
(954, 117, 28, 6, 96, 2, NULL),
(955, 117, 27, 6, 159, 2, NULL),
(956, 117, 9, 4, 248.4, 1, NULL),
(957, 117, 10, 4, 248.4, 1, NULL),
(958, 118, 11, 3, 513, 1, NULL),
(959, 118, 11, 3, 430, 1, '1'),
(960, 118, 12, 3, 530.1, 1, NULL),
(961, 118, 12, 3, 430, 1, '1'),
(962, 119, 8, 4, 236, 1, NULL),
(963, 119, 29, 3, 224, 2, NULL),
(964, 119, 37, 1, 240, 2, NULL),
(965, 119, 9, 4, 236, 1, NULL),
(966, 119, 10, 4, 236, 1, NULL),
(968, 119, 12, 3, 372.6, 1, NULL),
(970, 120, 8, 4, 236, 1, NULL),
(971, 120, 29, 3, 224, 2, NULL),
(972, 120, 37, 1, 240, 2, NULL),
(973, 120, 9, 4, 236, 1, NULL),
(974, 120, 10, 4, 236, 1, NULL),
(976, 120, 12, 3, 372.6, 1, NULL),
(978, 121, 8, 4, 260.8, 1, NULL),
(979, 121, 26, 3, 406, 2, NULL),
(980, 121, 19, 3, 406, 2, NULL),
(981, 121, 13, 3, 406, 2, NULL),
(982, 121, 9, 4, 260.8, 1, NULL),
(983, 121, 10, 4, 260.8, 1, NULL),
(984, 122, 8, 4, 260.8, 1, NULL),
(985, 122, 26, 3, 450, 2, NULL),
(986, 122, 19, 3, 378, 2, NULL),
(987, 122, 13, 3, 390.6, 2, NULL),
(988, 122, 9, 4, 260.8, 1, NULL),
(989, 122, 10, 4, 260.8, 1, NULL),
(990, 122, 11, 3, 378, 1, NULL),
(991, 122, 12, 3, 390.6, 1, NULL),
(992, 123, 8, 4, 260.8, 1, NULL),
(993, 123, 26, 3, 450, 2, NULL),
(994, 123, 19, 3, 378, 2, NULL),
(995, 123, 13, 3, 390.6, 2, NULL),
(996, 123, 9, 4, 260.8, 1, NULL),
(997, 123, 10, 4, 260.8, 1, NULL),
(998, 123, 11, 3, 378, 1, NULL),
(999, 123, 12, 3, 390.6, 1, NULL),
(1000, 124, 8, 4, 260.8, 1, NULL),
(1001, 124, 26, 4, 450, 2, NULL),
(1002, 124, 19, 3, 378, 2, NULL),
(1003, 124, 13, 3, 390.6, 2, NULL),
(1004, 124, 9, 4, 260.8, 1, NULL),
(1005, 124, 10, 4, 260.8, 1, NULL),
(1006, 124, 11, 3, 378, 1, NULL),
(1007, 124, 12, 3, 390.6, 1, NULL),
(1008, 125, 8, 4, 285.6, 1, NULL),
(1009, 125, 26, 4, 540, 2, NULL),
(1010, 125, 19, 3, 414, 2, NULL),
(1011, 125, 13, 3, 427.8, 2, NULL),
(1012, 125, 9, 4, 285.6, 1, NULL),
(1013, 125, 10, 4, 285.6, 1, NULL),
(1014, 125, 11, 3, 414, 1, NULL),
(1015, 125, 12, 3, 427.8, 1, NULL),
(1016, 126, 8, 4, 285.6, 1, NULL),
(1017, 126, 26, 4, 540, 2, NULL),
(1018, 126, 19, 3, 414, 2, NULL),
(1019, 126, 13, 3, 427.8, 2, NULL),
(1020, 126, 9, 4, 285.6, 1, NULL),
(1021, 126, 10, 4, 285.6, 1, NULL),
(1022, 126, 11, 3, 414, 1, NULL),
(1023, 126, 12, 3, 427.8, 1, NULL),
(1024, 127, 11, 3, 504, 1, NULL),
(1025, 127, 26, 4, 504, 2, NULL),
(1026, 127, 19, 3, 504, 2, NULL),
(1027, 127, 13, 3, 504, 2, NULL),
(1028, 127, 11, 3, 430, 1, '1'),
(1029, 127, 12, 3, 504, 1, NULL),
(1030, 127, 12, 3, 430, 1, '1'),
(1031, 128, 8, 4, 260.8, 1, NULL),
(1032, 128, 26, 3, 406, 2, NULL),
(1033, 128, 19, 3, 406, 2, NULL),
(1034, 128, 13, 3, 406, 2, NULL),
(1035, 128, 9, 4, 260.8, 1, NULL),
(1036, 128, 10, 4, 260.8, 1, NULL),
(1037, 129, 8, 4, 260.8, 1, NULL),
(1038, 129, 26, 3, 406, 2, NULL),
(1039, 129, 19, 3, 406, 2, NULL),
(1040, 129, 13, 3, 406, 2, NULL),
(1041, 129, 9, 4, 260.8, 1, NULL),
(1042, 129, 10, 4, 260.8, 1, NULL),
(1043, 130, 8, 4, 260.8, 1, NULL),
(1044, 130, 26, 3, 406, 2, NULL),
(1045, 130, 19, 3, 406, 2, NULL),
(1046, 130, 13, 3, 406, 2, NULL),
(1047, 130, 9, 4, 260.8, 1, NULL),
(1048, 130, 10, 4, 260.8, 1, NULL),
(1049, 131, 8, 4, 230.8, 1, NULL),
(1050, 131, 26, 3, 550, 2, NULL),
(1051, 131, 19, 3, 550, 2, NULL),
(1052, 131, 13, 3, 550, 2, NULL),
(1053, 131, 9, 4, 230.8, 1, NULL),
(1054, 131, 10, 4, 230.8, 1, NULL),
(1055, 132, 8, 4, 230.8, 1, NULL),
(1056, 132, 26, 3, 550, 2, NULL),
(1057, 132, 19, 3, 550, 2, NULL),
(1058, 132, 13, 3, 550, 2, NULL),
(1059, 132, 9, 4, 230.8, 1, NULL),
(1060, 132, 10, 4, 230.8, 1, NULL),
(1061, 133, 8, 4, 225.7, 1, NULL),
(1065, 133, 9, 4, 225.7, 1, NULL),
(1066, 133, 10, 4, 225.7, 1, NULL),
(1067, 134, 8, 4, 260.8, 1, NULL),
(1068, 134, 26, 3, 406, 2, NULL),
(1069, 134, 19, 3, 406, 2, NULL),
(1070, 134, 13, 3, 406, 2, NULL),
(1071, 134, 9, 4, 260.8, 1, NULL),
(1072, 134, 10, 4, 260.8, 1, NULL),
(1073, 135, 11, 3, 504, 1, NULL),
(1074, 135, 26, 4, 504, 2, NULL),
(1075, 135, 19, 3, 504, 2, NULL),
(1076, 135, 13, 3, 504, 2, NULL),
(1077, 135, 11, 3, 430, 1, '1'),
(1078, 135, 12, 3, 504, 1, NULL),
(1079, 135, 12, 3, 430, 1, '1'),
(1094, 138, 8, 4, 260.8, 1, NULL),
(1095, 138, 26, 4, 450, 2, NULL),
(1096, 138, 19, 3, 378, 2, NULL),
(1097, 138, 13, 3, 390.6, 2, NULL),
(1098, 138, 9, 4, 260.8, 1, NULL),
(1099, 138, 10, 4, 260.8, 1, NULL),
(1100, 138, 11, 3, 378, 1, NULL),
(1101, 138, 12, 3, 390.6, 1, NULL),
(1102, 139, 8, 4, 260.8, 1, NULL),
(1103, 139, 26, 6, 360, 2, NULL),
(1104, 139, 19, 5, 352.8, 2, NULL),
(1105, 139, 13, 5, 352.8, 2, NULL),
(1106, 139, 9, 4, 260.8, 1, NULL),
(1107, 139, 10, 4, 260.8, 1, NULL),
(1108, 139, 11, 3, 352.8, 1, NULL),
(1109, 139, 12, 3, 352.8, 1, NULL),
(1110, 140, 8, 4, 260.8, 1, NULL),
(1111, 140, 26, 4, 450, 2, NULL),
(1112, 140, 19, 3, 378, 2, NULL),
(1113, 140, 13, 3, 390.6, 2, NULL),
(1114, 140, 9, 4, 260.8, 1, NULL),
(1115, 140, 10, 4, 260.8, 1, NULL),
(1116, 140, 11, 3, 378, 1, NULL),
(1117, 140, 12, 3, 390.6, 1, NULL),
(1118, 141, 8, 4, 215.5, 1, NULL),
(1119, 141, 26, 4, 540, 2, NULL),
(1120, 141, 19, 3, 340.2, 2, NULL),
(1121, 141, 13, 3, 340.2, 2, NULL),
(1122, 141, 9, 4, 215.5, 1, NULL),
(1123, 141, 10, 4, 215.5, 1, NULL),
(1125, 141, 12, 3, 340.2, 1, NULL),
(1126, 142, 8, 4, 260.8, 1, NULL),
(1127, 142, 26, 5, 450, 2, NULL),
(1128, 142, 19, 5, 450, 2, NULL),
(1129, 142, 13, 5, 450, 2, NULL),
(1130, 142, 9, 4, 260.8, 1, NULL),
(1131, 142, 10, 4, 260.8, 1, NULL),
(1132, 143, 8, 4, 248.4, 1, NULL),
(1133, 143, 29, 2, 91.5, 2, NULL),
(1134, 143, 28, 6, 96, 2, NULL),
(1135, 143, 27, 6, 159, 2, NULL),
(1136, 143, 9, 4, 248.4, 1, NULL),
(1137, 143, 10, 4, 248.4, 1, NULL),
(1146, 145, 8, 4, 341.5, 1, NULL),
(1147, 145, 19, 5, 453.6, 2, NULL),
(1148, 145, 13, 5, 453.6, 2, NULL),
(1149, 145, 26, 5, 307, 2, NULL),
(1150, 145, 9, 4, 341.5, 1, NULL),
(1151, 145, 10, 4, 341.5, 1, NULL),
(1152, 145, 11, 3, 453.6, 1, NULL),
(1153, 145, 11, 3, 430, 1, '1'),
(1154, 145, 12, 3, 453.6, 1, NULL),
(1155, 145, 12, 3, 430, 1, '1'),
(1156, 146, 8, 4, 310.5, 1, NULL),
(1157, 146, 37, 1, 187.5, 2, NULL),
(1158, 146, 9, 4, 310.5, 1, NULL),
(1159, 146, 10, 4, 310.5, 1, NULL),
(1161, 146, 12, 3, 474.3, 1, NULL),
(1162, 146, 12, 3, 430, 1, '1'),
(1170, 148, 8, 4, 310.5, 1, NULL),
(1171, 148, 19, 5, 435, 2, NULL),
(1172, 148, 13, 5, 435, 2, NULL),
(1173, 148, 26, 5, 307, 2, NULL),
(1174, 148, 9, 4, 310.5, 1, NULL),
(1175, 148, 10, 4, 310.5, 1, NULL),
(1176, 148, 12, 3, 435, 1, NULL),
(1177, 149, 8, 4, 310.5, 1, NULL),
(1178, 149, 13, 5, 435, 2, NULL),
(1179, 149, 19, 5, 435, 2, NULL),
(1180, 149, 26, 5, 307, 2, NULL),
(1181, 149, 9, 4, 310.5, 1, NULL),
(1182, 149, 10, 4, 310.5, 1, NULL),
(1183, 149, 11, 3, 435, 1, NULL),
(1184, 149, 12, 3, 435, 1, NULL),
(1185, 150, 8, 4, 310.5, 1, NULL),
(1186, 150, 37, 1, 187.5, 2, NULL),
(1187, 150, 9, 4, 310.5, 1, NULL),
(1188, 150, 10, 4, 310.5, 1, NULL),
(1189, 150, 11, 3, 459, 1, NULL),
(1190, 150, 11, 3, 430, 1, '1'),
(1191, 150, 12, 3, 474.3, 1, NULL),
(1192, 150, 12, 3, 430, 1, '1'),
(1201, 152, 8, 4, 260.8, 1, NULL),
(1202, 152, 26, 5, 450, 2, NULL),
(1203, 152, 19, 5, 378, 2, NULL),
(1204, 152, 13, 5, 378, 2, NULL),
(1205, 152, 9, 4, 260.8, 1, NULL),
(1206, 152, 10, 4, 260.8, 1, NULL),
(1207, 152, 11, 3, 378, 1, NULL),
(1217, 154, 8, 4, 260.8, 1, NULL),
(1218, 154, 26, 5, 450, 2, NULL),
(1219, 154, 19, 5, 378, 2, NULL),
(1220, 154, 13, 5, 390.6, 2, NULL),
(1221, 154, 9, 4, 260.8, 1, NULL),
(1222, 154, 10, 4, 260.8, 1, NULL),
(1223, 154, 11, 3, 378, 1, NULL),
(1224, 154, 12, 3, 390.6, 1, NULL),
(1225, 155, 8, 4, 215.5, 1, NULL),
(1226, 155, 26, 5, 540, 2, NULL),
(1227, 155, 19, 5, 340.2, 2, NULL),
(1228, 155, 13, 5, 340.2, 2, NULL),
(1229, 155, 9, 4, 215.5, 1, NULL),
(1230, 155, 10, 4, 215.5, 1, NULL),
(1232, 155, 12, 3, 340.2, 1, NULL),
(1233, 156, 8, 4, 215.5, 1, NULL),
(1234, 156, 26, 5, 540, 2, NULL),
(1235, 156, 19, 5, 340.2, 2, NULL),
(1236, 156, 13, 5, 340.2, 2, NULL),
(1237, 156, 9, 4, 215.5, 1, NULL),
(1238, 156, 10, 4, 215.5, 1, NULL),
(1240, 156, 12, 3, 340.2, 1, NULL),
(1241, 157, 8, 4, 260.8, 1, NULL),
(1242, 157, 26, 5, 450, 2, NULL),
(1243, 157, 19, 5, 378, 2, NULL),
(1244, 157, 13, 5, 390.6, 2, NULL),
(1245, 157, 9, 4, 260.8, 1, NULL),
(1246, 157, 10, 4, 260.8, 1, NULL),
(1247, 157, 11, 3, 378, 1, NULL),
(1248, 157, 12, 3, 390.6, 1, NULL),
(1249, 158, 8, 4, 310.5, 1, NULL),
(1250, 158, 37, 1, 187.5, 2, NULL),
(1251, 158, 9, 4, 310.5, 1, NULL),
(1252, 158, 10, 4, 310.5, 1, NULL),
(1253, 158, 11, 3, 459, 1, NULL),
(1254, 158, 11, 3, 430, 1, '1'),
(1255, 158, 12, 3, 474.3, 1, NULL),
(1256, 158, 12, 3, 430, 1, '1'),
(1257, 159, 8, 4, 330, 1, NULL),
(1258, 159, 37, 1, 187.5, 2, NULL),
(1259, 159, 9, 4, 330, 1, NULL),
(1260, 159, 10, 4, 330, 1, NULL),
(1261, 159, 12, 3, 511.5, 1, NULL),
(1262, 159, 12, 3, 430, 1, '1'),
(1263, 160, 8, 4, 330, 1, NULL),
(1264, 160, 37, 1, 187.5, 2, NULL),
(1265, 160, 9, 4, 330, 1, NULL),
(1266, 160, 10, 4, 330, 1, NULL),
(1267, 160, 12, 3, 511.5, 1, NULL),
(1268, 160, 12, 3, 430, 1, '1'),
(1269, 160, 11, 3, 430, 1, '1'),
(1270, 161, 8, 4, 310.5, 1, NULL),
(1271, 161, 37, 1, 187.5, 2, NULL),
(1272, 161, 9, 4, 310.5, 1, NULL),
(1273, 161, 10, 4, 310.5, 1, NULL),
(1274, 161, 11, 3, 459, 1, NULL),
(1275, 161, 11, 3, 430, 1, '1'),
(1276, 161, 12, 3, 474.3, 1, NULL),
(1277, 161, 12, 3, 430, 1, '1'),
(1278, 162, 8, 4, 341.5, 1, NULL),
(1279, 162, 19, 4, 453.6, 2, NULL),
(1280, 162, 13, 4, 453.6, 2, NULL),
(1281, 162, 26, 5, 307, 2, NULL),
(1282, 162, 9, 4, 341.5, 1, NULL),
(1283, 162, 10, 4, 341.5, 1, NULL),
(1284, 162, 11, 3, 453.6, 1, NULL),
(1285, 162, 11, 3, 430, 1, '1'),
(1286, 162, 12, 3, 453.6, 1, NULL),
(1287, 162, 12, 3, 430, 1, '1'),
(1288, 163, 8, 4, 260.8, 1, NULL),
(1289, 163, 26, 4, 450, 2, NULL),
(1290, 163, 19, 4, 378, 2, NULL),
(1291, 163, 13, 4, 390.6, 2, NULL),
(1292, 163, 9, 4, 260.8, 1, NULL),
(1293, 163, 10, 4, 260.8, 1, NULL),
(1294, 163, 11, 3, 378, 1, NULL),
(1295, 163, 12, 3, 390.6, 1, NULL),
(1296, 164, 8, 4, 310.5, 1, NULL),
(1297, 164, 37, 1, 187.5, 2, NULL),
(1298, 164, 9, 4, 310.5, 1, NULL),
(1299, 164, 10, 4, 310.5, 1, NULL),
(1300, 164, 11, 3, 459, 1, NULL),
(1301, 164, 11, 3, 430, 1, '1'),
(1302, 164, 12, 3, 474.3, 1, NULL),
(1303, 164, 12, 3, 430, 1, '1'),
(1304, 165, 8, 4, 310.5, 1, NULL),
(1305, 165, 37, 1, 187.5, 2, NULL),
(1306, 165, 9, 4, 310.5, 1, NULL),
(1307, 165, 10, 4, 310.5, 1, NULL),
(1308, 165, 11, 3, 459, 1, NULL),
(1309, 165, 11, 3, 430, 1, '1'),
(1310, 165, 12, 3, 474.3, 1, NULL),
(1311, 165, 12, 3, 430, 1, '1'),
(1312, 166, 8, 4, 310.5, 1, NULL),
(1313, 166, 37, 1, 187.5, 2, NULL),
(1314, 166, 9, 4, 310.5, 1, NULL),
(1315, 166, 10, 4, 310.5, 1, NULL),
(1316, 166, 11, 3, 459, 1, NULL),
(1317, 166, 11, 3, 430, 1, '1'),
(1318, 166, 12, 3, 474.3, 1, NULL),
(1319, 166, 12, 3, 430, 1, '1'),
(1320, 167, 8, 4, 279.3, 1, NULL),
(1321, 167, 37, 1, 187.5, 2, NULL),
(1322, 167, 9, 4, 279.3, 1, NULL),
(1323, 167, 10, 4, 279.3, 1, NULL),
(1324, 167, 12, 3, 437.4, 1, NULL),
(1325, 167, 12, 3, 430, 1, '1'),
(1327, 168, 8, 4, 279.3, 1, NULL),
(1328, 168, 37, 1, 187.5, 2, NULL),
(1329, 168, 9, 4, 279.3, 1, NULL),
(1330, 168, 10, 4, 279.3, 1, NULL),
(1331, 168, 12, 3, 437.4, 1, NULL),
(1332, 168, 12, 3, 430, 1, '1'),
(1334, 169, 8, 4, 256.2, 1, NULL),
(1335, 169, 37, 1, 187.5, 2, NULL),
(1336, 169, 9, 4, 256.2, 1, NULL),
(1337, 169, 10, 4, 256.2, 1, NULL),
(1339, 169, 12, 3, 413.1, 1, NULL),
(1341, 170, 8, 4, 310.5, 1, NULL),
(1342, 170, 37, 1, 187.5, 2, NULL),
(1343, 170, 9, 4, 310.5, 1, NULL),
(1344, 170, 10, 4, 310.5, 1, NULL),
(1345, 170, 11, 3, 459, 1, NULL),
(1346, 170, 11, 3, 430, 1, '1'),
(1347, 170, 12, 3, 474.3, 1, NULL),
(1348, 170, 12, 3, 430, 1, '1'),
(1349, 171, 8, 4, 310.5, 1, NULL),
(1350, 171, 37, 1, 187.5, 2, NULL),
(1351, 171, 9, 4, 310.5, 1, NULL),
(1352, 171, 10, 4, 310.5, 1, NULL),
(1353, 171, 11, 3, 459, 1, NULL),
(1354, 171, 11, 3, 430, 1, '1'),
(1355, 171, 12, 3, 474.3, 1, NULL),
(1356, 171, 12, 3, 430, 1, '1'),
(1357, 172, 8, 4, 256.2, 1, NULL),
(1358, 172, 37, 1, 187.5, 2, NULL),
(1359, 172, 9, 4, 256.2, 1, NULL),
(1360, 172, 10, 4, 256.2, 1, NULL),
(1362, 172, 12, 3, 413.1, 1, NULL),
(1364, 173, 8, 4, 310.5, 1, NULL),
(1365, 173, 13, 4, 435, 2, NULL),
(1366, 173, 19, 4, 435, 2, NULL),
(1367, 173, 26, 5, 307, 2, NULL),
(1368, 173, 9, 4, 310.5, 1, NULL),
(1369, 173, 10, 4, 310.5, 1, NULL),
(1370, 173, 11, 3, 435, 1, NULL),
(1371, 173, 12, 3, 435, 1, NULL),
(1372, 174, 8, 4, 260.8, 1, NULL),
(1373, 174, 26, 5, 450, 2, NULL),
(1374, 174, 19, 4, 378, 2, NULL),
(1375, 174, 13, 4, 390.6, 2, NULL),
(1376, 174, 9, 4, 260.8, 1, NULL),
(1377, 174, 10, 4, 260.8, 1, NULL),
(1378, 174, 11, 3, 378, 1, NULL),
(1379, 174, 12, 3, 390.6, 1, NULL),
(1380, 175, 8, 4, 260.8, 1, NULL),
(1381, 175, 26, 5, 450, 2, NULL),
(1382, 175, 19, 4, 378, 2, NULL),
(1383, 175, 13, 4, 390.6, 2, NULL),
(1384, 175, 9, 4, 260.8, 1, NULL),
(1385, 175, 10, 4, 260.8, 1, NULL),
(1386, 175, 11, 3, 378, 1, NULL),
(1387, 175, 12, 3, 390.6, 1, NULL),
(1388, 176, 8, 4, 260.8, 1, NULL),
(1389, 176, 26, 5, 450, 2, NULL),
(1390, 176, 19, 4, 378, 2, NULL),
(1391, 176, 13, 4, 390.6, 2, NULL),
(1392, 176, 9, 4, 260.8, 1, NULL),
(1393, 176, 10, 4, 260.8, 1, NULL),
(1394, 176, 11, 3, 378, 1, NULL),
(1395, 176, 12, 3, 390.6, 1, NULL),
(1402, 179, 32, 3, 230, 2, NULL),
(1405, 180, 32, 3, 230, 2, NULL),
(1410, 182, 32, 3, 230, 2, NULL),
(1415, 184, 32, 3, 230, 2, NULL),
(1418, 186, 8, 4, 310.5, 1, NULL),
(1419, 186, 37, 1, 187.5, 2, NULL),
(1420, 186, 9, 4, 310.5, 1, NULL),
(1421, 186, 10, 4, 310.5, 1, NULL),
(1422, 186, 11, 3, 459, 1, NULL),
(1423, 186, 11, 3, 430, 1, '1'),
(1426, 187, 8, 4, 330, 1, NULL),
(1427, 187, 37, 1, 187.5, 2, NULL),
(1428, 187, 9, 4, 330, 1, NULL),
(1429, 187, 10, 4, 330, 1, NULL),
(1430, 187, 12, 3, 511.5, 1, NULL),
(1431, 187, 12, 3, 430, 1, '1'),
(1432, 188, 8, 4, 330, 1, NULL),
(1433, 188, 37, 1, 187.5, 2, NULL),
(1434, 188, 9, 4, 330, 1, NULL),
(1435, 188, 10, 4, 330, 1, NULL),
(1436, 188, 12, 3, 511.5, 1, NULL),
(1437, 188, 12, 3, 430, 1, '1'),
(1438, 188, 11, 3, 495, 1, NULL),
(1439, 189, 8, 4, 310.5, 1, NULL),
(1440, 189, 37, 1, 187.5, 2, NULL),
(1441, 189, 9, 4, 310.5, 1, NULL),
(1442, 189, 10, 4, 310.5, 1, NULL),
(1443, 189, 11, 3, 459, 1, NULL),
(1444, 189, 11, 3, 430, 1, '1'),
(1445, 189, 12, 3, 474.3, 1, NULL),
(1446, 189, 12, 3, 430, 1, '1'),
(1447, 190, 8, 4, 279.3, 1, NULL),
(1448, 190, 37, 1, 187.5, 2, NULL),
(1449, 190, 9, 4, 279.3, 1, NULL),
(1450, 190, 10, 4, 279.3, 1, NULL),
(1451, 190, 12, 3, 437.4, 1, NULL),
(1452, 190, 12, 3, 430, 1, '1'),
(1454, 191, 8, 4, 256.2, 1, NULL),
(1455, 191, 37, 1, 187.5, 2, NULL),
(1456, 191, 9, 4, 256.2, 1, NULL),
(1457, 191, 10, 4, 256.2, 1, NULL),
(1459, 191, 12, 3, 413.1, 1, NULL),
(1461, 192, 8, 4, 310.5, 1, NULL),
(1462, 192, 37, 1, 187.5, 2, NULL),
(1463, 192, 9, 4, 310.5, 1, NULL),
(1464, 192, 10, 4, 310.5, 1, NULL),
(1465, 192, 11, 3, 459, 1, NULL),
(1466, 192, 11, 3, 430, 1, '1'),
(1467, 192, 12, 3, 474.3, 1, NULL),
(1468, 192, 12, 3, 430, 1, '1'),
(1479, 198, 8, 4, 310.5, 1, NULL),
(1480, 198, 37, 1, 187.5, 2, NULL),
(1481, 198, 9, 4, 310.5, 1, NULL),
(1482, 198, 10, 4, 310.5, 1, NULL),
(1483, 198, 11, 3, 459, 1, NULL),
(1484, 198, 11, 3, 430, 1, '1'),
(1487, 199, 8, 4, 260.8, 1, NULL),
(1488, 199, 26, 4, 450, 2, NULL),
(1489, 199, 19, 3, 378, 2, NULL),
(1490, 199, 13, 3, 378, 2, NULL),
(1491, 199, 9, 4, 260.8, 1, NULL),
(1492, 199, 10, 4, 260.8, 1, NULL),
(1493, 199, 11, 3, 378, 1, NULL),
(1503, 201, 8, 4, 260.8, 1, NULL),
(1504, 201, 26, 4, 450, 2, NULL),
(1505, 201, 19, 3, 450, 2, NULL),
(1506, 201, 13, 3, 450, 2, NULL),
(1507, 201, 9, 4, 260.8, 1, NULL),
(1508, 201, 10, 4, 260.8, 1, NULL),
(1509, 202, 8, 4, 310.5, 1, NULL),
(1510, 202, 37, 1, 187.5, 2, NULL),
(1511, 202, 9, 4, 310.5, 1, NULL),
(1512, 202, 10, 4, 310.5, 1, NULL),
(1513, 202, 11, 3, 459, 1, NULL),
(1514, 202, 11, 3, 430, 1, '1'),
(1515, 202, 12, 3, 474.3, 1, NULL),
(1516, 202, 12, 3, 430, 1, '1'),
(1517, 203, 8, 4, 260.8, 1, NULL),
(1518, 203, 26, 4, 450, 2, NULL),
(1519, 203, 19, 3, 378, 2, NULL),
(1520, 203, 13, 3, 390.6, 2, NULL),
(1521, 203, 9, 4, 260.8, 1, NULL),
(1522, 203, 10, 4, 260.8, 1, NULL),
(1523, 203, 11, 3, 378, 1, NULL),
(1524, 203, 12, 3, 390.6, 1, NULL),
(1525, 204, 8, 4, 215.5, 1, NULL),
(1526, 204, 26, 4, 540, 2, NULL),
(1527, 204, 19, 3, 340.2, 2, NULL),
(1528, 204, 13, 3, 340.2, 2, NULL),
(1529, 204, 9, 4, 215.5, 1, NULL),
(1530, 204, 10, 4, 215.5, 1, NULL),
(1532, 204, 12, 3, 340.2, 1, NULL),
(1533, 205, 8, 4, 215.5, 1, NULL),
(1534, 205, 26, 4, 540, 2, NULL),
(1535, 205, 19, 3, 340.2, 2, NULL),
(1536, 205, 13, 3, 340.2, 2, NULL),
(1537, 205, 9, 4, 215.5, 1, NULL),
(1538, 205, 10, 4, 215.5, 1, NULL),
(1540, 205, 12, 3, 340.2, 1, NULL),
(1541, 206, 8, 4, 285.6, 1, NULL),
(1542, 206, 26, 4, 540, 2, NULL),
(1543, 206, 19, 3, 414, 2, NULL),
(1544, 206, 13, 3, 427.8, 2, NULL),
(1545, 206, 9, 4, 285.6, 1, NULL),
(1546, 206, 10, 4, 285.6, 1, NULL),
(1547, 206, 11, 3, 414, 1, NULL),
(1548, 206, 12, 3, 427.8, 1, NULL),
(1549, 207, 11, 3, 453.6, 1, NULL),
(1550, 207, 19, 3, 453.6, 2, NULL),
(1551, 207, 13, 3, 453.6, 2, NULL),
(1552, 207, 26, 4, 307, 2, NULL),
(1553, 207, 11, 3, 430, 1, '1'),
(1554, 207, 8, 4, 341.5, 1, NULL),
(1555, 207, 9, 4, 341.5, 1, NULL),
(1556, 207, 10, 4, 341.5, 1, NULL),
(1557, 207, 12, 3, 453.6, 1, NULL),
(1558, 207, 12, 3, 430, 1, '1'),
(1559, 208, 8, 4, 285.6, 1, NULL),
(1560, 208, 26, 4, 540, 2, NULL),
(1561, 208, 19, 3, 414, 2, NULL),
(1562, 208, 13, 3, 427.8, 2, NULL),
(1563, 208, 9, 4, 285.6, 1, NULL),
(1564, 208, 10, 4, 285.6, 1, NULL),
(1565, 208, 11, 3, 414, 1, NULL),
(1566, 208, 12, 3, 427.8, 1, NULL),
(1568, 209, 28, 4, 148, 2, NULL),
(1570, 209, 11, 3, 459, 1, NULL),
(1571, 209, 11, 3, 430, 1, '1'),
(1572, 210, 8, 4, 330, 1, NULL),
(1574, 210, 23, 4, 180, 2, NULL),
(1575, 210, 21, 4, 226, 2, NULL),
(1576, 210, 22, 4, 181.5, 2, NULL),
(1577, 210, 16, 4, 511.5, 2, NULL),
(1578, 210, 9, 4, 330, 1, NULL),
(1579, 210, 10, 4, 330, 1, NULL),
(1580, 210, 12, 3, 511.5, 1, NULL),
(1581, 210, 12, 3, 430, 1, '1'),
(1598, 213, 8, 4, 330, 1, NULL),
(1600, 213, 21, 4, 226, 2, NULL),
(1601, 213, 23, 4, 180, 2, NULL),
(1602, 213, 22, 4, 181.5, 2, NULL),
(1603, 213, 16, 4, 511.5, 2, NULL),
(1604, 213, 9, 4, 330, 1, NULL),
(1605, 213, 10, 4, 330, 1, NULL),
(1606, 213, 12, 3, 511.5, 1, NULL),
(1607, 213, 12, 3, 430, 1, '1'),
(1608, 213, 11, 3, 495, 1, NULL),
(1609, 213, 11, 3, 430, 1, '1'),
(1610, 214, 8, 4, 260.8, 1, NULL),
(1611, 214, 26, 3, 450, 2, NULL),
(1612, 214, 19, 3, 450, 2, NULL),
(1613, 214, 13, 3, 450, 2, NULL),
(1614, 214, 9, 4, 260.8, 1, NULL),
(1615, 214, 10, 4, 260.8, 1, NULL),
(1616, 215, 8, 4, 260.8, 1, NULL),
(1617, 215, 26, 3, 450, 2, NULL),
(1618, 215, 19, 3, 450, 2, NULL),
(1619, 215, 13, 3, 450, 2, NULL),
(1620, 215, 9, 4, 260.8, 1, NULL),
(1621, 215, 10, 4, 260.8, 1, NULL),
(1622, 216, 8, 4, 279.3, 1, NULL),
(1624, 216, 21, 4, 226, 2, NULL),
(1625, 216, 23, 4, 180, 2, NULL),
(1626, 216, 22, 4, 181.5, 2, NULL),
(1627, 216, 16, 4, 437.4, 2, NULL),
(1628, 216, 9, 4, 279.3, 1, NULL),
(1629, 216, 10, 4, 279.3, 1, NULL),
(1630, 216, 12, 3, 437.4, 1, NULL),
(1631, 216, 12, 3, 430, 1, '1'),
(1633, 217, 8, 4, 260.8, 1, NULL),
(1634, 217, 29, 2, 97.9, 2, NULL),
(1635, 217, 26, 3, 406, 2, NULL),
(1636, 217, 19, 3, 406, 2, NULL),
(1637, 217, 13, 3, 406, 2, NULL),
(1638, 217, 9, 4, 260.8, 1, NULL),
(1639, 217, 10, 4, 260.8, 1, NULL),
(1640, 218, 12, 3, 474.3, 1, NULL),
(1641, 218, 28, 4, 148, 2, NULL),
(1642, 218, 12, 3, 430, 1, '1'),
(1643, 218, 11, 3, 459, 1, NULL),
(1644, 218, 11, 3, 430, 1, '1'),
(1645, 219, 8, 4, 248.4, 1, NULL),
(1646, 219, 29, 2, 97.9, 2, NULL),
(1647, 219, 28, 6, 96, 2, NULL),
(1648, 219, 27, 6, 159, 2, NULL),
(1649, 219, 9, 4, 248.4, 1, NULL),
(1650, 219, 10, 4, 248.4, 1, NULL),
(1651, 220, 12, 3, 474.3, 1, NULL),
(1652, 220, 28, 4, 148, 2, NULL),
(1653, 220, 12, 3, 430, 1, '1'),
(1654, 220, 11, 3, 459, 1, NULL),
(1655, 220, 11, 3, 430, 1, '1'),
(1656, 221, 8, 4, 287.2, 1, NULL),
(1657, 221, 28, 4, 148, 2, NULL),
(1658, 221, 9, 4, 287.2, 1, NULL),
(1659, 221, 10, 4, 287.2, 1, NULL),
(1661, 221, 12, 3, 453.6, 1, NULL),
(1663, 222, 8, 4, 287.2, 1, NULL),
(1664, 222, 28, 4, 148, 2, NULL),
(1665, 222, 9, 4, 287.2, 1, NULL),
(1666, 222, 10, 4, 287.2, 1, NULL),
(1668, 222, 12, 3, 453.6, 1, NULL),
(1686, 225, 8, 4, 341.5, 1, NULL),
(1687, 225, 19, 3, 435.6, 2, NULL),
(1688, 225, 13, 3, 453.6, 2, NULL),
(1689, 225, 26, 3, 307, 2, NULL),
(1690, 225, 9, 4, 341.5, 1, NULL),
(1691, 225, 10, 4, 341.5, 1, NULL),
(1692, 225, 11, 3, 453.6, 1, NULL),
(1693, 225, 11, 3, 430, 1, '1'),
(1694, 225, 12, 3, 453.6, 1, NULL),
(1695, 225, 12, 3, 430, 1, '1'),
(1696, 226, 8, 4, 341.5, 1, NULL),
(1697, 226, 19, 3, 453.6, 2, NULL),
(1698, 226, 13, 3, 453.6, 2, NULL),
(1699, 226, 26, 3, 307, 2, NULL),
(1700, 226, 9, 4, 341.5, 1, NULL),
(1701, 226, 10, 4, 341.5, 1, NULL),
(1702, 226, 11, 3, 453.6, 1, NULL),
(1703, 226, 11, 3, 430, 1, '1'),
(1704, 226, 12, 3, 453.6, 1, NULL),
(1705, 226, 12, 3, 430, 1, '1'),
(1706, 227, 8, 4, 260.8, 1, NULL),
(1707, 227, 26, 3, 450, 2, NULL),
(1708, 227, 19, 3, 378, 2, NULL),
(1709, 227, 13, 3, 390.6, 2, NULL),
(1710, 227, 9, 4, 260.8, 1, NULL),
(1711, 227, 10, 4, 260.8, 1, NULL),
(1712, 227, 11, 3, 378, 1, NULL),
(1713, 227, 12, 3, 390.6, 1, NULL),
(1714, 228, 8, 4, 260.8, 1, NULL),
(1715, 228, 26, 3, 450, 2, NULL),
(1716, 228, 19, 3, 378, 2, NULL),
(1717, 228, 13, 3, 390.6, 2, NULL),
(1718, 228, 9, 4, 260.8, 1, NULL),
(1719, 228, 10, 4, 260.8, 1, NULL),
(1720, 228, 11, 3, 378, 1, NULL),
(1721, 228, 12, 3, 390.6, 1, NULL),
(1722, 229, 8, 4, 277, 1, NULL),
(1723, 229, 22, 4, 181.5, 2, NULL),
(1724, 229, 16, 4, 437.4, 2, NULL),
(1725, 229, 13, 3, 360, 2, NULL),
(1726, 229, 19, 3, 360, 2, NULL),
(1727, 229, 26, 4, 360, 2, NULL),
(1728, 229, 21, 4, 226, 2, NULL),
(1729, 229, 9, 4, 277, 1, NULL),
(1730, 229, 10, 4, 277, 1, NULL),
(1731, 230, 8, 4, 277, 1, NULL),
(1732, 230, 22, 4, 181.5, 2, NULL),
(1733, 230, 16, 4, 437.4, 2, NULL),
(1734, 230, 13, 3, 360, 2, NULL),
(1735, 230, 19, 3, 360, 2, NULL),
(1736, 230, 26, 4, 360, 2, NULL),
(1737, 230, 21, 4, 226, 2, NULL),
(1738, 230, 9, 4, 277, 1, NULL),
(1739, 230, 10, 4, 277, 1, NULL),
(1740, 231, 8, 4, 282, 1, NULL),
(1743, 231, 23, 4, 180, 2, NULL),
(1744, 231, 21, 4, 226, 2, NULL),
(1745, 231, 22, 4, 181.5, 2, NULL),
(1746, 231, 16, 4, 511.5, 2, NULL),
(1747, 231, 9, 4, 282, 1, NULL),
(1748, 231, 10, 4, 282, 1, NULL),
(1749, 232, 8, 4, 230.8, 1, NULL),
(1754, 232, 9, 4, 230.8, 1, NULL),
(1755, 233, 8, 4, 260.8, 1, NULL),
(1757, 233, 26, 3, 406, 2, NULL),
(1758, 233, 19, 3, 406, 2, NULL),
(1759, 233, 13, 3, 406, 2, NULL),
(1760, 233, 9, 4, 260.8, 1, NULL),
(1761, 233, 10, 4, 260.8, 1, NULL),
(1762, 234, 8, 4, 225.7, 1, NULL),
(1763, 234, 29, 3, 165, 2, NULL),
(1764, 234, 37, 1, 240, 2, NULL),
(1765, 234, 28, 6, 108, 2, NULL),
(1766, 234, 27, 6, 175, 2, NULL),
(1767, 234, 9, 4, 225.7, 1, NULL),
(1768, 235, 36, 5, 155.4, 2, NULL),
(1769, 236, 7, 4, 206.4, 1, NULL),
(1770, 236, 19, 9, 255.9, 2, NULL),
(1771, 236, 13, 9, 255.9, 2, NULL),
(1772, 244, 8, 4, 230.8, 1, NULL),
(1777, 244, 9, 4, 230.8, 1, NULL),
(1779, 245, 28, 4, 148, 2, NULL),
(1781, 245, 11, 3, 459, 1, NULL),
(1782, 245, 11, 3, 430, 1, '1'),
(1783, 246, 8, 4, 330, 1, NULL),
(1785, 246, 23, 4, 180, 2, NULL),
(1786, 246, 21, 4, 226, 2, NULL),
(1787, 246, 22, 4, 181.5, 2, NULL),
(1788, 246, 16, 4, 511.5, 2, NULL),
(1789, 246, 9, 4, 330, 1, NULL),
(1790, 246, 10, 4, 330, 1, NULL),
(1791, 246, 12, 3, 511.5, 1, NULL),
(1792, 246, 12, 3, 430, 1, '1'),
(1809, 249, 8, 4, 330, 1, NULL),
(1811, 249, 21, 4, 226, 2, NULL),
(1812, 249, 23, 4, 180, 2, NULL),
(1813, 249, 22, 4, 181.5, 2, NULL),
(1814, 249, 16, 4, 511.5, 2, NULL),
(1815, 249, 9, 4, 330, 1, NULL),
(1816, 249, 10, 4, 330, 1, NULL),
(1817, 249, 12, 3, 511.5, 1, NULL),
(1818, 249, 12, 3, 430, 1, '1'),
(1819, 249, 11, 3, 495, 1, NULL),
(1820, 249, 11, 3, 430, 1, '1'),
(1821, 250, 8, 4, 260.8, 1, NULL),
(1822, 250, 26, 3, 450, 2, NULL),
(1823, 250, 19, 3, 450, 2, NULL),
(1824, 250, 13, 3, 450, 2, NULL),
(1825, 250, 9, 4, 260.8, 1, NULL),
(1826, 250, 10, 4, 260.8, 1, NULL),
(1827, 251, 8, 4, 260.8, 1, NULL),
(1828, 251, 26, 3, 450, 2, NULL),
(1829, 251, 19, 3, 450, 2, NULL),
(1830, 251, 13, 3, 450, 2, NULL),
(1831, 251, 9, 4, 260.8, 1, NULL);
INSERT INTO `products_slots` (`product_slot_id`, `product_id`, `line_id`, `people_count`, `perfomance`, `type_id`, `hardware`) VALUES
(1832, 251, 10, 4, 260.8, 1, NULL),
(1833, 252, 8, 4, 279.3, 1, NULL),
(1835, 252, 21, 4, 226, 2, NULL),
(1836, 252, 23, 4, 180, 2, NULL),
(1837, 252, 22, 4, 181.5, 2, NULL),
(1838, 252, 16, 4, 437.4, 2, NULL),
(1839, 252, 9, 4, 279.3, 1, NULL),
(1840, 252, 10, 4, 279.3, 1, NULL),
(1841, 252, 12, 3, 437.4, 1, NULL),
(1842, 252, 12, 3, 430, 1, '1'),
(1844, 253, 8, 4, 260.8, 1, NULL),
(1845, 253, 29, 2, 97.9, 2, NULL),
(1846, 253, 26, 3, 406, 2, NULL),
(1847, 253, 19, 3, 406, 2, NULL),
(1848, 253, 13, 3, 406, 2, NULL),
(1849, 253, 9, 4, 260.8, 1, NULL),
(1850, 253, 10, 4, 260.8, 1, NULL),
(1851, 254, 8, 4, 260.8, 1, NULL),
(1852, 254, 29, 2, 97.9, 2, NULL),
(1853, 254, 26, 3, 406, 2, NULL),
(1854, 254, 19, 3, 406, 2, NULL),
(1855, 254, 13, 3, 406, 2, NULL),
(1856, 254, 9, 4, 260.8, 1, NULL),
(1857, 254, 10, 4, 260.8, 1, NULL),
(1858, 255, 12, 3, 474.3, 1, NULL),
(1859, 255, 28, 4, 148, 2, NULL),
(1860, 255, 12, 3, 430, 1, '1'),
(1861, 255, 11, 3, 459, 1, NULL),
(1862, 255, 11, 3, 430, 1, '1'),
(1863, 256, 8, 4, 248.4, 1, NULL),
(1864, 256, 29, 2, 97.9, 2, NULL),
(1865, 256, 28, 6, 96, 2, NULL),
(1866, 256, 27, 6, 159, 2, NULL),
(1867, 256, 9, 4, 248.4, 1, NULL),
(1868, 256, 10, 4, 248.4, 1, NULL),
(1869, 257, 8, 4, 285.7, 1, NULL),
(1872, 257, 9, 4, 285.7, 1, NULL),
(1873, 257, 10, 4, 285.7, 1, NULL),
(1874, 257, 11, 3, 513, 1, NULL),
(1875, 257, 11, 3, 430, 1, '1'),
(1878, 258, 12, 3, 474.3, 1, NULL),
(1879, 258, 28, 4, 148, 2, NULL),
(1880, 258, 12, 3, 430, 1, '1'),
(1881, 258, 11, 3, 459, 1, NULL),
(1882, 258, 11, 3, 430, 1, '1'),
(1883, 259, 8, 4, 285.7, 1, NULL),
(1884, 259, 29, 2, 195, 2, NULL),
(1885, 259, 37, 1, 150, 2, NULL),
(1886, 259, 9, 4, 285.7, 1, NULL),
(1887, 259, 10, 4, 285.7, 1, NULL),
(1888, 259, 11, 3, 513, 1, NULL),
(1889, 259, 11, 3, 430, 1, '1'),
(1890, 259, 12, 3, 530.1, 1, NULL),
(1891, 259, 12, 3, 430, 1, '1'),
(1892, 260, 8, 4, 287.2, 1, NULL),
(1893, 260, 28, 4, 148, 2, NULL),
(1894, 260, 9, 4, 287.2, 1, NULL),
(1895, 260, 10, 4, 287.2, 1, NULL),
(1897, 260, 12, 3, 453.6, 1, NULL),
(1899, 261, 8, 4, 287.2, 1, NULL),
(1900, 261, 28, 4, 148, 2, NULL),
(1901, 261, 9, 4, 287.2, 1, NULL),
(1902, 261, 10, 4, 287.2, 1, NULL),
(1904, 261, 12, 3, 453.6, 1, NULL),
(1906, 262, 8, 4, 225.7, 1, NULL),
(1907, 262, 29, 2, 195, 2, NULL),
(1908, 262, 37, 1, 150, 2, NULL),
(1909, 262, 9, 4, 225.7, 1, NULL),
(1910, 262, 10, 4, 225.7, 1, NULL),
(1911, 262, 12, 3, 461.7, 1, NULL),
(1912, 262, 12, 3, 430, 1, '1'),
(1930, 265, 8, 4, 341.5, 1, NULL),
(1931, 265, 19, 3, 453.6, 2, NULL),
(1932, 265, 13, 3, 453.6, 2, NULL),
(1933, 265, 26, 3, 307, 2, NULL),
(1934, 265, 9, 4, 341.5, 1, NULL),
(1935, 265, 10, 4, 341.5, 1, NULL),
(1936, 265, 11, 3, 453.6, 1, NULL),
(1937, 265, 11, 3, 430, 1, '1'),
(1938, 265, 12, 3, 453.6, 1, NULL),
(1939, 265, 12, 3, 430, 1, '1'),
(1940, 266, 8, 4, 341.5, 1, NULL),
(1941, 266, 19, 3, 453.6, 2, NULL),
(1942, 266, 13, 3, 453.6, 2, NULL),
(1943, 266, 26, 3, 307, 2, NULL),
(1944, 266, 9, 4, 341.5, 1, NULL),
(1945, 266, 10, 4, 341.5, 1, NULL),
(1946, 266, 11, 3, 453.6, 1, NULL),
(1947, 266, 11, 3, 430, 1, '1'),
(1948, 266, 12, 3, 453.6, 1, NULL),
(1949, 266, 12, 3, 430, 1, '1'),
(1950, 267, 8, 4, 341.5, 1, NULL),
(1951, 267, 19, 3, 453.6, 2, NULL),
(1952, 267, 13, 3, 453.6, 2, NULL),
(1953, 267, 26, 3, 307, 2, NULL),
(1954, 267, 9, 4, 341.5, 1, NULL),
(1955, 267, 10, 4, 341.5, 1, NULL),
(1956, 267, 11, 3, 453.6, 1, NULL),
(1957, 267, 11, 3, 430, 1, '1'),
(1958, 267, 12, 3, 453.6, 1, NULL),
(1959, 267, 12, 3, 430, 1, '1'),
(1960, 268, 8, 4, 260.8, 1, NULL),
(1961, 268, 26, 3, 450, 2, NULL),
(1962, 268, 19, 3, 378, 2, NULL),
(1963, 268, 13, 3, 390.6, 2, NULL),
(1964, 268, 9, 4, 260.8, 1, NULL),
(1965, 268, 10, 4, 260.8, 1, NULL),
(1966, 268, 11, 3, 378, 1, NULL),
(1967, 268, 12, 3, 390.6, 1, NULL),
(1968, 269, 8, 4, 260.8, 1, NULL),
(1969, 269, 26, 3, 450, 2, NULL),
(1970, 269, 19, 3, 378, 2, NULL),
(1971, 269, 13, 3, 390.6, 2, NULL),
(1972, 269, 9, 4, 260.8, 1, NULL),
(1973, 269, 10, 4, 260.8, 1, NULL),
(1974, 269, 11, 3, 378, 1, NULL),
(1975, 269, 12, 3, 390.6, 1, NULL),
(1976, 270, 8, 4, 277, 1, NULL),
(1977, 270, 22, 4, 181.5, 2, NULL),
(1978, 270, 16, 4, 437.4, 2, NULL),
(1979, 270, 13, 3, 360, 2, NULL),
(1980, 270, 19, 3, 360, 2, NULL),
(1981, 270, 26, 4, 360, 2, NULL),
(1982, 270, 21, 4, 226, 2, NULL),
(1983, 270, 9, 4, 277, 1, NULL),
(1984, 270, 10, 4, 277, 1, NULL),
(1985, 271, 8, 4, 277, 1, NULL),
(1986, 271, 22, 4, 181.5, 2, NULL),
(1987, 271, 16, 4, 437.4, 2, NULL),
(1988, 271, 13, 3, 360, 2, NULL),
(1989, 271, 19, 3, 360, 2, NULL),
(1990, 271, 26, 4, 360, 2, NULL),
(1991, 271, 21, 4, 226, 2, NULL),
(1992, 271, 9, 4, 277, 1, NULL),
(1993, 271, 10, 4, 277, 1, NULL),
(1994, 272, 8, 4, 282, 1, NULL),
(1997, 272, 23, 4, 180, 2, NULL),
(1998, 272, 21, 4, 226, 2, NULL),
(1999, 272, 22, 4, 181.5, 2, NULL),
(2000, 272, 16, 4, 511.5, 2, NULL),
(2001, 272, 9, 4, 282, 1, NULL),
(2002, 272, 10, 4, 282, 1, NULL),
(2003, 273, 8, 4, 225.7, 1, NULL),
(2004, 273, 29, 3, 165, 2, NULL),
(2005, 273, 37, 1, 240, 2, NULL),
(2006, 273, 28, 6, 108, 2, NULL),
(2007, 273, 27, 6, 175, 2, NULL),
(2008, 273, 9, 4, 225.7, 1, NULL),
(2009, 274, 36, 5, 155.4, 2, NULL),
(2010, 275, 7, 4, 206.4, 1, NULL),
(2011, 275, 19, 9, 255.9, 2, NULL),
(2012, 275, 13, 9, 255.9, 2, NULL),
(2013, 283, 8, 4, 330, 1, NULL),
(2015, 283, 23, 4, 180, 2, NULL),
(2016, 283, 21, 4, 226, 2, NULL),
(2017, 283, 22, 4, 181.5, 2, NULL),
(2018, 283, 16, 4, 511.5, 2, NULL),
(2019, 283, 9, 4, 330, 1, NULL),
(2020, 283, 10, 4, 330, 1, NULL),
(2021, 283, 12, 3, 511.5, 1, NULL),
(2022, 283, 12, 3, 430, 1, '1'),
(2023, 284, 8, 4, 287.2, 1, NULL),
(2024, 284, 28, 4, 148, 2, NULL),
(2025, 284, 9, 4, 287.2, 1, NULL),
(2026, 284, 10, 4, 287.2, 1, NULL),
(2028, 284, 12, 3, 453.6, 1, NULL),
(2038, 286, 8, 4, 230.8, 1, NULL),
(2043, 286, 9, 4, 230.8, 1, NULL),
(2045, 287, 28, 4, 148, 2, NULL),
(2047, 287, 11, 3, 459, 1, NULL),
(2048, 287, 11, 3, 430, 1, '1'),
(2057, 289, 8, 4, 330, 1, NULL),
(2059, 289, 21, 4, 226, 2, NULL),
(2060, 289, 23, 4, 180, 2, NULL),
(2061, 289, 22, 4, 181.5, 2, NULL),
(2062, 289, 16, 4, 511.5, 2, NULL),
(2063, 289, 9, 4, 330, 1, NULL),
(2064, 289, 10, 4, 330, 1, NULL),
(2065, 289, 12, 3, 511.5, 1, NULL),
(2066, 289, 12, 3, 430, 1, '1'),
(2067, 289, 11, 3, 495, 1, NULL),
(2068, 289, 11, 3, 430, 1, '1'),
(2069, 290, 8, 4, 260.8, 1, NULL),
(2070, 290, 26, 3, 450, 2, NULL),
(2071, 290, 19, 3, 450, 2, NULL),
(2072, 290, 13, 3, 450, 2, NULL),
(2073, 290, 9, 4, 260.8, 1, NULL),
(2074, 290, 10, 4, 260.8, 1, NULL),
(2075, 291, 8, 4, 279.3, 1, NULL),
(2077, 291, 21, 4, 226, 2, NULL),
(2078, 291, 23, 4, 180, 2, NULL),
(2079, 291, 22, 4, 181.5, 2, NULL),
(2080, 291, 16, 4, 437.4, 2, NULL),
(2081, 291, 9, 4, 279.3, 1, NULL),
(2082, 291, 10, 4, 279.3, 1, NULL),
(2083, 291, 12, 3, 437.4, 1, NULL),
(2084, 291, 12, 3, 430, 1, '1'),
(2086, 292, 8, 4, 260.8, 1, NULL),
(2087, 292, 29, 2, 97.9, 2, NULL),
(2088, 292, 26, 3, 406, 2, NULL),
(2089, 292, 19, 3, 406, 2, NULL),
(2090, 292, 13, 3, 406, 2, NULL),
(2091, 292, 9, 4, 260.8, 1, NULL),
(2092, 292, 10, 4, 260.8, 1, NULL),
(2093, 293, 8, 4, 260.8, 1, NULL),
(2094, 293, 29, 2, 97.9, 2, NULL),
(2095, 293, 26, 3, 406, 2, NULL),
(2096, 293, 19, 3, 406, 2, NULL),
(2097, 293, 13, 3, 406, 2, NULL),
(2098, 293, 9, 4, 260.8, 1, NULL),
(2099, 293, 10, 4, 260.8, 1, NULL),
(2100, 294, 12, 3, 474.3, 1, NULL),
(2101, 294, 28, 4, 148, 2, NULL),
(2102, 294, 12, 3, 430, 1, '1'),
(2103, 294, 11, 3, 459, 1, NULL),
(2104, 294, 11, 3, 430, 1, '1'),
(2105, 295, 8, 4, 248.4, 1, NULL),
(2106, 295, 29, 2, 97.9, 2, NULL),
(2107, 295, 28, 6, 96, 2, NULL),
(2108, 295, 27, 6, 159, 2, NULL),
(2109, 295, 9, 4, 248.4, 1, NULL),
(2110, 295, 10, 4, 248.4, 1, NULL),
(2111, 296, 12, 3, 474.3, 1, NULL),
(2112, 296, 28, 4, 148, 2, NULL),
(2113, 296, 12, 3, 430, 1, '1'),
(2114, 296, 11, 3, 459, 1, NULL),
(2115, 296, 11, 3, 430, 1, '1'),
(2116, 297, 8, 4, 287.2, 1, NULL),
(2117, 297, 28, 4, 148, 2, NULL),
(2118, 297, 9, 4, 287.2, 1, NULL),
(2119, 297, 10, 4, 287.2, 1, NULL),
(2121, 297, 12, 3, 453.6, 1, NULL),
(2123, 298, 8, 4, 341.5, 1, NULL),
(2124, 298, 19, 3, 453.6, 2, NULL),
(2125, 298, 13, 3, 453.6, 2, NULL),
(2126, 298, 26, 3, 307, 2, NULL),
(2127, 298, 9, 4, 341.5, 1, NULL),
(2128, 298, 10, 4, 341.5, 1, NULL),
(2129, 298, 11, 3, 453.6, 1, NULL),
(2130, 298, 11, 3, 430, 1, '1'),
(2131, 298, 12, 3, 453.6, 1, NULL),
(2132, 298, 12, 3, 430, 1, '1'),
(2133, 299, 8, 4, 260.8, 1, NULL),
(2134, 299, 26, 3, 450, 2, NULL),
(2135, 299, 19, 3, 378, 2, NULL),
(2136, 299, 13, 3, 390.6, 2, NULL),
(2137, 299, 9, 4, 260.8, 1, NULL),
(2138, 299, 10, 4, 260.8, 1, NULL),
(2139, 299, 11, 3, 378, 1, NULL),
(2140, 299, 12, 3, 390.6, 1, NULL),
(2141, 300, 8, 4, 277, 1, NULL),
(2142, 300, 22, 4, 181.5, 2, NULL),
(2143, 300, 16, 4, 437.4, 2, NULL),
(2144, 300, 13, 3, 360, 2, NULL),
(2145, 300, 19, 3, 360, 2, NULL),
(2146, 300, 26, 4, 360, 2, NULL),
(2147, 300, 21, 4, 226, 2, NULL),
(2148, 300, 9, 4, 277, 1, NULL),
(2149, 300, 10, 4, 277, 1, NULL),
(2150, 301, 8, 4, 277, 1, NULL),
(2151, 301, 22, 4, 181.5, 2, NULL),
(2152, 301, 16, 4, 437.4, 2, NULL),
(2153, 301, 13, 3, 360, 2, NULL),
(2154, 301, 19, 3, 360, 2, NULL),
(2155, 301, 26, 4, 360, 2, NULL),
(2156, 301, 21, 4, 226, 2, NULL),
(2157, 301, 9, 4, 277, 1, NULL),
(2158, 301, 10, 4, 277, 1, NULL),
(2159, 302, 8, 4, 282, 1, NULL),
(2162, 302, 23, 4, 180, 2, NULL),
(2163, 302, 21, 4, 226, 2, NULL),
(2164, 302, 22, 4, 181.5, 2, NULL),
(2165, 302, 16, 4, 511.5, 2, NULL),
(2166, 302, 9, 4, 282, 1, NULL),
(2167, 302, 10, 4, 282, 1, NULL),
(2168, 303, 8, 4, 225.7, 1, NULL),
(2169, 303, 29, 3, 165, 2, NULL),
(2170, 303, 37, 1, 240, 2, NULL),
(2171, 303, 28, 6, 108, 2, NULL),
(2172, 303, 27, 6, 175, 2, NULL),
(2173, 303, 9, 4, 225.7, 1, NULL),
(2174, 304, 7, 4, 206.4, 1, NULL),
(2175, 304, 19, 9, 255.9, 2, NULL),
(2176, 304, 13, 9, 255.9, 2, NULL),
(2214, 327, 37, 1, 240, 2, NULL),
(2215, 327, 16, 4, 319, 2, NULL),
(2216, 327, 15, 4, 214.5, 2, NULL),
(2217, 327, 21, 4, 103, 2, NULL),
(2218, 327, 23, 4, 103, 2, NULL),
(2224, 329, 37, 1, 240, 2, NULL),
(2225, 329, 16, 4, 319, 2, NULL),
(2226, 329, 15, 4, 214.5, 2, NULL),
(2227, 329, 21, 4, 103, 2, NULL),
(2228, 329, 23, 4, 103, 2, NULL),
(2229, 330, 37, 1, 240, 2, NULL),
(2230, 330, 16, 4, 319, 2, NULL),
(2231, 330, 15, 4, 214.5, 2, NULL),
(2232, 330, 21, 4, 103, 2, NULL),
(2233, 330, 23, 4, 103, 2, NULL),
(2239, 332, 8, 4, 133.4, 1, NULL),
(2243, 332, 15, 4, 214.5, 2, NULL),
(2244, 332, 27, 4, 214.5, 2, NULL),
(2245, 332, 9, 4, 133.4, 1, NULL),
(2246, 332, 10, 4, 133.4, 1, NULL),
(2247, 333, 8, 4, 133.4, 1, NULL),
(2251, 333, 15, 4, 214.5, 2, NULL),
(2252, 333, 27, 4, 214.5, 2, NULL),
(2253, 333, 9, 4, 133.4, 1, NULL),
(2254, 333, 10, 4, 133.4, 1, NULL),
(2257, 334, 32, 3, 435, 2, NULL),
(2260, 335, 32, 3, 435, 2, NULL),
(2263, 336, 32, 3, 435, 2, NULL),
(2266, 337, 32, 3, 435, 2, NULL),
(2269, 338, 32, 3, 435, 2, NULL),
(2305, 354, 36, 5, 155.4, 2, NULL),
(2306, 355, 36, 5, 155.4, 2, NULL),
(2307, 356, 36, 5, 155.4, 2, NULL),
(2308, 357, 36, 4, 91.7, 2, NULL),
(2309, 357, 40, 16, 175, 2, NULL),
(2312, 358, 32, 3, 230, 2, NULL),
(2315, 359, 32, 3, 230, 2, NULL),
(2318, 360, 32, 3, 230, 2, NULL),
(2321, 361, 32, 3, 230, 2, NULL),
(2335, 1, 15, 4, 511.5, 2, NULL),
(2336, 1, 27, 4, 214.5, 2, NULL),
(2337, 1, 14, 0, 511.5, 3, NULL),
(2338, 1, 17, 0, 495, 3, NULL),
(2339, 1, 20, 7, 319, 3, NULL),
(2340, 2, 15, 4, 437.4, 2, NULL),
(2341, 2, 27, 4, 214.5, 2, NULL),
(2342, 2, 14, 0, 437.4, 3, NULL),
(2344, 2, 20, 3, 319, 3, NULL),
(2345, 2, 11, 3, 430, 1, '1'),
(2346, 3, 11, 3, 430, 1, '1'),
(2347, 3, 14, 7, 445.5, 3, NULL),
(2349, 3, 20, 7, 319, 3, NULL),
(2350, 4, 11, 3, 430, 1, '1'),
(2351, 4, 14, 7, 437.4, 3, NULL),
(2353, 4, 20, 7, 319, 3, NULL),
(2354, 5, 11, 3, 430, 1, '1'),
(2355, 5, 14, 7, 437.4, 3, NULL),
(2357, 5, 20, 7, 319, 3, NULL),
(2358, 6, 15, 4, 511.5, 2, NULL),
(2359, 6, 27, 4, 214.5, 2, NULL),
(2360, 6, 14, 0, 511.5, 3, NULL),
(2361, 6, 17, 0, 495, 3, NULL),
(2362, 6, 20, 7, 319, 3, NULL),
(2363, 7, 15, 4, 511.5, 2, NULL),
(2364, 7, 27, 4, 214.5, 2, NULL),
(2365, 7, 14, 0, 511.5, 3, NULL),
(2366, 7, 17, 0, 495, 3, NULL),
(2367, 7, 20, 3, 319, 3, NULL),
(2368, 8, 14, 7, 511.5, 3, NULL),
(2369, 8, 17, 7, 495, 3, NULL),
(2370, 8, 20, 7, 319, 3, NULL),
(2371, 9, 11, 3, 430, 1, '1'),
(2372, 9, 14, 7, 511.5, 3, NULL),
(2373, 9, 17, 7, 495, 3, NULL),
(2374, 9, 20, 7, 319, 3, NULL),
(2375, 10, 11, 3, 430, 1, '1'),
(2376, 10, 14, 7, 511.5, 3, NULL),
(2377, 10, 17, 7, 495, 3, NULL),
(2378, 10, 20, 7, 319, 3, NULL),
(2379, 11, 14, 7, 511.5, 3, NULL),
(2380, 11, 17, 7, 495, 3, NULL),
(2381, 11, 20, 7, 319, 3, NULL),
(2382, 12, 15, 4, 511.5, 2, NULL),
(2383, 12, 27, 4, 214.5, 2, NULL),
(2384, 12, 14, 0, 511.5, 3, NULL),
(2385, 12, 17, 0, 495, 3, NULL),
(2386, 13, 11, 3, 430, 1, '1'),
(2387, 13, 15, 4, 437.4, 2, NULL),
(2388, 13, 27, 4, 214.5, 2, NULL),
(2389, 13, 14, 0, 437.4, 3, NULL),
(2391, 13, 20, 7, 319, 3, NULL),
(2392, 14, 11, 3, 430, 1, '1'),
(2393, 14, 14, 7, 445.5, 3, NULL),
(2395, 14, 20, 7, 319, 3, NULL),
(2396, 15, 11, 3, 430, 1, '1'),
(2397, 15, 15, 4, 437.4, 2, NULL),
(2398, 15, 27, 4, 214.5, 2, NULL),
(2399, 15, 14, 0, 437.4, 3, NULL),
(2401, 16, 15, 4, 511.5, 2, NULL),
(2402, 16, 27, 4, 214.5, 2, NULL),
(2403, 16, 14, 0, 511.5, 3, NULL),
(2404, 16, 17, 0, 495, 3, NULL),
(2405, 16, 20, 3, 319, 3, NULL),
(2406, 17, 15, 4, 511.5, 2, NULL),
(2407, 17, 27, 4, 214.5, 2, NULL),
(2408, 17, 14, 0, 511.5, 3, NULL),
(2409, 17, 17, 0, 495, 3, NULL),
(2410, 17, 20, 3, 319, 3, NULL),
(2411, 18, 12, 3, 511.5, 1, NULL),
(2412, 18, 12, 3, 430, 1, '1'),
(2413, 18, 11, 3, 495, 1, NULL),
(2414, 18, 11, 3, 430, 1, '1'),
(2415, 18, 23, 4, 180, 2, NULL),
(2416, 18, 15, 4, 511.5, 2, NULL),
(2417, 18, 27, 4, 214.5, 2, NULL),
(2418, 18, 14, 0, 511.5, 3, NULL),
(2419, 18, 17, 0, 495, 3, NULL),
(2420, 18, 20, 3, 319, 3, NULL),
(2421, 19, 14, 7, 511.5, 3, NULL),
(2422, 19, 17, 7, 495, 3, NULL),
(2423, 19, 20, 7, 319, 3, NULL),
(2424, 19, 14, 7, 430, 3, NULL),
(2425, 19, 17, 7, 430, 3, NULL),
(2549, 20, 14, 7, 427.8, 3, NULL),
(2550, 20, 14, 7, 321.6, 3, NULL),
(2551, 21, 14, 7, 511.5, 3, NULL),
(2552, 21, 14, 7, 430, 3, NULL),
(2553, 21, 14, 7, 321.6, 3, NULL),
(2555, 22, 14, 7, 511.5, 3, NULL),
(2556, 22, 14, 7, 430, 3, NULL),
(2557, 23, 15, 4, 511.5, 2, NULL),
(2558, 23, 27, 4, 214.5, 2, NULL),
(2559, 23, 14, 0, 511.5, 3, NULL),
(2560, 23, 14, 7, 321.6, 3, NULL),
(2561, 24, 15, 4, 511.5, 2, NULL),
(2562, 24, 27, 4, 214.5, 2, NULL),
(2563, 24, 14, 0, 511.5, 3, NULL),
(2564, 24, 14, 7, 321.6, 3, NULL),
(2565, 25, 12, 3, 437.4, 1, NULL),
(2566, 25, 12, 3, 430, 1, '1'),
(2567, 25, 14, 7, 437.4, 3, NULL),
(2568, 25, 14, 7, 321.6, 3, NULL),
(2569, 26, 12, 3, 437.4, 1, NULL),
(2570, 26, 12, 3, 430, 1, '1'),
(2571, 26, 14, 7, 437.4, 3, NULL),
(2572, 26, 14, 7, 430, 3, NULL),
(2573, 27, 12, 3, 437.4, 1, NULL),
(2574, 27, 12, 3, 430, 1, '1'),
(2575, 27, 14, 7, 437.4, 3, NULL),
(2576, 27, 14, 7, 430, 3, NULL),
(2577, 28, 15, 4, 511.5, 2, NULL),
(2578, 28, 27, 4, 214.5, 2, NULL),
(2579, 28, 14, 0, 511.5, 3, NULL),
(2619, 29, 18, 7, 459, 5, NULL),
(2620, 29, 25, 12, 624, 5, NULL),
(2623, 30, 18, 7, 459, 5, NULL),
(2624, 30, 25, 12, 624, 5, NULL),
(2626, 31, 18, 7, 459, 5, NULL),
(2627, 31, 25, 12, 624, 5, NULL),
(2628, 32, 8, 4, 316.7, 1, NULL),
(2629, 32, 9, 4, 316.7, 1, NULL),
(2630, 32, 10, 4, 316.7, 1, NULL),
(2631, 32, 27, 4, 203, 2, NULL),
(2633, 32, 18, 8, 459, 5, NULL),
(2634, 32, 25, 12, 544, 5, NULL),
(2636, 33, 18, 7, 459, 5, NULL),
(2637, 33, 25, 12, 624, 5, NULL),
(2639, 34, 18, 8, 513, 5, NULL),
(2640, 34, 25, 12, 624, 5, NULL),
(2642, 35, 18, 7, 459, 5, NULL),
(2643, 35, 25, 12, 624, 5, NULL),
(2645, 36, 18, 7, 459, 5, NULL),
(2646, 36, 25, 12, 624, 5, NULL),
(2647, 37, 27, 4, 203, 2, NULL),
(2649, 37, 18, 8, 459, 5, NULL),
(2650, 37, 25, 12, 544, 5, NULL),
(2652, 38, 18, 8, 513, 5, NULL),
(2653, 38, 25, 12, 624, 5, NULL),
(2655, 38, 18, 8, 430, 5, NULL),
(2658, 39, 18, 8, 513, 5, NULL),
(2659, 39, 25, 12, 624, 5, NULL),
(2661, 40, 18, 7, 459, 5, NULL),
(2662, 40, 25, 12, 624, 5, NULL),
(2664, 41, 18, 7, 459, 5, NULL),
(2665, 41, 25, 12, 624, 5, NULL),
(2666, 43, 27, 4, 203, 2, NULL),
(2668, 43, 18, 8, 459, 5, NULL),
(2669, 43, 25, 12, 544, 5, NULL),
(2673, 44, 25, 12, 624, 5, NULL),
(2675, 45, 27, 4, 203, 2, NULL),
(2678, 45, 25, 12, 544, 5, NULL),
(2682, 46, 25, 12, 624, 5, NULL),
(2685, 47, 25, 12, 624, 5, NULL),
(2688, 48, 25, 12, 624, 5, NULL),
(2691, 49, 25, 12, 624, 5, NULL),
(2696, 50, 18, 8, 513, 5, NULL),
(2697, 50, 25, 12, 624, 5, NULL),
(2699, 51, 18, 7, 459, 5, NULL),
(2700, 51, 25, 12, 624, 5, NULL),
(2702, 52, 18, 8, 513, 5, NULL),
(2703, 52, 25, 12, 624, 5, NULL),
(2705, 53, 18, 7, 459, 5, NULL),
(2706, 53, 25, 12, 624, 5, NULL),
(2708, 54, 18, 7, 459, 5, NULL),
(2709, 54, 25, 12, 624, 5, NULL),
(2710, 55, 27, 4, 203, 2, NULL),
(2712, 55, 18, 8, 459, 5, NULL),
(2713, 55, 25, 12, 544, 5, NULL),
(2714, 56, 11, 3, 430, 1, '1'),
(2715, 56, 12, 3, 430, 1, '1'),
(2717, 56, 18, 8, 459, 5, NULL),
(2718, 56, 25, 13, 480, 5, NULL),
(2721, 57, 25, 12, 624, 5, NULL),
(2724, 58, 25, 12, 624, 5, NULL),
(2726, 59, 18, 7, 459, 5, NULL),
(2727, 59, 25, 12, 624, 5, NULL),
(2729, 59, 18, 7, 430, 5, NULL),
(2732, 60, 18, 7, 459, 5, NULL),
(2733, 60, 25, 12, 624, 5, NULL),
(2735, 60, 18, 7, 430, 5, NULL),
(2737, 61, 27, 4, 203, 2, NULL),
(2740, 61, 18, 8, 513, 5, NULL),
(2741, 61, 25, 12, 544, 5, NULL),
(2742, 62, 27, 4, 223, 2, NULL),
(2745, 62, 25, 12, 624, 5, NULL),
(2751, 63, 18, 7, 459, 5, NULL),
(2752, 63, 25, 12, 624, 5, NULL),
(2754, 64, 18, 7, 459, 5, NULL),
(2755, 64, 25, 12, 624, 5, NULL),
(2757, 65, 18, 7, 459, 5, NULL),
(2758, 65, 25, 12, 624, 5, NULL),
(2760, 66, 18, 7, 459, 5, NULL),
(2761, 66, 25, 12, 624, 5, NULL),
(2762, 67, 14, 7, 511.5, 3, NULL),
(2763, 67, 14, 7, 319, 3, NULL),
(2764, 68, 11, 3, 495, 1, NULL),
(2765, 68, 14, 7, 511.5, 3, NULL),
(2766, 68, 17, 7, 495, 3, NULL),
(2767, 68, 20, 7, 319, 3, NULL),
(2769, 69, 18, 7, 459, 5, NULL),
(2770, 69, 25, 12, 624, 5, NULL),
(2773, 70, 25, 12, 624, 5, NULL),
(2776, 71, 25, 12, 624, 5, NULL),
(2991, 73, 8, 4, 285.7, 1, NULL),
(2992, 73, 9, 4, 285.7, 1, NULL),
(2993, 73, 10, 4, 285.7, 1, NULL),
(2994, 73, 14, 10, 427.8, 3, NULL),
(2995, 73, 17, 10, 414, 3, NULL),
(2996, 73, 20, 7, 192, 3, NULL),
(2997, 74, 8, 4, 310.5, 1, NULL),
(2998, 74, 9, 4, 310.5, 1, NULL),
(2999, 74, 10, 4, 310.5, 1, NULL),
(3000, 74, 14, 10, 511.5, 3, NULL),
(3001, 74, 17, 10, 495, 3, NULL),
(3002, 74, 20, 7, 192, 3, NULL),
(3004, 75, 8, 4, 282, 1, NULL),
(3005, 75, 9, 4, 282, 1, NULL),
(3006, 75, 10, 4, 282, 1, NULL),
(3007, 75, 14, 10, 445.5, 3, NULL),
(3009, 75, 20, 7, 192, 3, NULL),
(3010, 76, 24, 5, 148, 3, NULL),
(3011, 77, 24, 5, 148, 3, NULL),
(3012, 78, 17, 6, 453.6, 3, NULL),
(3013, 78, 14, 6, 453.6, 3, NULL),
(3014, 78, 20, 6, 307, 3, NULL),
(3015, 79, 14, 6, 453.6, 3, NULL),
(3016, 79, 17, 6, 453.6, 3, NULL),
(3017, 79, 20, 6, 307, 3, NULL),
(3019, 80, 12, 3, 437.4, 1, NULL),
(3022, 80, 15, 4, 437.4, 2, NULL),
(3023, 80, 27, 4, 214.5, 2, NULL),
(3024, 80, 14, 7, 437.4, 3, NULL),
(3026, 80, 20, 7, 307, 3, NULL),
(3029, 81, 12, 3, 437.4, 1, NULL),
(3030, 81, 12, 3, 430, 1, NULL),
(3031, 81, 15, 4, 437.4, 2, NULL),
(3032, 81, 27, 4, 214.5, 2, NULL),
(3033, 81, 14, 7, 437.4, 3, NULL),
(3035, 81, 20, 7, 307, 3, NULL),
(3037, 82, 17, 6, 562.8, 3, NULL),
(3038, 82, 14, 6, 562.8, 3, NULL),
(3039, 82, 20, 6, 350.9, 3, NULL),
(3040, 83, 8, 4, 304, 1, NULL),
(3041, 83, 9, 4, 304, 1, NULL),
(3042, 83, 10, 4, 304, 1, NULL),
(3043, 83, 11, 3, 430, 1, '1'),
(3044, 83, 14, 6, 455.7, 3, NULL),
(3045, 83, 17, 6, 441, 3, NULL),
(3046, 83, 20, 7, 347.6, 3, NULL),
(3047, 84, 11, 3, 430, 1, '1'),
(3048, 84, 12, 3, 430, 1, '1'),
(3049, 84, 14, 6, 435, 3, NULL),
(3050, 84, 17, 6, 435, 3, NULL),
(3051, 84, 20, 6, 307, 3, NULL),
(3052, 85, 14, 6, 453.6, 3, NULL),
(3053, 85, 17, 6, 453.6, 3, NULL),
(3054, 85, 20, 6, 307, 3, NULL),
(3056, 1, 14, 0, 430, 3, NULL),
(3057, 1, 17, 0, 430, 3, NULL),
(3058, 2, 14, 0, 430, 3, NULL),
(3060, 3, 14, 7, 430, 3, NULL),
(3062, 4, 14, 7, 430, 3, NULL),
(3064, 5, 14, 7, 430, 3, NULL),
(3066, 6, 14, 0, 430, 3, NULL),
(3067, 6, 17, 0, 430, 3, NULL),
(3070, 7, 14, 0, 430, 3, NULL),
(3071, 7, 17, 0, 430, 3, NULL),
(3072, 8, 14, 7, 430, 3, NULL),
(3073, 8, 17, 7, 430, 3, NULL),
(3074, 9, 14, 7, 430, 3, NULL),
(3075, 9, 17, 7, 430, 3, NULL),
(3078, 10, 14, 7, 430, 3, NULL),
(3079, 10, 17, 7, 430, 3, NULL),
(3080, 11, 14, 7, 430, 3, NULL),
(3081, 11, 17, 7, 430, 3, NULL),
(3082, 12, 14, 0, 430, 3, NULL),
(3083, 12, 17, 0, 430, 3, NULL),
(3084, 13, 14, 0, 430, 3, NULL),
(3086, 14, 14, 7, 430, 3, NULL),
(3088, 15, 14, 0, 430, 3, NULL),
(3090, 16, 14, 0, 430, 3, NULL),
(3091, 16, 17, 0, 430, 3, NULL),
(3092, 17, 14, 0, 430, 3, NULL),
(3093, 17, 17, 0, 430, 3, NULL),
(3094, 18, 14, 0, 430, 3, NULL),
(3095, 18, 17, 0, 430, 3, NULL),
(3108, 2, 17, 0, 437.4, 3, NULL),
(3110, 3, 17, 7, 445.5, 3, NULL),
(3112, 4, 17, 7, 430, 3, NULL),
(3114, 5, 17, 7, 437.4, 3, NULL),
(3128, 12, 20, 3, 319, 3, NULL),
(3133, 14, 17, 7, 445.5, 3, NULL),
(3135, 15, 20, 7, 319, 3, NULL),
(3162, 22, 14, 7, 321.6, 3, NULL),
(3163, 23, 14, 0, 430, 3, NULL),
(3164, 24, 14, 0, 430, 3, NULL),
(3165, 25, 14, 7, 430, 3, NULL),
(3166, 26, 14, 7, 321.6, 3, NULL),
(3167, 27, 14, 7, 321.6, 3, NULL),
(3168, 28, 14, 7, 321.6, 3, NULL),
(3169, 28, 14, 0, 430, 3, NULL),
(3174, 29, 18, 7, 430, 5, NULL),
(3175, 29, 41, 7, 430, 5, NULL),
(3178, 30, 41, 7, 430, 5, NULL),
(3179, 30, 18, 7, 430, 5, NULL),
(3180, 31, 41, 7, 430, 5, NULL),
(3181, 31, 18, 7, 430, 5, NULL),
(3182, 32, 41, 8, 430, 5, NULL),
(3183, 32, 18, 8, 430, 5, NULL),
(3184, 33, 41, 7, 430, 5, NULL),
(3185, 33, 18, 7, 430, 5, NULL),
(3186, 34, 41, 8, 430, 5, NULL),
(3187, 34, 18, 8, 430, 5, NULL),
(3188, 35, 41, 7, 430, 5, NULL),
(3189, 35, 18, 7, 430, 5, NULL),
(3190, 36, 41, 7, 430, 5, NULL),
(3191, 36, 18, 7, 430, 5, NULL),
(3192, 37, 41, 8, 430, 5, NULL),
(3193, 37, 18, 8, 430, 5, NULL),
(3194, 39, 41, 8, 430, 5, NULL),
(3195, 39, 18, 8, 430, 5, NULL),
(3196, 40, 41, 7, 430, 5, NULL),
(3197, 40, 18, 7, 430, 5, NULL),
(3198, 41, 41, 7, 430, 5, NULL),
(3199, 41, 18, 7, 430, 5, NULL),
(3200, 43, 41, 8, 430, 5, NULL),
(3201, 43, 18, 8, 430, 5, NULL),
(3202, 44, 41, 8, 430, 5, NULL),
(3204, 45, 41, 8, 430, 5, NULL),
(3206, 46, 41, 8, 430, 5, NULL),
(3209, 29, 41, 7, 474.3, 5, NULL),
(3210, 30, 41, 7, 474.4, 5, NULL),
(3211, 31, 41, 7, 474.3, 5, NULL),
(3212, 32, 41, 8, 474.3, 5, NULL),
(3213, 33, 41, 7, 474.3, 5, NULL),
(3214, 34, 41, 8, 530.1, 5, NULL),
(3215, 35, 41, 7, 474.3, 5, NULL),
(3216, 36, 41, 7, 474.3, 5, NULL),
(3217, 37, 41, 8, 474.3, 5, NULL),
(3218, 38, 41, 8, 530.1, 5, NULL),
(3219, 38, 41, 8, 430, 5, NULL),
(3220, 39, 41, 8, 530.1, 5, NULL),
(3221, 40, 41, 7, 474.3, 5, NULL),
(3222, 41, 41, 7, 474.3, 5, NULL),
(3223, 43, 41, 8, 474.3, 5, NULL),
(3224, 44, 41, 8, 461.7, 5, NULL),
(3225, 45, 41, 8, 453.6, 5, NULL),
(3226, 46, 41, 8, 461.7, 5, NULL),
(3227, 47, 41, 7, 413.1, 5, NULL),
(3228, 48, 41, 7, 413.1, 5, NULL),
(3229, 49, 41, 7, 413.1, 5, NULL),
(3230, 50, 41, 8, 530.1, 5, NULL),
(3231, 50, 41, 8, 430, 5, NULL),
(3232, 50, 18, 8, 430, 5, NULL),
(3233, 51, 41, 7, 474.3, 5, NULL),
(3234, 51, 41, 7, 430, 5, NULL),
(3235, 51, 18, 7, 430, 5, NULL),
(3236, 52, 41, 8, 530.1, 5, NULL),
(3237, 52, 41, 8, 430, 5, NULL),
(3238, 52, 18, 8, 430, 5, NULL),
(3239, 53, 41, 7, 474.3, 5, NULL),
(3240, 53, 41, 7, 430, 5, NULL),
(3241, 53, 18, 7, 430, 5, NULL),
(3242, 54, 41, 7, 474.3, 5, NULL),
(3243, 54, 41, 7, 430, 5, NULL),
(3244, 54, 18, 7, 430, 5, NULL),
(3245, 55, 41, 8, 474.3, 5, NULL),
(3246, 55, 41, 8, 430, 5, NULL),
(3247, 55, 18, 8, 430, 5, NULL),
(3248, 56, 41, 8, 474.3, 5, NULL),
(3249, 56, 41, 8, 430, 5, NULL),
(3250, 56, 18, 8, 430, 5, NULL),
(3251, 57, 41, 7, 413.1, 5, NULL),
(3252, 58, 41, 7, 413.1, 5, NULL),
(3253, 59, 41, 7, 474.3, 5, NULL),
(3254, 59, 41, 7, 430, 5, NULL),
(3255, 60, 41, 7, 474.3, 5, NULL),
(3256, 60, 41, 7, 430, 5, NULL),
(3257, 61, 41, 8, 530.1, 5, NULL),
(3258, 61, 41, 8, 430, 5, NULL),
(3259, 61, 18, 8, 430, 5, NULL),
(3260, 62, 41, 8, 494, 5, NULL),
(3261, 63, 41, 7, 474.3, 5, NULL),
(3262, 63, 18, 7, 430, 5, NULL),
(3263, 63, 41, 7, 430, 5, NULL),
(3264, 64, 41, 7, 474.3, 5, NULL),
(3265, 64, 41, 7, 430, 5, NULL),
(3266, 64, 18, 7, 430, 5, NULL),
(3267, 65, 41, 7, 474.3, 5, NULL),
(3268, 65, 41, 7, 430, 5, NULL),
(3269, 65, 18, 7, 430, 5, NULL),
(3270, 66, 41, 7, 474.3, 5, NULL),
(3271, 66, 41, 7, 430, 5, NULL),
(3272, 66, 18, 7, 430, 5, NULL),
(3273, 67, 14, 7, 430, 3, NULL),
(3275, 68, 14, 7, 430, 3, NULL),
(3276, 69, 41, 7, 474.3, 5, NULL),
(3277, 69, 41, 7, 430, 5, NULL),
(3278, 69, 18, 7, 430, 5, NULL),
(3279, 70, 41, 7, 413.1, 5, NULL),
(3280, 71, 41, 7, 413.1, 5, NULL),
(3322, 74, 14, 10, 430, 3, NULL),
(3323, 74, 17, 10, 430, 3, NULL),
(3324, 75, 14, 10, 430, 3, NULL),
(3326, 78, 14, 6, 430, 3, NULL),
(3327, 78, 17, 6, 430, 3, NULL),
(3328, 79, 14, 6, 430, 3, NULL),
(3329, 79, 17, 6, 430, 3, NULL),
(3330, 80, 14, 7, 430, 3, NULL),
(3332, 81, 14, 7, 430, 3, NULL),
(3334, 82, 14, 6, 430, 3, NULL),
(3335, 82, 17, 6, 430, 3, NULL),
(3336, 83, 14, 6, 430, 3, NULL),
(3337, 83, 17, 6, 430, 3, NULL),
(3338, 84, 14, 6, 430, 3, NULL),
(3339, 84, 17, 6, 430, 3, NULL),
(3340, 85, 14, 6, 430, 3, NULL),
(3341, 85, 17, 6, 430, 3, NULL),
(3342, 86, 11, 3, 430, 1, '1'),
(3343, 86, 12, 3, 430, 1, '1'),
(3344, 86, 20, 6, 307, 3, NULL),
(3345, 86, 14, 6, 435, 3, NULL),
(3346, 86, 14, 6, 430, 3, NULL),
(3347, 86, 17, 6, 435, 3, NULL),
(3348, 86, 17, 6, 430, 3, NULL),
(3349, 87, 15, 4, 511.5, 2, NULL),
(3350, 87, 27, 4, 214.5, 2, NULL),
(3351, 87, 14, 0, 511.5, 3, NULL),
(3352, 87, 14, 0, 430, 3, NULL),
(3353, 87, 17, 0, 495, 3, NULL),
(3354, 87, 17, 0, 430, 3, NULL),
(3355, 87, 20, 3, 319, 3, NULL),
(3356, 88, 12, 3, 427.8, 1, NULL),
(3358, 88, 14, 10, 427.8, 3, NULL),
(3360, 88, 14, 10, 321.6, 3, NULL),
(3361, 89, 8, 4, 285.7, 1, NULL),
(3362, 89, 9, 4, 285.7, 1, NULL),
(3363, 89, 10, 4, 285.7, 1, NULL),
(3364, 89, 14, 10, 427.8, 3, NULL),
(3365, 89, 14, 10, 321.6, 3, NULL),
(3366, 90, 41, 5, 465, 5, NULL),
(3367, 90, 41, 5, 430, 5, NULL),
(3368, 90, 18, 5, 450, 5, NULL),
(3372, 91, 41, 5, 405, 5, NULL),
(3374, 92, 41, 5, 390.6, 5, NULL),
(3375, 92, 18, 5, 378, 5, NULL),
(3376, 93, 41, 5, 390.6, 5, NULL),
(3377, 93, 18, 5, 378, 5, NULL),
(3378, 93, 25, 12, 450, 5, NULL),
(3379, 90, 25, 12, 525, 5, NULL),
(3380, 90, 18, 5, 430, 5, NULL),
(3381, 91, 25, 12, 600, 5, NULL),
(3382, 92, 25, 12, 450, 5, NULL),
(3383, 94, 41, 5, 390.6, 5, NULL),
(3384, 94, 18, 5, 378, 5, NULL),
(3385, 94, 25, 12, 450, 5, NULL),
(3389, 95, 41, 5, 390.6, 5, NULL),
(3390, 95, 18, 5, 378, 5, NULL),
(3391, 95, 25, 12, 450, 5, NULL),
(3392, 96, 41, 5, 340.2, 5, NULL),
(3394, 96, 25, 12, 540, 5, NULL),
(3395, 97, 41, 12, 530.1, 5, NULL),
(3396, 97, 41, 12, 430, 5, NULL),
(3397, 97, 18, 12, 513, 5, NULL),
(3398, 97, 18, 12, 430, 5, NULL),
(3399, 98, 18, 10, 513, 5, NULL),
(3400, 98, 41, 10, 530.1, 5, NULL),
(3401, 98, 25, 12, 558, 5, NULL),
(3402, 98, 18, 10, 430, 5, NULL),
(3403, 98, 41, 10, 430, 5, NULL),
(3404, 99, 41, 10, 530.1, 5, NULL),
(3405, 99, 41, 10, 430, 5, NULL),
(3406, 99, 18, 10, 513, 5, NULL),
(3407, 99, 18, 10, 430, 5, NULL),
(3408, 99, 25, 12, 558, 5, NULL),
(3414, 100, 41, 10, 530.1, 5, NULL),
(3415, 100, 41, 10, 430, 5, NULL),
(3416, 100, 18, 10, 513, 5, NULL),
(3417, 100, 18, 10, 430, 5, NULL),
(3418, 101, 41, 5, 465, 5, NULL),
(3419, 101, 41, 5, 430, 5, NULL),
(3420, 101, 18, 5, 450, 5, NULL),
(3421, 101, 18, 5, 430, 5, NULL),
(3422, 101, 25, 12, 525, 5, NULL),
(3423, 102, 41, 10, 530.1, 5, NULL),
(3424, 102, 41, 10, 430, 5, NULL),
(3425, 102, 18, 10, 513, 5, NULL),
(3426, 102, 18, 10, 430, 5, NULL),
(3427, 102, 25, 12, 558, 5, NULL),
(3428, 100, 25, 12, 558, 5, NULL),
(3429, 103, 41, 10, 530.1, 5, NULL),
(3430, 103, 41, 10, 430, 5, NULL),
(3431, 103, 18, 10, 513, 5, NULL),
(3432, 103, 18, 10, 430, 5, NULL),
(3433, 103, 25, 12, 558, 5, NULL),
(3434, 104, 41, 5, 465, 5, NULL),
(3435, 104, 41, 5, 430, 5, NULL),
(3436, 104, 18, 5, 450, 5, NULL),
(3437, 104, 18, 5, 430, 5, NULL),
(3438, 105, 41, 10, 530.1, 5, NULL),
(3439, 105, 41, 10, 430, 5, NULL),
(3440, 105, 18, 10, 513, 5, NULL),
(3441, 105, 18, 10, 430, 5, NULL),
(3442, 105, 25, 12, 558, 5, NULL),
(3444, 106, 41, 10, 372.6, 5, NULL),
(3446, 107, 41, 10, 372.6, 5, NULL),
(3448, 107, 25, 12, 558, 5, NULL),
(3449, 108, 41, 5, 340.2, 5, NULL),
(3451, 108, 25, 12, 540, 5, NULL),
(3452, 109, 41, 10, 530.1, 5, NULL),
(3453, 109, 41, 10, 430, 5, NULL),
(3454, 109, 18, 10, 513, 5, NULL),
(3455, 109, 18, 10, 430, 5, NULL),
(3460, 110, 41, 10, 530.1, 5, NULL),
(3461, 110, 41, 10, 430, 5, NULL),
(3462, 110, 18, 10, 513, 5, NULL),
(3463, 110, 18, 10, 430, 5, NULL),
(3464, 110, 25, 12, 558, 5, NULL),
(3465, 109, 25, 12, 558, 5, NULL),
(3469, 112, 25, 13, 450, 5, NULL),
(3471, 113, 41, 5, 465, 5, NULL),
(3472, 113, 41, 5, 430, 5, NULL),
(3473, 113, 18, 5, 450, 5, NULL),
(3474, 113, 18, 5, 430, 5, NULL),
(3475, 113, 25, 12, 525, 5, NULL),
(3476, 114, 41, 5, 530.1, 5, NULL),
(3477, 114, 41, 5, 430, 5, NULL),
(3478, 114, 18, 5, 513, 5, NULL),
(3479, 114, 18, 5, 430, 5, NULL),
(3480, 115, 25, 12, 369, 5, NULL),
(3481, 115, 36, 1, 432, 2, NULL),
(3482, 116, 25, 12, 369, 5, NULL),
(3483, 116, 36, 1, 432, 2, NULL),
(3484, 117, 25, 12, 369, 5, NULL),
(3485, 117, 36, 1, 432, 2, NULL),
(3486, 118, 41, 12, 530.1, 5, NULL),
(3487, 118, 41, 12, 430, 5, NULL),
(3488, 118, 18, 12, 513, 5, NULL),
(3489, 118, 18, 12, 430, 5, NULL),
(3492, 119, 41, 10, 372.6, 5, NULL),
(3494, 119, 25, 12, 558, 5, NULL),
(3495, 120, 41, 10, 372.6, 5, NULL),
(3497, 120, 25, 12, 558, 5, NULL),
(3498, 121, 25, 12, 406, 5, NULL),
(3499, 122, 41, 5, 390.6, 5, NULL),
(3500, 122, 18, 5, 378, 5, NULL),
(3501, 122, 25, 12, 450, 5, NULL),
(3502, 123, 41, 5, 390.6, 5, NULL),
(3503, 123, 18, 5, 378, 5, NULL),
(3504, 123, 25, 12, 450, 5, NULL),
(3505, 124, 41, 5, 390.6, 5, NULL),
(3506, 124, 18, 5, 378, 5, NULL),
(3507, 124, 25, 12, 450, 5, NULL),
(3508, 125, 41, 5, 427.8, 5, NULL),
(3509, 125, 18, 5, 414, 5, NULL),
(3510, 125, 25, 12, 540, 5, NULL),
(3511, 126, 41, 5, 427.8, 5, NULL),
(3512, 126, 18, 5, 414, 5, NULL),
(3513, 126, 25, 12, 540, 5, NULL),
(3514, 127, 41, 9, 504, 5, NULL),
(3515, 127, 41, 9, 430, 5, NULL),
(3516, 127, 18, 9, 504, 5, NULL),
(3517, 127, 18, 9, 430, 5, NULL),
(3518, 128, 25, 12, 406, 5, NULL),
(3521, 129, 25, 12, 406, 5, NULL),
(3522, 130, 25, 12, 406, 5, NULL),
(3523, 131, 25, 12, 550, 5, NULL),
(3524, 132, 25, 12, 550, 5, NULL),
(3525, 133, 25, 12, 550, 5, NULL),
(3526, 133, 28, 6, 108, 2, NULL),
(3527, 133, 27, 6, 175, 2, NULL),
(3528, 133, 29, 3, 165, 2, NULL),
(3529, 133, 37, 1, 240, 2, NULL),
(3530, 134, 25, 12, 406, 5, NULL),
(3531, 135, 41, 9, 504, 5, NULL),
(3532, 135, 41, 9, 430, 5, NULL),
(3533, 135, 18, 9, 504, 5, NULL),
(3534, 135, 18, 9, 430, 5, NULL),
(3535, 138, 41, 5, 390.6, 5, NULL),
(3536, 138, 18, 5, 378, 5, NULL),
(3537, 138, 25, 12, 450, 5, NULL),
(3538, 139, 41, 6, 352.8, 5, NULL),
(3539, 139, 18, 6, 352.8, 5, NULL),
(3540, 139, 25, 13, 360, 5, NULL),
(3541, 140, 41, 5, 390.6, 5, NULL),
(3542, 140, 18, 5, 378, 5, NULL),
(3543, 140, 25, 12, 450, 5, NULL),
(3544, 141, 41, 5, 340.2, 5, NULL),
(3546, 141, 25, 12, 540, 5, NULL),
(3550, 394, 8, 4, 310.5, 1, NULL),
(3551, 394, 9, 4, 310.5, 1, NULL),
(3552, 394, 10, 4, 310.5, 1, NULL),
(3553, 394, 11, 3, 450, 1, NULL),
(3554, 394, 12, 3, 465, 1, NULL),
(3555, 394, 11, 3, 430, 1, '1'),
(3556, 394, 12, 3, 430, 1, '1'),
(3557, 394, 18, 5, 430, 5, NULL),
(3558, 394, 41, 5, 430, 5, NULL),
(3559, 394, 18, 5, 450, 5, NULL),
(3560, 394, 41, 5, 465, 5, NULL),
(3561, 394, 25, 12, 525, 5, NULL),
(3562, 394, 13, 3, 465, 2, NULL),
(3563, 394, 19, 3, 450, 2, NULL),
(3564, 394, 26, 4, 525, 2, NULL),
(3565, 395, 8, 4, 310.5, 1, NULL),
(3566, 395, 9, 4, 310.5, 1, NULL),
(3567, 395, 10, 4, 310.5, 1, NULL),
(3568, 395, 11, 3, 450, 1, NULL),
(3569, 395, 11, 3, 430, 1, '1'),
(3570, 395, 12, 3, 465, 1, NULL),
(3571, 395, 12, 3, 430, 1, '1'),
(3572, 395, 18, 5, 450, 5, NULL),
(3573, 395, 18, 5, 430, 5, NULL),
(3574, 395, 41, 5, 465, 5, NULL),
(3575, 395, 41, 5, 430, 5, NULL),
(3576, 395, 25, 12, 525, 5, NULL),
(3577, 395, 13, 3, 465, 2, NULL),
(3578, 395, 19, 3, 450, 2, NULL),
(3579, 395, 26, 4, 525, 2, NULL),
(3580, 396, 8, 4, 310.5, 1, NULL),
(3581, 396, 9, 4, 310.5, 1, NULL),
(3582, 396, 10, 4, 310.5, 1, NULL),
(3583, 396, 11, 3, 450, 1, NULL),
(3584, 396, 11, 3, 430, 1, '1'),
(3585, 396, 12, 3, 465, 1, NULL),
(3586, 396, 12, 3, 430, 1, '1'),
(3587, 396, 18, 5, 450, 5, NULL),
(3588, 396, 18, 5, 430, 5, NULL),
(3589, 396, 41, 5, 465, 5, NULL),
(3590, 396, 41, 5, 430, 5, NULL),
(3591, 396, 25, 12, 525, 5, NULL),
(3592, 396, 13, 3, 465, 2, NULL),
(3593, 396, 19, 3, 450, 2, NULL),
(3594, 396, 26, 4, 525, 2, NULL),
(3610, 159, 14, 7, 511.5, 3, NULL),
(3611, 159, 14, 7, 321.6, 3, NULL),
(3612, 160, 11, 3, 495, 1, NULL),
(3613, 160, 14, 7, 511.5, 3, NULL),
(3614, 160, 14, 7, 430, 3, NULL),
(3615, 160, 17, 7, 430, 3, NULL),
(3616, 160, 17, 7, 495, 3, NULL),
(3617, 161, 41, 7, 474.3, 5, NULL),
(3618, 161, 41, 7, 430, 5, NULL),
(3619, 161, 18, 7, 430, 5, NULL),
(3620, 161, 18, 7, 459, 5, NULL),
(3621, 161, 25, 12, 624, 5, NULL),
(3622, 163, 41, 5, 390.6, 5, NULL),
(3623, 163, 18, 5, 378, 5, NULL),
(3624, 163, 25, 12, 450, 5, NULL),
(3625, 164, 41, 7, 474.3, 5, NULL),
(3626, 164, 41, 7, 430, 5, NULL),
(3627, 164, 18, 7, 459, 5, NULL),
(3628, 164, 18, 7, 430, 5, NULL),
(3629, 164, 25, 12, 624, 5, NULL),
(3630, 165, 41, 7, 474.3, 5, NULL),
(3631, 165, 41, 7, 430, 5, NULL),
(3632, 165, 18, 7, 459, 5, NULL),
(3633, 165, 18, 7, 430, 5, NULL),
(3634, 165, 25, 12, 624, 5, NULL),
(3635, 166, 41, 7, 474.3, 5, NULL),
(3636, 166, 41, 7, 430, 5, NULL),
(3637, 166, 18, 7, 459, 5, NULL),
(3638, 166, 18, 7, 430, 5, NULL),
(3639, 166, 25, 12, 624, 5, NULL),
(3641, 167, 14, 7, 437.4, 3, NULL),
(3643, 167, 20, 7, 319, 3, NULL),
(3645, 168, 14, 7, 437.4, 3, NULL),
(3646, 168, 14, 7, 430, 3, NULL),
(3649, 168, 20, 7, 319, 3, NULL),
(3650, 169, 41, 7, 413.1, 5, NULL),
(3652, 169, 25, 12, 695, 5, NULL),
(3653, 170, 41, 7, 474.3, 5, NULL),
(3654, 170, 41, 7, 430, 5, NULL),
(3655, 170, 18, 7, 430, 5, NULL),
(3656, 170, 18, 7, 459, 5, NULL),
(3657, 171, 41, 7, 474.3, 5, NULL),
(3658, 171, 41, 7, 430, 5, NULL),
(3659, 171, 18, 7, 459, 5, NULL),
(3660, 171, 18, 7, 430, 5, NULL),
(3661, 171, 25, 12, 624, 5, NULL),
(3662, 172, 41, 7, 413.1, 5, NULL),
(3664, 172, 25, 12, 695, 5, NULL),
(3665, 173, 14, 6, 435, 3, NULL),
(3667, 173, 20, 6, 307, 3, NULL),
(3668, 174, 41, 5, 390.6, 5, NULL),
(3669, 174, 18, 3, 378, 5, NULL),
(3670, 174, 25, 12, 450, 5, NULL),
(3671, 175, 41, 5, 390.6, 5, NULL),
(3672, 175, 18, 5, 378, 5, NULL),
(3673, 175, 25, 12, 450, 5, NULL),
(3674, 176, 18, 5, 378, 5, NULL),
(3675, 176, 41, 5, 390.6, 5, NULL),
(3676, 176, 25, 12, 450, 5, NULL),
(3688, 206, 41, 5, 427.8, 5, NULL),
(3689, 206, 18, 5, 414, 5, NULL),
(3690, 206, 25, 12, 540, 5, NULL),
(3691, 207, 14, 6, 453.6, 3, NULL),
(3693, 207, 14, 6, 430, 3, NULL),
(3694, 207, 17, 6, 453.6, 3, NULL),
(3695, 207, 17, 6, 430, 3, NULL),
(3696, 207, 20, 6, 307, 3, NULL),
(3697, 208, 41, 5, 427.8, 5, NULL),
(3698, 208, 18, 5, 414, 5, NULL),
(3699, 208, 25, 12, 540, 5, NULL),
(3700, 142, 25, 12, 450, 5, NULL),
(3701, 143, 25, 12, 369, 5, NULL),
(3704, 145, 17, 6, 453.6, 3, NULL),
(3705, 145, 17, 6, 430, 3, NULL),
(3706, 145, 14, 6, 453.6, 3, NULL),
(3707, 145, 14, 6, 430, 3, NULL),
(3708, 145, 20, 6, 307, 3, NULL),
(3710, 146, 41, 7, 474.3, 5, NULL),
(3711, 146, 41, 7, 430, 5, NULL),
(3714, 146, 25, 12, 624, 5, NULL),
(3725, 148, 14, 6, 435, 3, NULL),
(3729, 149, 12, 6, 435, 2, NULL),
(3730, 149, 17, 6, 435, 3, NULL),
(3731, 149, 20, 6, 307, 3, NULL),
(3735, 150, 41, 7, 474.3, 5, NULL),
(3736, 150, 41, 7, 430, 5, NULL),
(3737, 150, 18, 7, 459, 5, NULL),
(3738, 150, 18, 7, 430, 5, NULL),
(3739, 150, 25, 12, 624, 5, NULL),
(3741, 152, 18, 5, 378, 5, NULL),
(3742, 152, 25, 12, 450, 5, NULL),
(3743, 154, 41, 5, 390.6, 5, NULL),
(3744, 154, 18, 5, 378, 5, NULL),
(3745, 154, 25, 12, 450, 5, NULL),
(3746, 155, 41, 5, 340.2, 5, NULL),
(3748, 155, 25, 12, 540, 5, NULL),
(3749, 156, 41, 5, 340.2, 5, NULL),
(3750, 156, 25, 12, 540, 5, NULL),
(3751, 157, 41, 5, 390.6, 5, NULL),
(3752, 157, 18, 5, 378, 5, NULL),
(3753, 157, 25, 12, 450, 5, NULL),
(3754, 158, 41, 7, 474.3, 5, NULL),
(3755, 158, 41, 7, 430, 5, NULL),
(3756, 158, 18, 7, 459, 5, NULL),
(3757, 158, 18, 7, 430, 5, NULL),
(3758, 158, 25, 12, 624, 5, NULL),
(3761, 186, 18, 5, 459, 5, NULL),
(3762, 186, 18, 5, 430, 5, NULL),
(3763, 186, 25, 12, 624, 5, NULL),
(3764, 187, 14, 7, 511.5, 3, NULL),
(3765, 187, 14, 7, 321.6, 3, NULL),
(3766, 187, 14, 7, 430, 3, NULL),
(3767, 188, 11, 3, 430, 1, '1'),
(3768, 188, 14, 7, 511.5, 3, NULL),
(3769, 188, 14, 7, 430, 3, NULL),
(3770, 188, 17, 7, 495, 3, NULL),
(3771, 188, 17, 7, 430, 3, NULL),
(3772, 188, 20, 7, 319, 3, NULL),
(3773, 189, 41, 7, 474.3, 5, NULL),
(3774, 189, 41, 7, 430, 5, NULL),
(3775, 189, 18, 7, 459, 5, NULL),
(3776, 189, 18, 7, 430, 5, NULL),
(3777, 189, 25, 12, 624, 5, NULL),
(3779, 190, 14, 7, 437.4, 3, NULL),
(3780, 190, 14, 7, 430, 3, NULL),
(3783, 190, 20, 7, 319, 3, NULL),
(3784, 191, 41, 7, 413.1, 5, NULL),
(3785, 191, 25, 12, 695, 5, NULL),
(3786, 192, 41, 7, 474.3, 5, NULL),
(3787, 192, 41, 7, 430, 5, NULL),
(3788, 192, 18, 7, 459, 5, NULL),
(3789, 192, 18, 7, 430, 5, NULL),
(3790, 192, 25, 12, 624, 5, NULL),
(3798, 198, 18, 7, 459, 5, NULL),
(3799, 198, 18, 7, 430, 5, NULL),
(3800, 198, 25, 12, 624, 5, NULL),
(3802, 199, 18, 5, 378, 5, NULL),
(3803, 199, 25, 12, 450, 5, NULL),
(3804, 201, 25, 13, 450, 5, NULL),
(3805, 202, 41, 7, 474.3, 5, NULL),
(3806, 202, 41, 7, 430, 5, NULL),
(3807, 202, 18, 7, 459, 5, NULL),
(3808, 202, 18, 7, 430, 5, NULL),
(3809, 202, 25, 12, 624, 5, NULL),
(3810, 203, 41, 5, 390.6, 5, NULL),
(3811, 203, 18, 5, 378, 5, NULL),
(3812, 203, 25, 12, 450, 5, NULL),
(3813, 204, 41, 5, 340.2, 5, NULL),
(3814, 204, 25, 12, 540, 5, NULL),
(3815, 205, 41, 5, 340.2, 5, NULL),
(3816, 205, 25, 12, 540, 5, NULL),
(3817, 209, 9, 4, 316.7, 1, NULL),
(3818, 209, 8, 4, 316.7, 1, NULL),
(3819, 209, 10, 4, 316.7, 1, NULL),
(3820, 209, 27, 4, 203, 2, NULL),
(3823, 209, 18, 8, 459, 5, NULL),
(3824, 209, 18, 8, 430, 5, NULL),
(3825, 209, 25, 12, 544, 5, NULL),
(3826, 210, 15, 4, 511.5, 2, NULL),
(3827, 210, 27, 4, 214.5, 2, NULL),
(3828, 210, 14, 0, 511.5, 3, NULL),
(3829, 210, 14, 7, 321.6, 3, NULL),
(3830, 210, 14, 0, 430, 3, NULL),
(3831, 213, 15, 4, 511.5, 2, NULL),
(3832, 213, 27, 4, 214.5, 2, NULL),
(3833, 213, 41, 0, 511.5, 5, NULL),
(3834, 213, 17, 0, 495, 3, NULL),
(3835, 213, 17, 0, 430, 3, NULL),
(3836, 213, 14, 0, 430, 3, NULL),
(3837, 213, 20, 7, 319, 3, NULL),
(3838, 214, 25, 13, 450, 5, NULL),
(3840, 215, 25, 13, 450, 5, NULL),
(3842, 216, 15, 4, 437.4, 2, NULL),
(3843, 216, 27, 4, 214.5, 2, NULL),
(3844, 216, 14, 0, 437.4, 3, NULL),
(3845, 216, 14, 0, 430, 3, NULL),
(3846, 216, 20, 7, 319, 3, NULL),
(3847, 217, 25, 13, 406, 5, NULL),
(3848, 218, 8, 4, 316.7, 1, NULL),
(3849, 218, 9, 4, 316.7, 1, NULL),
(3850, 218, 10, 4, 316.7, 1, NULL),
(3851, 218, 27, 4, 203, 2, NULL),
(3852, 218, 25, 12, 544, 5, NULL),
(3853, 218, 41, 8, 474.3, 5, NULL),
(3854, 218, 41, 8, 430, 5, NULL),
(3855, 218, 18, 8, 459, 5, NULL),
(3856, 218, 18, 8, 430, 5, NULL),
(3857, 219, 36, 1, 432, 2, NULL),
(3858, 219, 25, 12, 369, 5, NULL),
(3859, 220, 8, 4, 316.7, 1, NULL),
(3860, 220, 9, 4, 316.7, 1, NULL),
(3861, 220, 10, 4, 316.7, 1, NULL),
(3862, 220, 27, 4, 203, 2, NULL),
(3863, 220, 41, 8, 474.3, 5, NULL),
(3864, 220, 41, 8, 430, 5, NULL),
(3865, 220, 18, 8, 459, 5, NULL),
(3866, 220, 18, 8, 430, 5, NULL),
(3867, 220, 25, 12, 544, 5, NULL),
(3868, 221, 27, 4, 223, 2, NULL),
(3869, 221, 25, 12, 695, 5, NULL),
(3870, 221, 41, 8, 453.6, 5, NULL),
(3871, 222, 27, 4, 223, 2, NULL),
(3872, 222, 41, 8, 453.6, 5, NULL),
(3873, 222, 25, 12, 695, 5, NULL),
(3874, 225, 20, 6, 307, 3, NULL),
(3875, 225, 14, 6, 453.6, 3, NULL),
(3876, 225, 14, 6, 430, 3, NULL),
(3877, 225, 17, 6, 453.6, 3, NULL),
(3878, 225, 17, 6, 430, 3, NULL),
(3879, 226, 20, 6, 307, 3, NULL),
(3880, 226, 14, 6, 453.6, 3, NULL),
(3881, 226, 14, 6, 430, 3, NULL),
(3882, 226, 17, 6, 453.6, 3, NULL),
(3883, 226, 17, 6, 430, 3, NULL),
(3884, 227, 25, 12, 450, 5, NULL),
(3885, 227, 41, 5, 390.6, 5, NULL),
(3886, 227, 18, 5, 378, 5, NULL),
(3887, 228, 25, 12, 450, 5, NULL),
(3888, 228, 41, 5, 390.6, 5, NULL),
(3889, 228, 18, 5, 378, 5, NULL),
(3890, 229, 12, 3, 437.4, 1, NULL),
(3891, 229, 15, 4, 437.4, 2, NULL),
(3892, 229, 27, 4, 214.5, 2, NULL),
(3893, 229, 20, 3, 265, 3, NULL),
(3894, 229, 14, 3, 437.4, 3, NULL),
(3895, 230, 12, 3, 437.4, 1, NULL),
(3896, 230, 15, 4, 437.4, 2, NULL),
(3897, 230, 27, 4, 214.5, 2, NULL),
(3898, 230, 20, 3, 265, 3, NULL),
(3899, 230, 14, 3, 437.4, 3, NULL),
(3900, 231, 11, 3, 495, 1, NULL),
(3901, 231, 12, 3, 511.5, 1, NULL),
(3902, 231, 14, 3, 430, 3, NULL),
(3903, 231, 17, 3, 430, 3, NULL),
(3904, 231, 15, 4, 511.5, 2, NULL),
(3905, 231, 27, 4, 214.5, 2, NULL),
(3906, 231, 32, 4, 504, 2, NULL),
(3907, 231, 20, 2, 226, 3, NULL),
(3908, 231, 14, 0, 511.5, 3, NULL),
(3909, 231, 14, 2, 226, 3, NULL),
(3910, 231, 17, 0, 495, 3, NULL),
(3912, 232, 10, 4, 230.8, 1, NULL),
(3913, 232, 25, 12, 550, 5, NULL),
(3914, 232, 13, 3, 550, 2, NULL),
(3915, 232, 19, 3, 550, 2, NULL),
(3916, 232, 26, 4, 550, 2, NULL),
(3917, 233, 25, 12, 406, 5, NULL),
(3919, 234, 10, 4, 225.7, 1, NULL),
(3920, 234, 25, 12, 550, 5, NULL),
(3925, 236, 20, 2, 255.9, 3, NULL),
(3926, 237, 6, 7, 171.6, 1, NULL),
(3928, 238, 6, 7, 145.2, 1, NULL),
(3930, 239, 6, 7, 145.2, 1, NULL),
(3932, 240, 6, 7, 145.2, 1, NULL),
(3934, 241, 6, 7, 264, 1, NULL),
(3936, 241, 6, 7, 264, 1, NULL),
(3938, 242, 6, 7, 264, 1, NULL),
(3940, 243, 6, 7, 264, 1, NULL),
(3941, 244, 10, 4, 230.8, 1, NULL),
(3942, 244, 25, 12, 550, 5, NULL),
(3943, 244, 13, 3, 550, 2, NULL),
(3944, 244, 19, 3, 550, 2, NULL),
(3945, 244, 26, 3, 550, 2, NULL),
(3946, 245, 8, 4, 316.7, 1, NULL),
(3947, 245, 9, 4, 316.7, 1, NULL),
(3948, 245, 10, 4, 316.7, 1, NULL),
(3949, 245, 27, 4, 203, 2, NULL),
(3950, 245, 25, 12, 544, 5, NULL),
(3953, 245, 18, 8, 459, 5, NULL),
(3954, 245, 18, 8, 430, 5, NULL),
(3955, 246, 15, 4, 511.5, 2, NULL),
(3956, 246, 27, 4, 214.5, 2, NULL),
(3957, 246, 14, 0, 511.5, 3, NULL),
(3958, 246, 14, 7, 321.6, 3, NULL),
(3959, 249, 15, 4, 511.5, 2, NULL),
(3960, 249, 27, 4, 214.5, 2, NULL),
(3961, 249, 20, 7, 319, 3, NULL),
(3962, 249, 14, 0, 511.5, 3, NULL),
(3963, 249, 17, 0, 495, 3, NULL),
(3964, 249, 17, 0, 430, 3, NULL),
(3965, 249, 14, 0, 430, 3, NULL),
(3967, 250, 25, 13, 450, 5, NULL),
(3968, 251, 25, 13, 450, 5, NULL),
(3971, 252, 15, 4, 437.4, 2, NULL),
(3972, 252, 27, 4, 214.5, 2, NULL),
(3973, 252, 20, 7, 319, 3, NULL),
(3974, 252, 14, 7, 319, 3, NULL),
(3975, 252, 14, 0, 437.4, 3, NULL),
(3976, 252, 14, 0, 430, 3, NULL),
(3979, 253, 25, 12, 406, 5, NULL),
(3980, 254, 25, 12, 406, 5, NULL),
(3981, 255, 8, 4, 316.7, 1, NULL),
(3982, 255, 9, 4, 316.7, 1, NULL),
(3983, 255, 10, 4, 316.7, 1, NULL),
(3984, 255, 27, 4, 203, 2, NULL),
(3985, 255, 25, 12, 544, 5, NULL),
(3986, 255, 41, 8, 474.3, 5, NULL),
(3987, 255, 41, 8, 430, 5, NULL),
(3988, 255, 18, 8, 459, 5, NULL),
(3989, 255, 18, 8, 430, 5, NULL),
(3990, 256, 25, 12, 369, 5, NULL),
(3991, 257, 29, 2, 195, 2, NULL),
(3992, 257, 37, 1, 150, 2, NULL),
(3993, 257, 25, 12, 624, 5, NULL),
(3994, 257, 18, 8, 513, 5, NULL),
(3995, 257, 18, 8, 430, 5, NULL),
(3998, 258, 8, 4, 335.3, 1, NULL),
(3999, 258, 9, 4, 335.3, 1, NULL),
(4000, 258, 10, 4, 335.3, 1, NULL),
(4001, 258, 27, 4, 203, 2, NULL),
(4002, 258, 41, 8, 474.3, 5, NULL),
(4003, 258, 41, 8, 430, 5, NULL),
(4004, 258, 18, 8, 459, 5, NULL),
(4005, 258, 18, 8, 430, 5, NULL),
(4006, 258, 25, 12, 544, 5, NULL),
(4007, 259, 25, 12, 624, 5, NULL),
(4008, 259, 18, 8, 513, 5, NULL),
(4009, 259, 41, 8, 530.1, 5, NULL),
(4010, 259, 41, 8, 430, 5, NULL),
(4011, 259, 18, 8, 430, 5, NULL),
(4012, 260, 27, 4, 223, 2, NULL),
(4013, 260, 41, 8, 453.6, 5, NULL),
(4014, 260, 25, 12, 695, 5, NULL),
(4015, 261, 27, 4, 223, 2, NULL),
(4016, 261, 41, 8, 453.6, 5, NULL),
(4017, 261, 25, 12, 695, 5, NULL),
(4018, 262, 25, 12, 695, 5, NULL),
(4019, 262, 41, 8, 461.7, 5, NULL),
(4020, 262, 41, 8, 430, 5, NULL),
(4021, 265, 20, 6, 307, 3, NULL),
(4022, 265, 14, 6, 453.6, 3, NULL),
(4023, 265, 14, 6, 430, 3, NULL),
(4024, 265, 17, 6, 453.6, 3, NULL),
(4025, 265, 17, 6, 430, 3, NULL),
(4026, 266, 14, 6, 453.6, 3, NULL),
(4027, 266, 14, 6, 430, 3, NULL),
(4028, 266, 17, 6, 453.6, 3, NULL),
(4029, 266, 17, 6, 430, 3, NULL),
(4030, 266, 20, 6, 307, 3, NULL),
(4031, 267, 20, 6, 307, 3, NULL),
(4032, 267, 14, 6, 453.6, 3, NULL),
(4033, 267, 14, 6, 430, 3, NULL),
(4034, 267, 17, 6, 453.6, 3, NULL),
(4035, 267, 17, 6, 430, 3, NULL),
(4036, 268, 25, 12, 450, 5, NULL),
(4037, 268, 41, 5, 390.6, 5, NULL),
(4039, 269, 41, 5, 390.6, 5, NULL),
(4040, 269, 18, 5, 378, 5, NULL),
(4041, 269, 25, 12, 450, 5, NULL),
(4042, 270, 12, 3, 437.4, 1, NULL),
(4043, 270, 12, 3, 430, 1, '1'),
(4044, 270, 15, 4, 437.4, 2, NULL),
(4045, 270, 27, 4, 214.5, 2, NULL),
(4046, 270, 23, 4, 180, 2, NULL),
(4047, 270, 14, 6, 437.4, 3, NULL),
(4048, 270, 14, 6, 430, 3, NULL),
(4049, 270, 20, 6, 265, 3, NULL),
(4050, 271, 12, 3, 437.4, 1, NULL),
(4051, 271, 12, 3, 430, 1, '1'),
(4052, 271, 15, 4, 437.4, 2, NULL),
(4053, 271, 23, 4, 180, 2, NULL),
(4054, 271, 27, 4, 214.5, 2, NULL),
(4055, 271, 14, 6, 437.4, 3, NULL),
(4056, 271, 14, 6, 430, 3, NULL),
(4057, 271, 20, 6, 265, 3, NULL),
(4058, 272, 11, 3, 495, 1, NULL),
(4059, 272, 11, 3, 430, 1, '1'),
(4060, 272, 12, 3, 511.5, 1, NULL),
(4061, 272, 12, 3, 430, 1, '1'),
(4062, 272, 15, 4, 511.5, 2, NULL),
(4063, 272, 27, 4, 214.5, 2, NULL),
(4064, 272, 20, 2, 226, 3, NULL),
(4065, 272, 14, 6, 511.5, 3, NULL),
(4066, 272, 14, 6, 430, 3, NULL),
(4067, 272, 17, 6, 430, 3, NULL),
(4068, 272, 17, 6, 495, 3, NULL),
(4069, 272, 32, 4, 504, 2, NULL),
(4070, 273, 10, 4, 225.7, 1, NULL),
(4071, 273, 25, 12, 550, 5, NULL),
(4075, 275, 20, 2, 255.9, 3, NULL),
(4076, 276, 6, 7, 171.6, 1, NULL),
(4077, 277, 6, 7, 145.2, 1, NULL),
(4078, 278, 6, 7, 145.2, 1, NULL),
(4079, 279, 6, 7, 145.2, 1, NULL),
(4080, 280, 6, 7, 264, 1, NULL),
(4081, 281, 6, 7, 264, 1, NULL),
(4082, 282, 6, 7, 264, 1, NULL),
(4083, 283, 15, 4, 511.5, 2, NULL),
(4084, 283, 27, 4, 214.5, 2, NULL),
(4085, 283, 14, 0, 511.5, 3, NULL),
(4086, 283, 12, 0, 430, 2, NULL),
(4087, 283, 14, 7, 321.6, 3, NULL),
(4088, 284, 27, 4, 223, 2, NULL),
(4089, 284, 41, 8, 453.6, 5, NULL),
(4090, 284, 25, 12, 695, 5, NULL),
(4091, 286, 10, 4, 230.8, 1, NULL),
(4092, 286, 25, 12, 550, 5, NULL),
(4093, 286, 13, 3, 550, 2, NULL),
(4094, 286, 19, 3, 550, 2, NULL),
(4095, 286, 26, 3, 550, 2, NULL),
(4096, 287, 8, 4, 316.7, 1, NULL),
(4097, 287, 9, 4, 316.7, 1, NULL),
(4098, 287, 10, 4, 316.7, 1, NULL),
(4099, 287, 27, 4, 203, 2, NULL),
(4100, 287, 25, 12, 544, 5, NULL),
(4103, 287, 18, 8, 459, 5, NULL),
(4104, 287, 18, 8, 430, 5, NULL),
(4105, 289, 15, 4, 511.5, 2, NULL),
(4106, 289, 27, 4, 214.5, 2, NULL),
(4107, 289, 20, 7, 319, 3, NULL),
(4108, 289, 14, 0, 511.5, 3, NULL),
(4109, 289, 14, 0, 430, 3, NULL),
(4110, 289, 17, 0, 495, 3, NULL),
(4111, 289, 17, 0, 430, 3, NULL),
(4112, 290, 25, 13, 450, 5, NULL),
(4114, 291, 15, 4, 437.4, 2, NULL),
(4115, 291, 27, 4, 214.5, 2, NULL),
(4116, 291, 14, 7, 437.4, 3, NULL),
(4117, 291, 14, 7, 430, 3, NULL),
(4118, 291, 20, 7, 319, 3, NULL),
(4119, 292, 25, 12, 406, 5, NULL),
(4120, 293, 25, 12, 406, 5, NULL),
(4121, 294, 8, 4, 316.7, 1, NULL),
(4122, 294, 9, 4, 316.7, 1, NULL),
(4123, 294, 10, 4, 316.7, 1, NULL),
(4124, 294, 27, 4, 203, 2, NULL),
(4125, 294, 25, 12, 544, 5, NULL),
(4126, 294, 41, 8, 474.3, 5, NULL),
(4127, 294, 41, 8, 430, 5, NULL),
(4128, 294, 18, 8, 430, 5, NULL),
(4129, 294, 18, 8, 459, 5, NULL),
(4130, 295, 25, 12, 369, 5, NULL),
(4131, 295, 36, 1, 432, 2, NULL),
(4132, 296, 8, 4, 316.7, 1, NULL),
(4133, 296, 9, 4, 316.7, 1, NULL),
(4134, 296, 10, 4, 316.7, 1, NULL),
(4135, 296, 27, 4, 203, 2, NULL),
(4136, 296, 25, 12, 544, 5, NULL),
(4137, 296, 41, 8, 474.3, 5, NULL),
(4138, 296, 41, 8, 430, 5, NULL),
(4139, 296, 18, 8, 430, 5, NULL),
(4140, 296, 18, 8, 459, 5, NULL),
(4141, 297, 27, 4, 223, 2, NULL),
(4142, 297, 25, 12, 695, 5, NULL),
(4143, 297, 41, 8, 453.6, 5, NULL),
(4144, 298, 20, 6, 307, 3, NULL),
(4145, 298, 14, 6, 453.6, 3, NULL),
(4146, 298, 14, 6, 430, 3, NULL),
(4147, 298, 17, 6, 430, 3, NULL),
(4148, 298, 17, 6, 453.6, 3, NULL),
(4149, 299, 25, 12, 450, 5, NULL),
(4150, 299, 18, 5, 378, 5, NULL),
(4151, 299, 41, 5, 390.6, 5, NULL),
(4152, 300, 12, 3, 437.4, 1, NULL),
(4153, 300, 15, 4, 437.4, 2, NULL),
(4154, 300, 27, 4, 214.5, 2, NULL),
(4155, 300, 20, 3, 265, 3, NULL),
(4156, 301, 12, 3, 437.4, 1, NULL),
(4157, 301, 12, 3, 430, 1, NULL),
(4158, 301, 15, 4, 437.4, 2, NULL),
(4159, 301, 27, 4, 214.5, 2, NULL),
(4160, 301, 20, 3, 265, 3, NULL),
(4161, 301, 14, 0, 437.4, 3, NULL),
(4162, 301, 14, 0, 430, 3, NULL),
(4168, 301, 14, 3, 265, 3, NULL),
(4170, 302, 11, 3, 495, 1, NULL),
(4171, 302, 12, 3, 511.5, 1, NULL),
(4172, 302, 11, 3, 430, 1, '1'),
(4173, 302, 12, 3, 430, 1, '1'),
(4174, 302, 15, 4, 511.5, 2, NULL),
(4175, 302, 27, 4, 214.5, 2, NULL),
(4176, 302, 20, 2, 226, 3, NULL),
(4177, 302, 14, 0, 511.5, 3, NULL),
(4178, 302, 14, 0, 430, 3, NULL),
(4179, 302, 17, 0, 495, 3, NULL),
(4180, 302, 17, 0, 430, 3, NULL),
(4181, 302, 32, 4, 504, 2, NULL),
(4182, 303, 10, 4, 225.7, 1, NULL),
(4183, 303, 25, 12, 550, 5, NULL),
(4184, 304, 20, 2, 255.9, 3, NULL),
(4185, 305, 6, 7, 171.6, 1, NULL),
(4186, 306, 6, 7, 145.2, 1, NULL),
(4187, 307, 6, 7, 145.2, 1, NULL),
(4188, 308, 6, 7, 145.2, 1, NULL),
(4189, 309, 6, 7, 264, 1, NULL),
(4190, 310, 6, 7, 264, 1, NULL),
(4192, 80, 14, 7, 307, 3, NULL),
(4193, 81, 14, 7, 307, 3, NULL),
(4194, 104, 25, 12, 525, 5, NULL),
(4195, 106, 25, 12, 558, 5, NULL),
(4196, 159, 14, 7, 430, 3, NULL),
(4197, 162, 14, 6, 453.6, 3, NULL),
(4198, 162, 14, 6, 430, 3, NULL),
(4199, 162, 17, 6, 453.6, 3, NULL),
(4200, 162, 17, 6, 430, 3, NULL),
(4201, 162, 20, 6, 307, 3, NULL),
(4202, 167, 14, 7, 319, 3, NULL),
(4203, 168, 14, 7, 319, 3, NULL),
(4204, 170, 25, 12, 624, 5, NULL),
(4207, 216, 14, 7, 319, 3, NULL),
(4208, 229, 14, 3, 265, 3, NULL),
(4209, 230, 14, 3, 265, 3, NULL),
(4210, 246, 14, 0, 430, 3, NULL),
(4211, 270, 14, 6, 265, 3, NULL),
(4212, 271, 14, 6, 265, 3, NULL),
(4213, 291, 14, 7, 319, 3, NULL),
(4214, 300, 14, 0, 437.4, 3, NULL),
(4215, 300, 14, 3, 265, 3, NULL),
(4220, 397, 32, 3, 435, 2, NULL),
(4224, 400, 32, 3, 435, 2, NULL),
(4243, 414, 32, 3, 435, 2, NULL),
(4250, 416, 32, 3, 435, 2, NULL),
(4251, 327, 44, 5, 207, 1, NULL),
(4252, 327, 45, 2, 160, 1, NULL),
(4253, 327, 45, 2, 160, 2, NULL),
(4254, 329, 45, 2, 160, 2, NULL),
(4255, 329, 20, 3, 315, 3, NULL),
(4256, 329, 12, 3, 315, 2, NULL),
(4257, 329, 44, 5, 207, 1, NULL),
(4258, 329, 45, 2, 160, 1, NULL),
(4259, 327, 20, 3, 315, 3, NULL),
(4260, 327, 14, 3, 315, 3, NULL),
(4261, 327, 27, 4, 214.5, 2, NULL),
(4262, 329, 27, 4, 214.5, 2, NULL),
(4263, 330, 44, 5, 207, 1, NULL),
(4264, 330, 45, 2, 160, 1, NULL),
(4265, 330, 27, 4, 214.5, 2, NULL),
(4266, 330, 20, 3, 315, 3, NULL),
(4267, 330, 14, 3, 315, 3, NULL),
(4268, 332, 12, 3, 210.6, 1, NULL),
(4269, 332, 20, 3, 164.3, 3, NULL),
(4270, 332, 14, 2, 210.6, 3, NULL),
(4271, 332, 14, 2, 164.3, 3, NULL),
(4272, 333, 12, 3, 210.6, 1, NULL),
(4273, 333, 14, 2, 210.6, 3, NULL),
(4274, 333, 14, 2, 164.3, 3, NULL),
(4275, 333, 20, 3, 164.3, 3, NULL),
(4327, 417, 6, 7, 171.6, 1, NULL),
(4328, 418, 6, 7, 145.2, 1, NULL),
(4329, 419, 6, 7, 145.2, 1, NULL),
(4330, 420, 6, 7, 145.2, 1, NULL),
(4331, 421, 6, 7, 145.2, 1, NULL),
(4332, 422, 6, 7, 145.2, 1, NULL),
(4333, 423, 6, 7, 145.2, 1, NULL),
(4334, 424, 6, 7, 264, 1, NULL),
(4335, 425, 46, 1, 136.4, 2, NULL),
(4336, 426, 46, 1, 136.4, 2, NULL),
(4337, 427, 46, 1, 136.4, 2, NULL),
(4338, 428, 46, 1, 136.4, 2, NULL),
(4339, 429, 46, 1, 136.4, 2, NULL),
(4340, 430, 46, 1, 136.4, 2, NULL),
(4341, 431, 46, 1, 136.4, 2, NULL),
(4342, 432, 46, 1, 136.4, 2, NULL),
(4343, 433, 46, 1, 136.4, 2, NULL),
(4344, 434, 46, 1, 136.4, 2, NULL),
(4345, 435, 46, 1, 136.4, 2, NULL),
(4346, 436, 46, 1, 227.3, 2, NULL),
(4347, 437, 46, 1, 227.3, 2, NULL),
(4348, 438, 46, 1, 176, 2, NULL),
(4349, 439, 46, 1, 176, 2, NULL),
(4350, 440, 47, 2, 229, 1, NULL),
(4351, 441, 47, 1, 200, 1, NULL),
(4353, 442, 47, 1, 200, 1, NULL),
(4354, 443, 47, 1, 200, 1, NULL),
(4355, 444, 47, 1, 200, 1, NULL),
(4356, 445, 47, 1, 200, 1, NULL),
(4357, 446, 47, 1, 74, 1, NULL),
(4358, 447, 47, 1, 74, 1, NULL),
(4359, 448, 47, 1, 74, 1, NULL),
(4364, 222, 12, 3, 430, 1, '1'),
(4365, 222, 41, 8, 430, 5, '0'),
(4366, 221, 12, 3, 430, 1, '1'),
(4367, 221, 41, 8, 430, 5, '0'),
(4368, 260, 12, 3, 430, 1, '1'),
(4369, 260, 41, 8, 430, 5, '0'),
(4370, 261, 12, 3, 430, 1, '1'),
(4371, 261, 41, 8, 430, 5, '0'),
(4372, 284, 41, 8, 430, 5, '0'),
(4373, 284, 12, 3, 430, 1, '1'),
(4374, 297, 12, 3, 430, 1, '1'),
(4375, 297, 41, 8, 430, 5, '0');
INSERT INTO `products_slots` (`product_slot_id`, `product_id`, `line_id`, `people_count`, `perfomance`, `type_id`, `hardware`) VALUES
(4378, 461, 8, 4, 472, 1, '0'),
(4379, 461, 9, 4, 472, 1, '0'),
(4380, 461, 10, 4, 472, 1, '0'),
(4381, 461, 12, 3, 387.6, 1, '0'),
(4382, 461, 14, 7, 387.6, 3, '0'),
(4383, 461, 13, 4, 387.6, 2, '0'),
(4384, 461, 19, 4, 387.6, 2, '0'),
(4385, 461, 26, 4, 307, 2, '0'),
(4386, 461, 20, 7, 307, 3, '0'),
(4387, 464, 8, 4, 341.5, 1, '0'),
(4388, 464, 9, 4, 341.5, 1, '0'),
(4389, 464, 10, 4, 341.5, 1, '0'),
(4390, 464, 11, 3, 453.6, 1, '0'),
(4391, 464, 11, 3, 430, 1, '1'),
(4392, 464, 12, 3, 453.6, 1, '0'),
(4393, 464, 12, 3, 430, 1, '1'),
(4394, 464, 14, 6, 453.6, 3, '0'),
(4395, 464, 14, 6, 430, 3, '0'),
(4396, 464, 13, 3, 453.6, 2, '0'),
(4397, 464, 13, 3, 430, 2, '0'),
(4398, 464, 17, 6, 453.6, 3, '0'),
(4399, 464, 17, 6, 430, 3, '0'),
(4400, 464, 20, 6, 307, 3, '0'),
(4401, 464, 19, 3, 453.6, 2, '0'),
(4402, 464, 19, 3, 430, 2, '0'),
(4403, 464, 26, 4, 307, 2, '0'),
(4404, 465, 8, 4, 260.8, 1, '0'),
(4409, 465, 9, 4, 260.8, 1, '0'),
(4412, 465, 10, 4, 260.8, 1, '0'),
(4415, 465, 11, 3, 378, 1, '0'),
(4416, 465, 12, 3, 390.6, 1, '0'),
(4422, 465, 19, 3, 378, 2, '0'),
(4425, 465, 41, 5, 390.6, 5, '0'),
(4430, 465, 13, 3, 390.6, 2, '0'),
(4431, 465, 25, 12, 450, 5, '0'),
(4436, 465, 26, 4, 450, 2, '0'),
(4437, 460, 8, 4, 472, 1, '0'),
(4438, 460, 9, 4, 472, 1, '0'),
(4439, 460, 10, 4, 472, 1, '0'),
(4440, 460, 11, 3, 387.6, 1, '0'),
(4441, 460, 12, 3, 387.6, 1, '0'),
(4448, 460, 14, 7, 387.6, 3, '0'),
(4449, 460, 17, 7, 387.6, 3, '0'),
(4451, 460, 29, 2, 585, 2, '0'),
(4452, 460, 37, 1, 187.5, 2, '0'),
(4453, 466, 8, 4, 472, 1, '0'),
(4454, 466, 9, 4, 472, 1, '0'),
(4455, 466, 10, 4, 472, 1, '0'),
(4456, 466, 11, 3, 387.6, 1, '0'),
(4457, 466, 12, 3, 387.6, 1, '0'),
(4468, 467, 8, 4, 472, 1, '0'),
(4469, 467, 9, 4, 472, 1, '0'),
(4470, 467, 10, 4, 472, 1, '0'),
(4471, 467, 11, 3, 387.6, 1, '0'),
(4472, 467, 12, 3, 387.6, 1, '0'),
(4473, 467, 41, 7, 387.6, 5, '0'),
(4474, 467, 18, 7, 387.6, 5, '0'),
(4478, 468, 8, 4, 472, 1, '0'),
(4479, 468, 9, 4, 472, 1, '0'),
(4480, 468, 10, 4, 472, 1, '0'),
(4481, 468, 11, 3, 387.6, 1, '0'),
(4482, 468, 12, 3, 387.6, 1, '0'),
(4483, 468, 18, 7, 387.6, 5, '0'),
(4484, 468, 41, 7, 387.6, 5, '0'),
(4486, 468, 13, 4, 387.6, 2, '0'),
(4487, 468, 19, 4, 387.6, 2, '0'),
(4489, 469, 8, 4, 459.5, 1, NULL),
(4490, 469, 9, 4, 459.5, 1, NULL),
(4491, 469, 10, 4, 459.5, 1, NULL),
(4492, 469, 11, 3, 377.4, 1, NULL),
(4493, 469, 12, 3, 377.4, 1, NULL),
(4494, 469, 20, 4, 319, 3, '1'),
(4495, 469, 17, 5, 377.4, 3, '1'),
(4496, 469, 14, 5, 377.4, 3, '1'),
(4497, 469, 15, 4, 214.5, 2, '1'),
(4498, 469, 27, 4, 214.5, 2, '1'),
(4499, 469, 28, 5, 148, 2, '1'),
(4500, 467, 29, 2, 585, 2, '1'),
(4501, 467, 37, 1, 150, 2, '1'),
(4502, 472, 8, 4, 395, 1, NULL),
(4503, 472, 9, 4, 395, 1, NULL),
(4504, 472, 10, 4, 395, 1, NULL),
(4505, 472, 11, 3, 324.7, 1, NULL),
(4506, 472, 12, 3, 324.7, 1, NULL),
(4507, 472, 15, 4, 214.5, 2, '1'),
(4508, 472, 27, 4, 214.5, 2, '1'),
(4509, 472, 28, 5, 148, 2, '1'),
(4510, 472, 18, 7, 324.7, 5, '1'),
(4511, 472, 41, 7, 324.7, 5, '1'),
(4512, 472, 25, 12, 402.9, 5, '1'),
(4513, 466, 37, 1, 187.5, 2, '1'),
(4517, 471, 8, 4, 472, 1, NULL),
(4518, 471, 9, 4, 472, 1, NULL),
(4519, 471, 10, 4, 472, 1, NULL),
(4520, 471, 11, 3, 387.6, 1, NULL),
(4521, 471, 12, 3, 387.6, 1, NULL),
(4522, 471, 37, 1, 187.5, 2, '1'),
(4523, 471, 41, 7, 387.6, 5, '1'),
(4524, 471, 18, 7, 387.6, 5, '1'),
(4525, 471, 25, 12, 481.4, 5, '1'),
(4526, 468, 26, 4, 481.4, 2, '1'),
(4527, 334, 31, 2, 143.5, 2, '4'),
(4528, 334, 31, 2, 143.5, 2, '5'),
(4529, 334, 31, 2, 287, 2, '6'),
(4530, 335, 31, 2, 143.5, 2, '4'),
(4531, 335, 31, 2, 143.5, 2, '5'),
(4532, 335, 31, 2, 287, 2, '6'),
(4533, 336, 31, 2, 143.5, 2, '4'),
(4534, 336, 31, 2, 143.5, 2, '5'),
(4535, 336, 31, 2, 287, 2, '6'),
(4536, 337, 31, 2, 143.5, 2, '4'),
(4537, 337, 31, 2, 143.5, 2, '5'),
(4538, 337, 31, 2, 287, 2, '6'),
(4539, 338, 31, 2, 143.5, 2, '4'),
(4540, 338, 31, 2, 143.5, 2, '5'),
(4541, 338, 31, 2, 287, 2, '6'),
(4542, 339, 31, 2, 143.5, 2, '4'),
(4543, 339, 31, 2, 143.5, 2, '5'),
(4544, 339, 31, 2, 287, 2, '6'),
(4545, 340, 31, 2, 143.5, 2, '4'),
(4546, 340, 31, 2, 143.5, 2, '5'),
(4547, 340, 31, 2, 287, 2, '6'),
(4548, 342, 31, 2, 143.5, 2, '4'),
(4549, 342, 31, 2, 143.5, 2, '5'),
(4550, 342, 31, 2, 287, 2, '6'),
(4551, 343, 31, 2, 143.5, 2, '4'),
(4552, 343, 31, 2, 143.5, 2, '5'),
(4553, 343, 31, 2, 287, 2, '6'),
(4554, 345, 31, 2, 143.5, 2, '4'),
(4555, 345, 31, 2, 143.5, 2, '5'),
(4556, 345, 31, 2, 287, 2, '6'),
(4557, 346, 31, 2, 143.5, 2, '4'),
(4558, 346, 31, 2, 143.5, 2, '5'),
(4559, 346, 31, 2, 287, 2, '6'),
(4560, 348, 31, 2, 143.5, 2, '4'),
(4561, 348, 31, 2, 143.5, 2, '5'),
(4562, 348, 31, 2, 287, 2, '6'),
(4563, 349, 31, 2, 143.5, 2, '4'),
(4564, 349, 31, 2, 143.5, 2, '5'),
(4565, 349, 31, 2, 287, 2, '6'),
(4566, 351, 31, 2, 143.5, 2, '4'),
(4567, 351, 31, 2, 143.5, 2, '5'),
(4568, 351, 31, 2, 287, 2, '6'),
(4569, 352, 31, 2, 143.5, 2, '4'),
(4570, 352, 31, 2, 143.5, 2, '5'),
(4571, 352, 31, 2, 287, 2, '6'),
(4572, 354, 31, 2, 143.5, 2, '4'),
(4573, 354, 31, 2, 143.5, 2, '5'),
(4574, 354, 31, 2, 287, 2, '6'),
(4575, 355, 31, 2, 143.5, 2, '4'),
(4576, 355, 31, 2, 143.5, 2, '5'),
(4577, 355, 31, 2, 287, 2, '6'),
(4578, 356, 31, 2, 143.5, 2, '4'),
(4579, 356, 31, 2, 143.5, 2, '5'),
(4580, 356, 31, 2, 287, 2, '6'),
(4584, 358, 31, 2, 143.5, 2, '4'),
(4585, 358, 31, 2, 143.5, 2, '5'),
(4586, 358, 31, 2, 287, 2, '6'),
(4587, 359, 31, 2, 143.5, 2, '4'),
(4588, 359, 31, 2, 143.5, 2, '5'),
(4589, 359, 31, 2, 287, 2, '6'),
(4590, 360, 31, 2, 143.5, 2, '4'),
(4591, 360, 31, 2, 143.5, 2, '5'),
(4592, 360, 31, 2, 287, 2, '6'),
(4593, 361, 31, 2, 143.5, 2, '4'),
(4594, 361, 31, 2, 143.5, 2, '5'),
(4595, 361, 31, 2, 287, 2, '6'),
(4596, 397, 31, 3, 143.5, 2, '4'),
(4597, 397, 31, 3, 143.5, 2, '5'),
(4598, 397, 31, 3, 287, 2, '6'),
(4599, 400, 31, 3, 143.5, 2, '4'),
(4600, 400, 31, 3, 143.5, 2, '5'),
(4601, 400, 31, 3, 287, 2, '6'),
(4602, 409, 31, 3, 143.5, 2, '4'),
(4603, 409, 31, 3, 143.5, 2, '5'),
(4604, 409, 31, 3, 287, 2, '6'),
(4605, 410, 31, 3, 143.5, 2, '4'),
(4606, 410, 31, 3, 143.5, 2, '5'),
(4607, 410, 31, 3, 287, 2, '6'),
(4608, 411, 31, 3, 143.5, 2, '4'),
(4609, 411, 31, 3, 143.5, 2, '5'),
(4610, 411, 31, 3, 287, 2, '6'),
(4611, 412, 31, 3, 143.5, 2, '4'),
(4612, 412, 31, 3, 143.5, 2, '5'),
(4613, 412, 31, 3, 287, 2, '6'),
(4614, 413, 31, 3, 143.5, 2, '4'),
(4615, 413, 31, 3, 143.5, 2, '5'),
(4616, 413, 31, 3, 287, 2, '6'),
(4617, 414, 31, 3, 143.5, 2, '4'),
(4618, 414, 31, 3, 143.5, 2, '5'),
(4619, 414, 31, 3, 287, 2, '6'),
(4620, 415, 31, 3, 143.5, 2, '4'),
(4621, 415, 31, 3, 143.5, 2, '5'),
(4622, 415, 31, 3, 287, 2, '6'),
(4623, 416, 31, 3, 143.5, 2, '4'),
(4624, 416, 31, 3, 143.5, 2, '5'),
(4625, 416, 31, 3, 287, 2, '6'),
(4637, 510, 10, 4, 198.72, 1, '1'),
(4638, 510, 19, 7, 103, 2, '1'),
(4639, 510, 8, 4, 198.72, 1, '1'),
(4640, 510, 26, 7, 103, 2, '1'),
(4641, 510, 9, 4, 198.72, 1, '1'),
(4642, 510, 13, 7, 103, 2, '1'),
(4643, 510, 29, 2, 183, 2, '1'),
(4644, 510, 24, 5, 103, 3, '1'),
(4645, 112, 43, 3, 260.8, 4, '1'),
(4646, 82, 19, 5, 562.8, 2, '1'),
(4647, 1, 12, 3, 511.5, 1, NULL),
(4648, 82, 13, 5, 562.8, 2, '1'),
(4649, 2, 17, 0, 430, 3, NULL),
(4650, 3, 17, 7, 430, 3, NULL),
(4651, 4, 17, 7, 437.4, 3, NULL),
(4652, 5, 17, 7, 430, 3, NULL),
(4653, 13, 17, 0, 437.4, 3, NULL),
(4654, 13, 17, 0, 430, 3, NULL),
(4655, 14, 17, 7, 430, 3, NULL),
(4656, 15, 17, 0, 437.4, 3, NULL),
(4657, 15, 17, 0, 430, 3, NULL),
(4658, 466, 14, 7, 387.6, 3, NULL),
(4659, 466, 17, 7, 387.6, 3, NULL),
(4660, 466, 20, 7, 319, 3, NULL),
(4661, 45, 15, 4, 214.5, 2, NULL),
(4662, 43, 15, 4, 214.5, 2, NULL),
(4663, 37, 15, 4, 214.5, 2, NULL),
(4664, 32, 15, 4, 214.5, 2, NULL),
(4667, 55, 15, 4, 214.5, 2, NULL),
(4668, 61, 15, 4, 214.5, 2, NULL),
(4669, 62, 15, 4, 214.5, 2, NULL),
(4670, 62, 41, 8, 430, 5, NULL),
(4671, 68, 17, 7, 430, 3, NULL),
(4672, 467, 25, 12, 481.4, 5, NULL),
(4675, 80, 12, 3, 430, 1, '1'),
(4676, 73, 14, 7, 192, 3, NULL),
(4677, 74, 14, 7, 192, 3, NULL),
(4678, 75, 14, 7, 192, 3, NULL),
(4679, 78, 14, 6, 307, 3, NULL),
(4680, 79, 14, 6, 307, 3, NULL),
(4681, 83, 14, 7, 347.6, 3, NULL),
(4682, 84, 14, 6, 307, 3, NULL),
(4683, 85, 14, 6, 307, 3, NULL),
(4684, 86, 14, 6, 307, 3, NULL),
(4685, 86, 13, 3, 430, 2, NULL),
(4686, 85, 13, 3, 430, 2, NULL),
(4687, 85, 19, 3, 430, 2, NULL),
(4688, 84, 13, 3, 430, 2, NULL),
(4689, 84, 19, 3, 430, 2, NULL),
(4690, 83, 13, 3, 430, 2, NULL),
(4691, 83, 19, 3, 430, 2, NULL),
(4692, 82, 13, 5, 430, 2, NULL),
(4693, 82, 19, 5, 430, 2, NULL),
(4694, 79, 19, 3, 430, 2, NULL),
(4695, 79, 13, 3, 430, 2, NULL),
(4696, 78, 13, 3, 430, 2, NULL),
(4697, 78, 19, 3, 430, 2, NULL),
(4698, 90, 13, 3, 430, 2, NULL),
(4699, 90, 19, 3, 430, 2, NULL),
(4700, 101, 13, 3, 430, 2, NULL),
(4701, 101, 19, 3, 430, 2, NULL),
(4702, 104, 13, 3, 430, 2, NULL),
(4703, 104, 19, 3, 430, 2, NULL),
(4704, 115, 48, 1, 240, 2, NULL),
(4705, 115, 49, 1, 268.8, 2, NULL),
(4706, 116, 48, 1, 240, 2, NULL),
(4707, 116, 49, 1, 268.8, 2, NULL),
(4708, 117, 48, 1, 240, 2, NULL),
(4709, 117, 49, 1, 268.8, 2, NULL),
(4712, 394, 13, 3, 430, 2, NULL),
(4713, 394, 19, 3, 430, 2, NULL),
(4714, 395, 13, 3, 430, 2, NULL),
(4715, 395, 19, 3, 430, 2, NULL),
(4716, 396, 13, 3, 430, 2, NULL),
(4717, 396, 19, 3, 430, 2, NULL),
(4718, 468, 25, 12, 481.4, 5, NULL),
(4719, 185, 31, 3, 143.5, 2, NULL),
(4720, 185, 31, 3, 287, 2, NULL),
(4721, 184, 31, 3, 143.5, 2, NULL),
(4722, 184, 31, 3, 287, 2, NULL),
(4723, 183, 31, 3, 143.5, 2, NULL),
(4724, 183, 31, 3, 287, 2, NULL),
(4725, 182, 31, 3, 143.5, 2, NULL),
(4726, 182, 31, 3, 287, 2, NULL),
(4727, 181, 31, 3, 143.5, 2, NULL),
(4728, 181, 31, 3, 287, 2, NULL),
(4729, 180, 31, 3, 143.5, 2, NULL),
(4730, 180, 31, 3, 287, 2, NULL),
(4731, 179, 31, 3, 143.5, 2, NULL),
(4732, 179, 31, 3, 287, 2, NULL),
(4733, 178, 31, 3, 143.5, 2, NULL),
(4734, 178, 31, 3, 287, 2, NULL),
(4735, 177, 31, 3, 143.5, 2, NULL),
(4736, 177, 31, 3, 287, 2, NULL),
(4737, 173, 17, 6, 435, 3, NULL),
(4738, 143, 36, 1, 432, 2, NULL),
(4739, 143, 48, 1, 240, 2, NULL),
(4740, 143, 49, 1, 268.8, 2, NULL),
(4741, 148, 14, 6, 307, 3, NULL),
(4742, 148, 13, 5, 307, 2, NULL),
(4743, 193, 31, 3, 143.5, 2, NULL),
(4744, 193, 31, 3, 287, 2, NULL),
(4745, 194, 31, 3, 143.5, 2, NULL),
(4746, 194, 31, 3, 287, 2, NULL),
(4747, 195, 31, 3, 143.5, 2, NULL),
(4748, 195, 31, 3, 287, 2, NULL),
(4749, 196, 31, 3, 143.5, 2, NULL),
(4750, 196, 31, 3, 287, 2, NULL),
(4751, 197, 31, 3, 143.5, 2, NULL),
(4752, 197, 31, 3, 287, 2, NULL),
(4753, 190, 14, 7, 319, 3, NULL),
(4754, 201, 43, 3, 260.8, 4, NULL),
(4755, 213, 14, 0, 511.5, 3, NULL),
(4756, 213, 14, 7, 319, 3, NULL),
(4757, 214, 43, 3, 260.8, 4, NULL),
(4758, 215, 43, 3, 260.8, 4, NULL),
(4759, 219, 48, 1, 240, 2, NULL),
(4760, 219, 49, 1, 268.8, 2, NULL),
(4761, 226, 13, 3, 430, 2, NULL),
(4762, 226, 19, 3, 430, 2, NULL),
(4763, 225, 13, 3, 430, 2, NULL),
(4764, 225, 19, 3, 430, 2, NULL),
(4765, 231, 11, 3, 430, 1, '1'),
(4766, 231, 12, 3, 430, 1, '1'),
(4767, 231, 15, 4, 430, 2, NULL),
(4768, 231, 16, 4, 430, 2, NULL),
(4769, 235, 31, 3, 143.5, 2, NULL),
(4770, 235, 31, 3, 287, 2, NULL),
(4771, 142, 43, 3, 260.8, 4, NULL),
(4772, 249, 14, 7, 319, 3, NULL),
(4773, 250, 43, 3, 260.8, 4, NULL),
(4774, 251, 43, 3, 260.8, 4, NULL),
(4775, 256, 36, 1, 432, 2, NULL),
(4776, 256, 48, 1, 240, 2, NULL),
(4777, 256, 49, 1, 268.8, 2, NULL),
(4778, 265, 14, 6, 307, 3, NULL),
(4779, 266, 14, 6, 307, 3, NULL),
(4780, 267, 14, 6, 307, 3, NULL),
(4781, 268, 18, 5, 378, 5, NULL),
(4782, 272, 14, 2, 226, 3, NULL),
(4783, 274, 31, 3, 143.5, 2, NULL),
(4784, 274, 31, 3, 287, 2, NULL),
(4785, 283, 14, 0, 430, 3, NULL),
(4786, 289, 14, 7, 319, 3, NULL),
(4787, 290, 43, 3, 260.8, 4, NULL),
(4788, 295, 48, 1, 240, 2, NULL),
(4789, 295, 49, 1, 268.8, 2, NULL),
(4790, 298, 14, 6, 307, 3, NULL),
(4791, 302, 14, 2, 226, 3, NULL),
(4792, 329, 14, 3, 315, 3, NULL);

-- --------------------------------------------------------

--
-- Структура таблицы `responsible`
--

CREATE TABLE `responsible` (
  `responsible_id` bigint UNSIGNED NOT NULL,
  `title` varchar(255) CHARACTER SET utf8mb4 COLLATE utf8mb4_unicode_ci NOT NULL,
  `position` int NOT NULL
) ENGINE=InnoDB DEFAULT CHARSET=utf8mb4 COLLATE=utf8mb4_unicode_ci;

--
-- Дамп данных таблицы `responsible`
--

INSERT INTO `responsible` (`responsible_id`, `title`, `position`) VALUES
(1, 'Иванова Алена Сергеева', 1),
(2, 'Чинякина Светлана Викторовна', 1),
(3, 'Жукова Марина Петровна', 2),
(4, 'Степанова Людмила Вячеславовна', 2),
(5, 'Васильева Светлана Валерьевна', 2),
(6, 'Борисова Светлана Михайловна', 3),
(7, 'Топталина Ольга Фаритовна', 3),
(8, 'Демьянов Станислав Владимирович', 3),
(9, 'Лизнев Павел Николаевич', 4),
(10, 'Гимпу Эдуард Михайлович', 4),
(11, 'Илашко Сергей', 5),
(12, 'Колесников Вадим Николаевич', 5);

-- --------------------------------------------------------

--
-- Структура таблицы `slots`
--

CREATE TABLE `slots` (
  `slot_id` bigint UNSIGNED NOT NULL,
  `worker_id` bigint UNSIGNED NOT NULL,
  `started_at` datetime NOT NULL,
  `ended_at` datetime NOT NULL,
  `line_id` bigint UNSIGNED NOT NULL,
  `down_time` int DEFAULT '0',
  `date` date DEFAULT NULL,
  `isDay` tinyint(1) NOT NULL
) ENGINE=InnoDB DEFAULT CHARSET=utf8mb4 COLLATE=utf8mb4_unicode_ci;

--
-- Дамп данных таблицы `slots`
--

INSERT INTO `slots` (`slot_id`, `worker_id`, `started_at`, `ended_at`, `line_id`, `down_time`, `date`, `isDay`) VALUES
(1, 82, '2025-08-10 20:00:00', '2025-08-11 06:30:00', 12, 0, '2025-08-10', 0),
(2, 83, '2025-08-10 20:00:00', '2025-08-11 06:30:00', 12, 0, '2025-08-10', 0),
(3, 82, '2025-08-10 20:00:00', '2025-08-11 08:00:00', 14, 0, '2025-08-10', 0),
(4, 83, '2025-08-10 20:00:00', '2025-08-11 08:00:00', 13, 0, '2025-08-10', 0),
(5, 82, '2025-08-10 20:00:00', '2025-08-11 06:00:00', 9, 0, '2025-08-10', 0),
(6, 82, '2026-02-09 20:49:02', '2026-01-27 20:22:47', 8, 0, '2026-01-27', 0),
(7, 82, '2026-02-09 20:49:23', '2026-01-27 20:22:47', 8, 0, '2026-01-27', 0),
(8, 82, '2026-02-09 20:49:31', '2026-01-27 20:22:47', 8, 0, '2026-01-27', 0),
(9, 82, '2026-02-11 16:37:40', '2026-02-11 08:43:32', 12, 0, '2026-02-10', 0),
(10, 83, '2026-02-11 16:37:44', '2026-02-11 06:43:32', 12, 0, '2026-02-10', 0),
(11, 85, '2026-02-11 16:37:46', '2026-02-11 06:43:32', 12, 0, '2026-02-10', 0),
(12, 88, '2026-02-11 16:38:02', '2026-02-11 06:43:32', 12, 0, '2026-02-10', 0),
(13, 83, '2026-02-17 18:00:00', '2026-02-17 19:37:00', 6, 0, '2026-02-16', 0),
(14, 84, '2026-02-17 18:00:00', '2026-02-17 19:37:00', 6, 0, '2026-02-16', 0),
(15, 86, '2026-02-17 18:00:00', '2026-02-17 19:37:00', 6, 0, '2026-02-16', 0),
(16, 85, '2026-02-17 16:30:00', '2026-02-18 05:11:12', 9, 0, '2026-02-16', 0);

-- --------------------------------------------------------

--
-- Структура таблицы `workers`
--

CREATE TABLE `workers` (
  `worker_id` bigint UNSIGNED NOT NULL,
  `title` varchar(255) CHARACTER SET utf8mb4 COLLATE utf8mb4_unicode_ci NOT NULL,
  `company_id` bigint UNSIGNED NOT NULL
) ENGINE=InnoDB DEFAULT CHARSET=utf8mb4 COLLATE=utf8mb4_unicode_ci;

--
-- Дамп данных таблицы `workers`
--

INSERT INTO `workers` (`worker_id`, `title`, `company_id`) VALUES
(82, 'Алимардонова Саидахон', 1),
(83, 'Алимов Ислом Шодмон угли', 1),
(84, 'Андреева Алина Николаевна', 1),
(85, 'Атахонова Хаётхон Гуломжоновна', 1),
(86, 'Бекчанова Манзура Алимбаевна', 1),
(87, 'Ботиров Алержон Одилович', 1),
(88, 'Гусева Надежда Анатольевна', 1),
(89, 'Демьянов Станислав Владимирович', 1),
(90, 'Ефанова Елена Владимировна', 1),
(91, 'Жарова Ирина Николаевна', 1),
(92, 'Мирзоев Холахмад Амонович', 1),
(93, 'Муминова Садокат Муроджоновна', 1),
(94, 'Мусоев Илхомжон Мамасаидович', 1),
(95, 'Мухсинжонова', 1),
(96, 'Нематов Жахонгир Парпиевич', 1),
(97, 'Норов Нарзулло Вайдуллоевич', 1),
(98, 'Норова Дилафруз Вайдуллоевна', 1),
(99, 'Нуров Мубин Мухсинжонович', 1),
(100, 'Рыдкина Елена Геннадиевна', 1),
(101, 'Садридинов Бахтиёр Саидназарович', 1),
(102, 'Самадов Нодир Намозович', 1),
(103, 'Смирнова Юлия Алексеевна', 1),
(104, 'Топунова Марина Евгеньевна', 1),
(105, 'Тураев Али Урозматович', 1),
(106, 'Хамидова Орзигул Хаитовна', 1),
(107, 'Холназарова Хилола Шоназаровна', 1),
(108, 'Шарипова Гулсара Зокировна', 1),
(109, 'Юсуфов Бегмурод Хасанович', 1),
(110, 'Зеленин Валерий Степанович', 2),
(111, 'Зеленина Любовь Ивановна', 2),
(112, 'Ивашкевич Ольга Николаевна', 2),
(113, 'Коваленко Яна Владимировна', 2),
(114, 'Крюкова Инна Николаевна', 2),
(115, 'Кузнецова Татьяна Юрьевна', 2),
(116, 'Можаев Александр Сергеевич', 2),
(117, 'Ульянова Елена Владимировна', 2),
(118, 'Абдулаева Зарема Магамедовна', 3),
(119, 'Абдулаева Зарета Аслановна', 3),
(120, 'Деревенчик Оксана Леонидовна', 3),
(121, 'Ехиханова Мадина Бекмирзаевна', 3),
(122, 'Истамулова Луиза Жандаровна', 3),
(123, 'Коваленко Оксана Анатольевна', 3),
(124, 'Колесников Вадим Михайлович', 3),
(125, 'Кравцов Кирилл Анатольевич', 3),
(126, 'Красько Николай Васильевич', 3),
(127, 'Машкова Анна Александровна', 3),
(128, 'Мелентович Игорь Михайлович', 3),
(129, 'Моллаева Элина Таусовна', 3),
(130, 'Моторина Елена Анатольевна', 3),
(131, 'Сазонова Наталья Александровна', 3),
(132, 'Салгириев Наиб Абумуслимович', 3),
(133, 'Саралиева Мадина Руслановна', 3),
(134, 'Стрелкова Надежда Валерьевна', 3),
(135, 'Углицкая Ольга Николаевна', 3),
(136, 'Уматгириева Заира Гаирбековна', 3),
(137, 'Харкевич Оксана Степановна', 3),
(138, 'Хачукаев Рустам Сейдселимович', 3),
(139, 'Хачукаева Даша Дахшукаевна', 3),
(140, 'Шибалин Максим Алексеевич', 3),
(141, 'Щепеткина Ирина Валерьевна', 3),
(142, 'Чухнина Наталья Владимировна', 3),
(143, 'Абассали Камила', 4),
(144, 'Абдулмаликова Шодонахон', 4),
(145, 'Абдусабуровна', 4),
(146, 'Ахунова Угилой Исраил кызы', 4),
(147, 'Бабаева Сафа Гияс кызы', 4),
(148, 'Бегматова Азиза Хасановна', 4),
(149, 'Камолидинов Камронбек Зухиддин', 4),
(150, 'Камолитдинова Рахнамо Йодгорбек кизи', 4),
(151, 'Меженский Дмитрий Александрович', 4),
(152, 'Раджабов Муродулло Аваз угли', 4),
(153, 'Робитова Ирдахон Гиясидиновна', 4),
(154, 'Садуллоева Гулхайо Мухидин кизи', 4),
(155, 'Таваров Зиёдулло Рахимович', 4),
(156, 'Ташев Илёс Рахматович', 4),
(157, 'Тешабоев Абдугаппор Мамадалиевич', 4),
(158, 'Тохиров Оллоберди Садир угли', 4),
(159, 'Шамуратова Сурайо Шакировна', 4),
(160, 'Насибов Сабутай Акбар Оглы', 4),
(161, 'Абдулкадырова', 5),
(162, 'Алиева Аминат Джамалдиновна', 5),
(163, 'Асхабова Петимат Алхазуровна', 5),
(164, 'Барзаевва Зарема Алхазуровна', 5),
(165, 'Гереева Раян Руслановна', 5),
(166, 'Даудова Калимат Даудовна', 5),
(167, 'Ибрагимова Лариса Татаевна', 5),
(168, 'Исмаилова Патимат Магомедовна', 5),
(169, 'Кругляк Елизавета Денисовна', 5),
(170, 'Лечиева', 5),
(171, 'Магомедов Шамил Муртазаалиевич', 5),
(172, 'Магомедова Патимат Абдуразаковна', 5),
(173, 'Мукаева', 5),
(174, 'Садуева Раисат Асендировна', 5),
(175, 'Сайтаева Иман Ильясовна', 5),
(176, 'Санавбари Собир', 5),
(177, 'Саюхова', 5),
(178, 'Тарамова Макка Хизировна', 5),
(179, 'Тепаева Наталья Владимировна', 5),
(180, 'Тисленко Нина Викторовна', 5),
(181, 'Шекерова Полина Юрьевна', 5);

-- --------------------------------------------------------

--
-- Структура таблицы `workers_breaks`
--

CREATE TABLE `workers_breaks` (
  `break_id` bigint UNSIGNED NOT NULL,
  `date` date NOT NULL,
  `isDay` tinyint(1) NOT NULL,
  `worker_id` bigint UNSIGNED NOT NULL,
  `started_at` datetime NOT NULL,
  `ended_at` datetime NOT NULL
) ENGINE=InnoDB DEFAULT CHARSET=utf8mb4 COLLATE=utf8mb4_unicode_ci;

--
-- Дамп данных таблицы `workers_breaks`
--

INSERT INTO `workers_breaks` (`break_id`, `date`, `isDay`, `worker_id`, `started_at`, `ended_at`) VALUES
(1, '2025-07-24', 0, 82, '2025-07-24 00:00:00', '2025-07-24 01:00:00'),
(2, '2025-07-24', 0, 83, '2025-07-24 00:00:00', '2025-07-24 01:00:00'),
(3, '2025-07-24', 0, 84, '2025-07-24 00:00:00', '2025-07-24 01:00:00'),
(4, '2025-07-24', 0, 85, '2025-07-24 00:00:00', '2025-07-24 01:00:00'),
(5, '2025-07-24', 0, 86, '2025-07-24 00:00:00', '2025-07-24 01:00:00'),
(6, '2025-07-24', 0, 87, '2025-07-24 00:00:00', '2025-07-24 01:00:00'),
(7, '2025-07-24', 0, 88, '2025-07-24 00:00:00', '2025-07-24 01:00:00'),
(8, '2025-07-24', 0, 89, '2025-07-24 00:00:00', '2025-07-24 01:00:00'),
(9, '2025-07-24', 0, 90, '2025-07-24 00:00:00', '2025-07-24 01:00:00'),
(10, '2025-07-24', 0, 91, '2025-07-24 00:00:00', '2025-07-24 01:00:00'),
(11, '2025-07-24', 0, 92, '2025-07-24 00:00:00', '2025-07-24 01:00:00'),
(12, '2025-07-24', 0, 93, '2025-07-24 00:00:00', '2025-07-24 01:00:00'),
(13, '2025-07-24', 0, 94, '2025-07-24 00:00:00', '2025-07-24 01:00:00'),
(14, '2025-07-24', 0, 95, '2025-07-24 00:00:00', '2025-07-24 01:00:00'),
(15, '2025-07-24', 0, 96, '2025-07-24 00:00:00', '2025-07-24 01:00:00'),
(16, '2025-07-24', 0, 97, '2025-07-24 00:00:00', '2025-07-24 01:00:00'),
(17, '2025-07-24', 0, 98, '2025-07-24 00:00:00', '2025-07-24 01:00:00'),
(18, '2025-07-24', 0, 99, '2025-07-24 00:00:00', '2025-07-24 01:00:00'),
(19, '2025-07-24', 0, 100, '2025-07-24 00:00:00', '2025-07-24 01:00:00'),
(20, '2025-07-24', 0, 101, '2025-07-24 00:00:00', '2025-07-24 01:00:00'),
(21, '2025-07-24', 0, 102, '2025-07-24 00:00:00', '2025-07-24 01:00:00'),
(22, '2025-07-24', 0, 103, '2025-07-24 00:00:00', '2025-07-24 01:00:00'),
(23, '2025-07-24', 0, 104, '2025-07-24 00:00:00', '2025-07-24 01:00:00'),
(24, '2025-07-24', 0, 105, '2025-07-24 00:00:00', '2025-07-24 01:00:00'),
(25, '2025-07-24', 0, 106, '2025-07-24 00:00:00', '2025-07-24 01:00:00'),
(26, '2025-07-24', 0, 107, '2025-07-24 00:00:00', '2025-07-24 01:00:00'),
(27, '2025-07-24', 0, 108, '2025-07-24 00:00:00', '2025-07-24 01:00:00'),
(28, '2025-07-24', 0, 109, '2025-07-24 00:00:00', '2025-07-24 01:00:00'),
(29, '2025-07-24', 0, 110, '2025-07-24 00:00:00', '2025-07-24 01:00:00'),
(30, '2025-07-24', 0, 111, '2025-07-24 00:00:00', '2025-07-24 01:00:00'),
(31, '2025-07-24', 0, 112, '2025-07-24 00:00:00', '2025-07-24 01:00:00'),
(32, '2025-07-24', 0, 113, '2025-07-24 00:00:00', '2025-07-24 01:00:00'),
(33, '2025-07-24', 0, 114, '2025-07-24 00:00:00', '2025-07-24 01:00:00'),
(34, '2025-07-24', 0, 115, '2025-07-24 00:00:00', '2025-07-24 01:00:00'),
(35, '2025-07-24', 0, 116, '2025-07-24 00:00:00', '2025-07-24 01:00:00'),
(36, '2025-07-24', 0, 117, '2025-07-24 00:00:00', '2025-07-24 01:00:00'),
(37, '2025-07-24', 0, 118, '2025-07-24 00:00:00', '2025-07-24 01:00:00'),
(38, '2025-07-24', 0, 119, '2025-07-24 00:00:00', '2025-07-24 01:00:00'),
(39, '2025-07-24', 0, 120, '2025-07-24 00:00:00', '2025-07-24 01:00:00'),
(40, '2025-07-24', 0, 121, '2025-07-24 00:00:00', '2025-07-24 01:00:00'),
(41, '2025-07-24', 0, 122, '2025-07-24 00:00:00', '2025-07-24 01:00:00'),
(42, '2025-07-24', 0, 123, '2025-07-24 00:00:00', '2025-07-24 01:00:00'),
(43, '2025-07-24', 0, 124, '2025-07-24 00:00:00', '2025-07-24 01:00:00'),
(44, '2025-07-24', 0, 125, '2025-07-24 00:00:00', '2025-07-24 01:00:00'),
(45, '2025-07-24', 0, 126, '2025-07-24 00:00:00', '2025-07-24 01:00:00'),
(46, '2025-07-24', 0, 127, '2025-07-24 00:00:00', '2025-07-24 01:00:00'),
(47, '2025-07-24', 0, 128, '2025-07-24 00:00:00', '2025-07-24 01:00:00'),
(48, '2025-07-24', 0, 129, '2025-07-24 00:00:00', '2025-07-24 01:00:00'),
(49, '2025-07-24', 0, 130, '2025-07-24 00:00:00', '2025-07-24 01:00:00'),
(50, '2025-07-24', 0, 131, '2025-07-24 00:00:00', '2025-07-24 01:00:00'),
(51, '2025-07-24', 0, 132, '2025-07-24 00:00:00', '2025-07-24 01:00:00'),
(52, '2025-07-24', 0, 133, '2025-07-24 00:00:00', '2025-07-24 01:00:00'),
(53, '2025-07-24', 0, 134, '2025-07-24 00:00:00', '2025-07-24 01:00:00'),
(54, '2025-07-24', 0, 135, '2025-07-24 00:00:00', '2025-07-24 01:00:00'),
(55, '2025-07-24', 0, 136, '2025-07-24 00:00:00', '2025-07-24 01:00:00'),
(56, '2025-07-24', 0, 137, '2025-07-24 00:00:00', '2025-07-24 01:00:00'),
(57, '2025-07-24', 0, 138, '2025-07-24 00:00:00', '2025-07-24 01:00:00'),
(58, '2025-07-24', 0, 139, '2025-07-24 00:00:00', '2025-07-24 01:00:00'),
(59, '2025-07-24', 0, 140, '2025-07-24 00:00:00', '2025-07-24 01:00:00'),
(60, '2025-07-24', 0, 141, '2025-07-24 00:00:00', '2025-07-24 01:00:00'),
(61, '2025-07-24', 0, 142, '2025-07-24 00:00:00', '2025-07-24 01:00:00'),
(62, '2025-07-24', 0, 143, '2025-07-24 00:00:00', '2025-07-24 01:00:00'),
(63, '2025-07-24', 0, 144, '2025-07-24 00:00:00', '2025-07-24 01:00:00'),
(64, '2025-07-24', 0, 145, '2025-07-24 00:00:00', '2025-07-24 01:00:00'),
(65, '2025-07-24', 0, 146, '2025-07-24 00:00:00', '2025-07-24 01:00:00'),
(66, '2025-07-24', 0, 147, '2025-07-24 00:00:00', '2025-07-24 01:00:00'),
(67, '2025-07-24', 0, 148, '2025-07-24 00:00:00', '2025-07-24 01:00:00'),
(68, '2025-07-24', 0, 149, '2025-07-24 00:00:00', '2025-07-24 01:00:00'),
(69, '2025-07-24', 0, 150, '2025-07-24 00:00:00', '2025-07-24 01:00:00'),
(70, '2025-07-24', 0, 151, '2025-07-24 00:00:00', '2025-07-24 01:00:00'),
(71, '2025-07-24', 0, 152, '2025-07-24 00:00:00', '2025-07-24 01:00:00'),
(72, '2025-07-24', 0, 153, '2025-07-24 00:00:00', '2025-07-24 01:00:00'),
(73, '2025-07-24', 0, 154, '2025-07-24 00:00:00', '2025-07-24 01:00:00'),
(74, '2025-07-24', 0, 155, '2025-07-24 00:00:00', '2025-07-24 01:00:00'),
(75, '2025-07-24', 0, 156, '2025-07-24 00:00:00', '2025-07-24 01:00:00'),
(76, '2025-07-24', 0, 157, '2025-07-24 00:00:00', '2025-07-24 01:00:00'),
(77, '2025-07-24', 0, 158, '2025-07-24 00:00:00', '2025-07-24 01:00:00'),
(78, '2025-07-24', 0, 159, '2025-07-24 00:00:00', '2025-07-24 01:00:00'),
(79, '2025-07-24', 0, 160, '2025-07-24 00:00:00', '2025-07-24 01:00:00'),
(80, '2025-07-24', 0, 161, '2025-07-24 00:00:00', '2025-07-24 01:00:00'),
(81, '2025-07-24', 0, 162, '2025-07-24 00:00:00', '2025-07-24 01:00:00'),
(82, '2025-07-24', 0, 163, '2025-07-24 00:00:00', '2025-07-24 01:00:00'),
(83, '2025-07-24', 0, 164, '2025-07-24 00:00:00', '2025-07-24 01:00:00'),
(84, '2025-07-24', 0, 165, '2025-07-24 00:00:00', '2025-07-24 01:00:00'),
(85, '2025-07-24', 0, 166, '2025-07-24 00:00:00', '2025-07-24 01:00:00'),
(86, '2025-07-24', 0, 167, '2025-07-24 00:00:00', '2025-07-24 01:00:00'),
(87, '2025-07-24', 0, 168, '2025-07-24 00:00:00', '2025-07-24 01:00:00'),
(88, '2025-07-24', 0, 169, '2025-07-24 00:00:00', '2025-07-24 01:00:00'),
(89, '2025-07-24', 0, 170, '2025-07-24 00:00:00', '2025-07-24 01:00:00'),
(90, '2025-07-24', 0, 171, '2025-07-24 00:00:00', '2025-07-24 01:00:00'),
(91, '2025-07-24', 0, 172, '2025-07-24 00:00:00', '2025-07-24 01:00:00'),
(92, '2025-07-24', 0, 173, '2025-07-24 00:00:00', '2025-07-24 01:00:00'),
(93, '2025-07-24', 0, 174, '2025-07-24 00:00:00', '2025-07-24 01:00:00'),
(94, '2025-07-24', 0, 175, '2025-07-24 00:00:00', '2025-07-24 01:00:00'),
(95, '2025-07-24', 0, 176, '2025-07-24 00:00:00', '2025-07-24 01:00:00'),
(96, '2025-07-24', 0, 177, '2025-07-24 00:00:00', '2025-07-24 01:00:00'),
(97, '2025-07-24', 0, 178, '2025-07-24 00:00:00', '2025-07-24 01:00:00'),
(98, '2025-07-24', 0, 179, '2025-07-24 00:00:00', '2025-07-24 01:00:00'),
(99, '2025-07-24', 0, 180, '2025-07-24 00:00:00', '2025-07-24 01:00:00'),
(100, '2025-07-24', 0, 181, '2025-07-24 00:00:00', '2025-07-24 01:00:00'),
(101, '2025-06-24', 0, 82, '2025-06-24 00:00:00', '2025-06-24 01:00:00'),
(102, '2025-06-24', 0, 83, '2025-06-24 00:00:00', '2025-06-24 01:00:00'),
(103, '2025-06-24', 0, 84, '2025-06-24 00:00:00', '2025-06-24 01:00:00'),
(104, '2025-06-24', 0, 85, '2025-06-24 00:00:00', '2025-06-24 01:00:00'),
(105, '2025-06-24', 0, 86, '2025-06-24 00:00:00', '2025-06-24 01:00:00'),
(106, '2025-06-24', 0, 87, '2025-06-24 00:00:00', '2025-06-24 01:00:00'),
(107, '2025-06-24', 0, 88, '2025-06-24 00:00:00', '2025-06-24 01:00:00'),
(108, '2025-06-24', 0, 89, '2025-06-24 00:00:00', '2025-06-24 01:00:00'),
(109, '2025-06-24', 0, 90, '2025-06-24 00:00:00', '2025-06-24 01:00:00'),
(110, '2025-06-24', 0, 91, '2025-06-24 00:00:00', '2025-06-24 01:00:00'),
(111, '2025-06-24', 0, 92, '2025-06-24 00:00:00', '2025-06-24 01:00:00'),
(112, '2025-06-24', 0, 93, '2025-06-24 00:00:00', '2025-06-24 01:00:00'),
(113, '2025-06-24', 0, 94, '2025-06-24 00:00:00', '2025-06-24 01:00:00'),
(114, '2025-06-24', 0, 95, '2025-06-24 00:00:00', '2025-06-24 01:00:00'),
(115, '2025-06-24', 0, 96, '2025-06-24 00:00:00', '2025-06-24 01:00:00'),
(116, '2025-06-24', 0, 97, '2025-06-24 00:00:00', '2025-06-24 01:00:00'),
(117, '2025-06-24', 0, 98, '2025-06-24 00:00:00', '2025-06-24 01:00:00'),
(118, '2025-06-24', 0, 99, '2025-06-24 00:00:00', '2025-06-24 01:00:00'),
(119, '2025-06-24', 0, 100, '2025-06-24 00:00:00', '2025-06-24 01:00:00'),
(120, '2025-06-24', 0, 101, '2025-06-24 00:00:00', '2025-06-24 01:00:00'),
(121, '2025-06-24', 0, 102, '2025-06-24 00:00:00', '2025-06-24 01:00:00'),
(122, '2025-06-24', 0, 103, '2025-06-24 00:00:00', '2025-06-24 01:00:00'),
(123, '2025-06-24', 0, 104, '2025-06-24 00:00:00', '2025-06-24 01:00:00'),
(124, '2025-06-24', 0, 105, '2025-06-24 00:00:00', '2025-06-24 01:00:00'),
(125, '2025-06-24', 0, 106, '2025-06-24 00:00:00', '2025-06-24 01:00:00'),
(126, '2025-06-24', 0, 107, '2025-06-24 00:00:00', '2025-06-24 01:00:00'),
(127, '2025-06-24', 0, 108, '2025-06-24 00:00:00', '2025-06-24 01:00:00'),
(128, '2025-06-24', 0, 109, '2025-06-24 00:00:00', '2025-06-24 01:00:00'),
(129, '2025-06-24', 0, 110, '2025-06-24 00:00:00', '2025-06-24 01:00:00'),
(130, '2025-06-24', 0, 111, '2025-06-24 00:00:00', '2025-06-24 01:00:00'),
(131, '2025-06-24', 0, 112, '2025-06-24 00:00:00', '2025-06-24 01:00:00'),
(132, '2025-06-24', 0, 113, '2025-06-24 00:00:00', '2025-06-24 01:00:00'),
(133, '2025-06-24', 0, 114, '2025-06-24 00:00:00', '2025-06-24 01:00:00'),
(134, '2025-06-24', 0, 115, '2025-06-24 00:00:00', '2025-06-24 01:00:00'),
(135, '2025-06-24', 0, 116, '2025-06-24 00:00:00', '2025-06-24 01:00:00'),
(136, '2025-06-24', 0, 117, '2025-06-24 00:00:00', '2025-06-24 01:00:00'),
(137, '2025-06-24', 0, 118, '2025-06-24 00:00:00', '2025-06-24 01:00:00'),
(138, '2025-06-24', 0, 119, '2025-06-24 00:00:00', '2025-06-24 01:00:00'),
(139, '2025-06-24', 0, 120, '2025-06-24 00:00:00', '2025-06-24 01:00:00'),
(140, '2025-06-24', 0, 121, '2025-06-24 00:00:00', '2025-06-24 01:00:00'),
(141, '2025-06-24', 0, 122, '2025-06-24 00:00:00', '2025-06-24 01:00:00'),
(142, '2025-06-24', 0, 123, '2025-06-24 00:00:00', '2025-06-24 01:00:00'),
(143, '2025-06-24', 0, 124, '2025-06-24 00:00:00', '2025-06-24 01:00:00'),
(144, '2025-06-24', 0, 125, '2025-06-24 00:00:00', '2025-06-24 01:00:00'),
(145, '2025-06-24', 0, 126, '2025-06-24 00:00:00', '2025-06-24 01:00:00'),
(146, '2025-06-24', 0, 127, '2025-06-24 00:00:00', '2025-06-24 01:00:00'),
(147, '2025-06-24', 0, 128, '2025-06-24 00:00:00', '2025-06-24 01:00:00'),
(148, '2025-06-24', 0, 129, '2025-06-24 00:00:00', '2025-06-24 01:00:00'),
(149, '2025-06-24', 0, 130, '2025-06-24 00:00:00', '2025-06-24 01:00:00'),
(150, '2025-06-24', 0, 131, '2025-06-24 00:00:00', '2025-06-24 01:00:00'),
(151, '2025-06-24', 0, 132, '2025-06-24 00:00:00', '2025-06-24 01:00:00'),
(152, '2025-06-24', 0, 133, '2025-06-24 00:00:00', '2025-06-24 01:00:00'),
(153, '2025-06-24', 0, 134, '2025-06-24 00:00:00', '2025-06-24 01:00:00'),
(154, '2025-06-24', 0, 135, '2025-06-24 00:00:00', '2025-06-24 01:00:00'),
(155, '2025-06-24', 0, 136, '2025-06-24 00:00:00', '2025-06-24 01:00:00'),
(156, '2025-06-24', 0, 137, '2025-06-24 00:00:00', '2025-06-24 01:00:00'),
(157, '2025-06-24', 0, 138, '2025-06-24 00:00:00', '2025-06-24 01:00:00'),
(158, '2025-06-24', 0, 139, '2025-06-24 00:00:00', '2025-06-24 01:00:00'),
(159, '2025-06-24', 0, 140, '2025-06-24 00:00:00', '2025-06-24 01:00:00'),
(160, '2025-06-24', 0, 141, '2025-06-24 00:00:00', '2025-06-24 01:00:00'),
(161, '2025-06-24', 0, 142, '2025-06-24 00:00:00', '2025-06-24 01:00:00'),
(162, '2025-06-24', 0, 143, '2025-06-24 00:00:00', '2025-06-24 01:00:00'),
(163, '2025-06-24', 0, 144, '2025-06-24 00:00:00', '2025-06-24 01:00:00'),
(164, '2025-06-24', 0, 145, '2025-06-24 00:00:00', '2025-06-24 01:00:00'),
(165, '2025-06-24', 0, 146, '2025-06-24 00:00:00', '2025-06-24 01:00:00'),
(166, '2025-06-24', 0, 147, '2025-06-24 00:00:00', '2025-06-24 01:00:00'),
(167, '2025-06-24', 0, 148, '2025-06-24 00:00:00', '2025-06-24 01:00:00'),
(168, '2025-06-24', 0, 149, '2025-06-24 00:00:00', '2025-06-24 01:00:00'),
(169, '2025-06-24', 0, 150, '2025-06-24 00:00:00', '2025-06-24 01:00:00'),
(170, '2025-06-24', 0, 151, '2025-06-24 00:00:00', '2025-06-24 01:00:00'),
(171, '2025-06-24', 0, 152, '2025-06-24 00:00:00', '2025-06-24 01:00:00'),
(172, '2025-06-24', 0, 153, '2025-06-24 00:00:00', '2025-06-24 01:00:00'),
(173, '2025-06-24', 0, 154, '2025-06-24 00:00:00', '2025-06-24 01:00:00'),
(174, '2025-06-24', 0, 155, '2025-06-24 00:00:00', '2025-06-24 01:00:00'),
(175, '2025-06-24', 0, 156, '2025-06-24 00:00:00', '2025-06-24 01:00:00'),
(176, '2025-06-24', 0, 157, '2025-06-24 00:00:00', '2025-06-24 01:00:00'),
(177, '2025-06-24', 0, 158, '2025-06-24 00:00:00', '2025-06-24 01:00:00'),
(178, '2025-06-24', 0, 159, '2025-06-24 00:00:00', '2025-06-24 01:00:00'),
(179, '2025-06-24', 0, 160, '2025-06-24 00:00:00', '2025-06-24 01:00:00'),
(180, '2025-06-24', 0, 161, '2025-06-24 00:00:00', '2025-06-24 01:00:00'),
(181, '2025-06-24', 0, 162, '2025-06-24 00:00:00', '2025-06-24 01:00:00'),
(182, '2025-06-24', 0, 163, '2025-06-24 00:00:00', '2025-06-24 01:00:00'),
(183, '2025-06-24', 0, 164, '2025-06-24 00:00:00', '2025-06-24 01:00:00'),
(184, '2025-06-24', 0, 165, '2025-06-24 00:00:00', '2025-06-24 01:00:00'),
(185, '2025-06-24', 0, 166, '2025-06-24 00:00:00', '2025-06-24 01:00:00'),
(186, '2025-06-24', 0, 167, '2025-06-24 00:00:00', '2025-06-24 01:00:00'),
(187, '2025-06-24', 0, 168, '2025-06-24 00:00:00', '2025-06-24 01:00:00'),
(188, '2025-06-24', 0, 169, '2025-06-24 00:00:00', '2025-06-24 01:00:00'),
(189, '2025-06-24', 0, 170, '2025-06-24 00:00:00', '2025-06-24 01:00:00'),
(190, '2025-06-24', 0, 171, '2025-06-24 00:00:00', '2025-06-24 01:00:00'),
(191, '2025-06-24', 0, 172, '2025-06-24 00:00:00', '2025-06-24 01:00:00'),
(192, '2025-06-24', 0, 173, '2025-06-24 00:00:00', '2025-06-24 01:00:00'),
(193, '2025-06-24', 0, 174, '2025-06-24 00:00:00', '2025-06-24 01:00:00'),
(194, '2025-06-24', 0, 175, '2025-06-24 00:00:00', '2025-06-24 01:00:00'),
(195, '2025-06-24', 0, 176, '2025-06-24 00:00:00', '2025-06-24 01:00:00'),
(196, '2025-06-24', 0, 177, '2025-06-24 00:00:00', '2025-06-24 01:00:00'),
(197, '2025-06-24', 0, 178, '2025-06-24 00:00:00', '2025-06-24 01:00:00'),
(198, '2025-06-24', 0, 179, '2025-06-24 00:00:00', '2025-06-24 01:00:00'),
(199, '2025-06-24', 0, 180, '2025-06-24 00:00:00', '2025-06-24 01:00:00'),
(200, '2025-06-24', 0, 181, '2025-06-24 00:00:00', '2025-06-24 01:00:00'),
(201, '2025-08-04', 1, 82, '2025-08-04 12:00:00', '2025-08-04 13:00:00'),
(202, '2025-08-04', 1, 83, '2025-08-04 12:00:00', '2025-08-04 13:00:00'),
(203, '2025-08-04', 1, 84, '2025-08-04 12:00:00', '2025-08-04 13:00:00'),
(204, '2025-08-04', 1, 85, '2025-08-04 12:00:00', '2025-08-04 13:00:00'),
(205, '2025-08-04', 1, 86, '2025-08-04 12:00:00', '2025-08-04 13:00:00'),
(206, '2025-08-04', 1, 87, '2025-08-04 12:00:00', '2025-08-04 13:00:00'),
(207, '2025-08-04', 1, 88, '2025-08-04 12:00:00', '2025-08-04 13:00:00'),
(208, '2025-08-04', 1, 89, '2025-08-04 12:00:00', '2025-08-04 13:00:00'),
(209, '2025-08-04', 1, 90, '2025-08-04 12:00:00', '2025-08-04 13:00:00'),
(210, '2025-08-04', 1, 91, '2025-08-04 12:00:00', '2025-08-04 13:00:00'),
(211, '2025-08-04', 1, 92, '2025-08-04 12:00:00', '2025-08-04 13:00:00'),
(212, '2025-08-04', 1, 93, '2025-08-04 12:00:00', '2025-08-04 13:00:00'),
(213, '2025-08-04', 1, 94, '2025-08-04 12:00:00', '2025-08-04 13:00:00'),
(214, '2025-08-04', 1, 95, '2025-08-04 12:00:00', '2025-08-04 13:00:00'),
(215, '2025-08-04', 1, 96, '2025-08-04 12:00:00', '2025-08-04 13:00:00'),
(216, '2025-08-04', 1, 97, '2025-08-04 12:00:00', '2025-08-04 13:00:00'),
(217, '2025-08-04', 1, 98, '2025-08-04 12:00:00', '2025-08-04 13:00:00'),
(218, '2025-08-04', 1, 99, '2025-08-04 12:00:00', '2025-08-04 13:00:00'),
(219, '2025-08-04', 1, 100, '2025-08-04 12:00:00', '2025-08-04 13:00:00'),
(220, '2025-08-04', 1, 101, '2025-08-04 12:00:00', '2025-08-04 13:00:00'),
(221, '2025-08-04', 1, 102, '2025-08-04 12:00:00', '2025-08-04 13:00:00'),
(222, '2025-08-04', 1, 103, '2025-08-04 12:00:00', '2025-08-04 13:00:00'),
(223, '2025-08-04', 1, 104, '2025-08-04 12:00:00', '2025-08-04 13:00:00'),
(224, '2025-08-04', 1, 105, '2025-08-04 12:00:00', '2025-08-04 13:00:00'),
(225, '2025-08-04', 1, 106, '2025-08-04 12:00:00', '2025-08-04 13:00:00'),
(226, '2025-08-04', 1, 107, '2025-08-04 12:00:00', '2025-08-04 13:00:00'),
(227, '2025-08-04', 1, 108, '2025-08-04 12:00:00', '2025-08-04 13:00:00'),
(228, '2025-08-04', 1, 109, '2025-08-04 12:00:00', '2025-08-04 13:00:00'),
(229, '2025-08-04', 1, 110, '2025-08-04 12:00:00', '2025-08-04 13:00:00'),
(230, '2025-08-04', 1, 111, '2025-08-04 12:00:00', '2025-08-04 13:00:00'),
(231, '2025-08-04', 1, 112, '2025-08-04 12:00:00', '2025-08-04 13:00:00'),
(232, '2025-08-04', 1, 113, '2025-08-04 12:00:00', '2025-08-04 13:00:00'),
(233, '2025-08-04', 1, 114, '2025-08-04 12:00:00', '2025-08-04 13:00:00'),
(234, '2025-08-04', 1, 115, '2025-08-04 12:00:00', '2025-08-04 13:00:00'),
(235, '2025-08-04', 1, 116, '2025-08-04 12:00:00', '2025-08-04 13:00:00'),
(236, '2025-08-04', 1, 117, '2025-08-04 12:00:00', '2025-08-04 13:00:00'),
(237, '2025-08-04', 1, 118, '2025-08-04 12:00:00', '2025-08-04 13:00:00'),
(238, '2025-08-04', 1, 119, '2025-08-04 12:00:00', '2025-08-04 13:00:00'),
(239, '2025-08-04', 1, 120, '2025-08-04 12:00:00', '2025-08-04 13:00:00'),
(240, '2025-08-04', 1, 121, '2025-08-04 12:00:00', '2025-08-04 13:00:00'),
(241, '2025-08-04', 1, 122, '2025-08-04 12:00:00', '2025-08-04 13:00:00'),
(242, '2025-08-04', 1, 123, '2025-08-04 12:00:00', '2025-08-04 13:00:00'),
(243, '2025-08-04', 1, 124, '2025-08-04 12:00:00', '2025-08-04 13:00:00'),
(244, '2025-08-04', 1, 125, '2025-08-04 12:00:00', '2025-08-04 13:00:00'),
(245, '2025-08-04', 1, 126, '2025-08-04 12:00:00', '2025-08-04 13:00:00'),
(246, '2025-08-04', 1, 127, '2025-08-04 12:00:00', '2025-08-04 13:00:00'),
(247, '2025-08-04', 1, 128, '2025-08-04 12:00:00', '2025-08-04 13:00:00'),
(248, '2025-08-04', 1, 129, '2025-08-04 12:00:00', '2025-08-04 13:00:00'),
(249, '2025-08-04', 1, 130, '2025-08-04 12:00:00', '2025-08-04 13:00:00'),
(250, '2025-08-04', 1, 131, '2025-08-04 12:00:00', '2025-08-04 13:00:00'),
(251, '2025-08-04', 1, 132, '2025-08-04 12:00:00', '2025-08-04 13:00:00'),
(252, '2025-08-04', 1, 133, '2025-08-04 12:00:00', '2025-08-04 13:00:00'),
(253, '2025-08-04', 1, 134, '2025-08-04 12:00:00', '2025-08-04 13:00:00'),
(254, '2025-08-04', 1, 135, '2025-08-04 12:00:00', '2025-08-04 13:00:00'),
(255, '2025-08-04', 1, 136, '2025-08-04 12:00:00', '2025-08-04 13:00:00'),
(256, '2025-08-04', 1, 137, '2025-08-04 12:00:00', '2025-08-04 13:00:00'),
(257, '2025-08-04', 1, 138, '2025-08-04 12:00:00', '2025-08-04 13:00:00'),
(258, '2025-08-04', 1, 139, '2025-08-04 12:00:00', '2025-08-04 13:00:00'),
(259, '2025-08-04', 1, 140, '2025-08-04 12:00:00', '2025-08-04 13:00:00'),
(260, '2025-08-04', 1, 141, '2025-08-04 12:00:00', '2025-08-04 13:00:00'),
(261, '2025-08-04', 1, 142, '2025-08-04 12:00:00', '2025-08-04 13:00:00'),
(262, '2025-08-04', 1, 143, '2025-08-04 12:00:00', '2025-08-04 13:00:00'),
(263, '2025-08-04', 1, 144, '2025-08-04 12:00:00', '2025-08-04 13:00:00'),
(264, '2025-08-04', 1, 145, '2025-08-04 12:00:00', '2025-08-04 13:00:00'),
(265, '2025-08-04', 1, 146, '2025-08-04 12:00:00', '2025-08-04 13:00:00'),
(266, '2025-08-04', 1, 147, '2025-08-04 12:00:00', '2025-08-04 13:00:00'),
(267, '2025-08-04', 1, 148, '2025-08-04 12:00:00', '2025-08-04 13:00:00'),
(268, '2025-08-04', 1, 149, '2025-08-04 12:00:00', '2025-08-04 13:00:00'),
(269, '2025-08-04', 1, 150, '2025-08-04 12:00:00', '2025-08-04 13:00:00'),
(270, '2025-08-04', 1, 151, '2025-08-04 12:00:00', '2025-08-04 13:00:00'),
(271, '2025-08-04', 1, 152, '2025-08-04 12:00:00', '2025-08-04 13:00:00'),
(272, '2025-08-04', 1, 153, '2025-08-04 12:00:00', '2025-08-04 13:00:00'),
(273, '2025-08-04', 1, 154, '2025-08-04 12:00:00', '2025-08-04 13:00:00'),
(274, '2025-08-04', 1, 155, '2025-08-04 12:00:00', '2025-08-04 13:00:00'),
(275, '2025-08-04', 1, 156, '2025-08-04 12:00:00', '2025-08-04 13:00:00'),
(276, '2025-08-04', 1, 157, '2025-08-04 12:00:00', '2025-08-04 13:00:00'),
(277, '2025-08-04', 1, 158, '2025-08-04 12:00:00', '2025-08-04 13:00:00'),
(278, '2025-08-04', 1, 159, '2025-08-04 12:00:00', '2025-08-04 13:00:00'),
(279, '2025-08-04', 1, 160, '2025-08-04 12:00:00', '2025-08-04 13:00:00'),
(280, '2025-08-04', 1, 161, '2025-08-04 12:00:00', '2025-08-04 13:00:00'),
(281, '2025-08-04', 1, 162, '2025-08-04 12:00:00', '2025-08-04 13:00:00'),
(282, '2025-08-04', 1, 163, '2025-08-04 12:00:00', '2025-08-04 13:00:00'),
(283, '2025-08-04', 1, 164, '2025-08-04 12:00:00', '2025-08-04 13:00:00'),
(284, '2025-08-04', 1, 165, '2025-08-04 12:00:00', '2025-08-04 13:00:00'),
(285, '2025-08-04', 1, 166, '2025-08-04 12:00:00', '2025-08-04 13:00:00'),
(286, '2025-08-04', 1, 167, '2025-08-04 12:00:00', '2025-08-04 13:00:00'),
(287, '2025-08-04', 1, 168, '2025-08-04 12:00:00', '2025-08-04 13:00:00'),
(288, '2025-08-04', 1, 169, '2025-08-04 12:00:00', '2025-08-04 13:00:00'),
(289, '2025-08-04', 1, 170, '2025-08-04 12:00:00', '2025-08-04 13:00:00'),
(290, '2025-08-04', 1, 171, '2025-08-04 12:00:00', '2025-08-04 13:00:00'),
(291, '2025-08-04', 1, 172, '2025-08-04 12:00:00', '2025-08-04 13:00:00'),
(292, '2025-08-04', 1, 173, '2025-08-04 12:00:00', '2025-08-04 13:00:00'),
(293, '2025-08-04', 1, 174, '2025-08-04 12:00:00', '2025-08-04 13:00:00'),
(294, '2025-08-04', 1, 175, '2025-08-04 12:00:00', '2025-08-04 13:00:00'),
(295, '2025-08-04', 1, 176, '2025-08-04 12:00:00', '2025-08-04 13:00:00'),
(296, '2025-08-04', 1, 177, '2025-08-04 12:00:00', '2025-08-04 13:00:00'),
(297, '2025-08-04', 1, 178, '2025-08-04 12:00:00', '2025-08-04 13:00:00'),
(298, '2025-08-04', 1, 179, '2025-08-04 12:00:00', '2025-08-04 13:00:00'),
(299, '2025-08-04', 1, 180, '2025-08-04 12:00:00', '2025-08-04 13:00:00'),
(300, '2025-08-04', 1, 181, '2025-08-04 12:00:00', '2025-08-04 13:00:00'),
(301, '2025-08-10', 0, 82, '2025-08-10 00:00:00', '2025-08-10 01:00:00'),
(302, '2025-08-10', 0, 83, '2025-08-10 00:00:00', '2025-08-10 01:00:00'),
(303, '2025-08-10', 0, 84, '2025-08-10 00:00:00', '2025-08-10 01:00:00'),
(304, '2025-08-10', 0, 85, '2025-08-10 00:00:00', '2025-08-10 01:00:00'),
(305, '2025-08-10', 0, 86, '2025-08-10 00:00:00', '2025-08-10 01:00:00'),
(306, '2025-08-10', 0, 87, '2025-08-10 00:00:00', '2025-08-10 01:00:00'),
(307, '2025-08-10', 0, 88, '2025-08-10 00:00:00', '2025-08-10 01:00:00'),
(308, '2025-08-10', 0, 89, '2025-08-10 00:00:00', '2025-08-10 01:00:00'),
(309, '2025-08-10', 0, 90, '2025-08-10 00:00:00', '2025-08-10 01:00:00'),
(310, '2025-08-10', 0, 91, '2025-08-10 00:00:00', '2025-08-10 01:00:00'),
(311, '2025-08-10', 0, 92, '2025-08-10 00:00:00', '2025-08-10 01:00:00'),
(312, '2025-08-10', 0, 93, '2025-08-10 00:00:00', '2025-08-10 01:00:00'),
(313, '2025-08-10', 0, 94, '2025-08-10 00:00:00', '2025-08-10 01:00:00'),
(314, '2025-08-10', 0, 95, '2025-08-10 00:00:00', '2025-08-10 01:00:00'),
(315, '2025-08-10', 0, 96, '2025-08-10 00:00:00', '2025-08-10 01:00:00'),
(316, '2025-08-10', 0, 97, '2025-08-10 00:00:00', '2025-08-10 01:00:00'),
(317, '2025-08-10', 0, 98, '2025-08-10 00:00:00', '2025-08-10 01:00:00'),
(318, '2025-08-10', 0, 99, '2025-08-10 00:00:00', '2025-08-10 01:00:00'),
(319, '2025-08-10', 0, 100, '2025-08-10 00:00:00', '2025-08-10 01:00:00'),
(320, '2025-08-10', 0, 101, '2025-08-10 00:00:00', '2025-08-10 01:00:00'),
(321, '2025-08-10', 0, 102, '2025-08-10 00:00:00', '2025-08-10 01:00:00'),
(322, '2025-08-10', 0, 103, '2025-08-10 00:00:00', '2025-08-10 01:00:00'),
(323, '2025-08-10', 0, 104, '2025-08-10 00:00:00', '2025-08-10 01:00:00'),
(324, '2025-08-10', 0, 105, '2025-08-10 00:00:00', '2025-08-10 01:00:00'),
(325, '2025-08-10', 0, 106, '2025-08-10 00:00:00', '2025-08-10 01:00:00'),
(326, '2025-08-10', 0, 107, '2025-08-10 00:00:00', '2025-08-10 01:00:00'),
(327, '2025-08-10', 0, 108, '2025-08-10 00:00:00', '2025-08-10 01:00:00'),
(328, '2025-08-10', 0, 109, '2025-08-10 00:00:00', '2025-08-10 01:00:00'),
(329, '2025-08-10', 0, 110, '2025-08-10 00:00:00', '2025-08-10 01:00:00'),
(330, '2025-08-10', 0, 111, '2025-08-10 00:00:00', '2025-08-10 01:00:00'),
(331, '2025-08-10', 0, 112, '2025-08-10 00:00:00', '2025-08-10 01:00:00'),
(332, '2025-08-10', 0, 113, '2025-08-10 00:00:00', '2025-08-10 01:00:00'),
(333, '2025-08-10', 0, 114, '2025-08-10 00:00:00', '2025-08-10 01:00:00'),
(334, '2025-08-10', 0, 115, '2025-08-10 00:00:00', '2025-08-10 01:00:00'),
(335, '2025-08-10', 0, 116, '2025-08-10 00:00:00', '2025-08-10 01:00:00'),
(336, '2025-08-10', 0, 117, '2025-08-10 00:00:00', '2025-08-10 01:00:00'),
(337, '2025-08-10', 0, 118, '2025-08-10 00:00:00', '2025-08-10 01:00:00'),
(338, '2025-08-10', 0, 119, '2025-08-10 00:00:00', '2025-08-10 01:00:00'),
(339, '2025-08-10', 0, 120, '2025-08-10 00:00:00', '2025-08-10 01:00:00'),
(340, '2025-08-10', 0, 121, '2025-08-10 00:00:00', '2025-08-10 01:00:00'),
(341, '2025-08-10', 0, 122, '2025-08-10 00:00:00', '2025-08-10 01:00:00'),
(342, '2025-08-10', 0, 123, '2025-08-10 00:00:00', '2025-08-10 01:00:00'),
(343, '2025-08-10', 0, 124, '2025-08-10 00:00:00', '2025-08-10 01:00:00'),
(344, '2025-08-10', 0, 125, '2025-08-10 00:00:00', '2025-08-10 01:00:00'),
(345, '2025-08-10', 0, 126, '2025-08-10 00:00:00', '2025-08-10 01:00:00'),
(346, '2025-08-10', 0, 127, '2025-08-10 00:00:00', '2025-08-10 01:00:00'),
(347, '2025-08-10', 0, 128, '2025-08-10 00:00:00', '2025-08-10 01:00:00'),
(348, '2025-08-10', 0, 129, '2025-08-10 00:00:00', '2025-08-10 01:00:00'),
(349, '2025-08-10', 0, 130, '2025-08-10 00:00:00', '2025-08-10 01:00:00'),
(350, '2025-08-10', 0, 131, '2025-08-10 00:00:00', '2025-08-10 01:00:00'),
(351, '2025-08-10', 0, 132, '2025-08-10 00:00:00', '2025-08-10 01:00:00'),
(352, '2025-08-10', 0, 133, '2025-08-10 00:00:00', '2025-08-10 01:00:00'),
(353, '2025-08-10', 0, 134, '2025-08-10 00:00:00', '2025-08-10 01:00:00'),
(354, '2025-08-10', 0, 135, '2025-08-10 00:00:00', '2025-08-10 01:00:00'),
(355, '2025-08-10', 0, 136, '2025-08-10 00:00:00', '2025-08-10 01:00:00'),
(356, '2025-08-10', 0, 137, '2025-08-10 00:00:00', '2025-08-10 01:00:00'),
(357, '2025-08-10', 0, 138, '2025-08-10 00:00:00', '2025-08-10 01:00:00'),
(358, '2025-08-10', 0, 139, '2025-08-10 00:00:00', '2025-08-10 01:00:00'),
(359, '2025-08-10', 0, 140, '2025-08-10 00:00:00', '2025-08-10 01:00:00'),
(360, '2025-08-10', 0, 141, '2025-08-10 00:00:00', '2025-08-10 01:00:00'),
(361, '2025-08-10', 0, 142, '2025-08-10 00:00:00', '2025-08-10 01:00:00'),
(362, '2025-08-10', 0, 143, '2025-08-10 00:00:00', '2025-08-10 01:00:00'),
(363, '2025-08-10', 0, 144, '2025-08-10 00:00:00', '2025-08-10 01:00:00'),
(364, '2025-08-10', 0, 145, '2025-08-10 00:00:00', '2025-08-10 01:00:00'),
(365, '2025-08-10', 0, 146, '2025-08-10 00:00:00', '2025-08-10 01:00:00'),
(366, '2025-08-10', 0, 147, '2025-08-10 00:00:00', '2025-08-10 01:00:00'),
(367, '2025-08-10', 0, 148, '2025-08-10 00:00:00', '2025-08-10 01:00:00'),
(368, '2025-08-10', 0, 149, '2025-08-10 00:00:00', '2025-08-10 01:00:00'),
(369, '2025-08-10', 0, 150, '2025-08-10 00:00:00', '2025-08-10 01:00:00'),
(370, '2025-08-10', 0, 151, '2025-08-10 00:00:00', '2025-08-10 01:00:00'),
(371, '2025-08-10', 0, 152, '2025-08-10 00:00:00', '2025-08-10 01:00:00'),
(372, '2025-08-10', 0, 153, '2025-08-10 00:00:00', '2025-08-10 01:00:00'),
(373, '2025-08-10', 0, 154, '2025-08-10 00:00:00', '2025-08-10 01:00:00'),
(374, '2025-08-10', 0, 155, '2025-08-10 00:00:00', '2025-08-10 01:00:00'),
(375, '2025-08-10', 0, 156, '2025-08-10 00:00:00', '2025-08-10 01:00:00'),
(376, '2025-08-10', 0, 157, '2025-08-10 00:00:00', '2025-08-10 01:00:00'),
(377, '2025-08-10', 0, 158, '2025-08-10 00:00:00', '2025-08-10 01:00:00'),
(378, '2025-08-10', 0, 159, '2025-08-10 00:00:00', '2025-08-10 01:00:00'),
(379, '2025-08-10', 0, 160, '2025-08-10 00:00:00', '2025-08-10 01:00:00'),
(380, '2025-08-10', 0, 161, '2025-08-10 00:00:00', '2025-08-10 01:00:00'),
(381, '2025-08-10', 0, 162, '2025-08-10 00:00:00', '2025-08-10 01:00:00'),
(382, '2025-08-10', 0, 163, '2025-08-10 00:00:00', '2025-08-10 01:00:00'),
(383, '2025-08-10', 0, 164, '2025-08-10 00:00:00', '2025-08-10 01:00:00'),
(384, '2025-08-10', 0, 165, '2025-08-10 00:00:00', '2025-08-10 01:00:00'),
(385, '2025-08-10', 0, 166, '2025-08-10 00:00:00', '2025-08-10 01:00:00'),
(386, '2025-08-10', 0, 167, '2025-08-10 00:00:00', '2025-08-10 01:00:00'),
(387, '2025-08-10', 0, 168, '2025-08-10 00:00:00', '2025-08-10 01:00:00'),
(388, '2025-08-10', 0, 169, '2025-08-10 00:00:00', '2025-08-10 01:00:00'),
(389, '2025-08-10', 0, 170, '2025-08-10 00:00:00', '2025-08-10 01:00:00'),
(390, '2025-08-10', 0, 171, '2025-08-10 00:00:00', '2025-08-10 01:00:00'),
(391, '2025-08-10', 0, 172, '2025-08-10 00:00:00', '2025-08-10 01:00:00'),
(392, '2025-08-10', 0, 173, '2025-08-10 00:00:00', '2025-08-10 01:00:00'),
(393, '2025-08-10', 0, 174, '2025-08-10 00:00:00', '2025-08-10 01:00:00'),
(394, '2025-08-10', 0, 175, '2025-08-10 00:00:00', '2025-08-10 01:00:00'),
(395, '2025-08-10', 0, 176, '2025-08-10 00:00:00', '2025-08-10 01:00:00'),
(396, '2025-08-10', 0, 177, '2025-08-10 00:00:00', '2025-08-10 01:00:00'),
(397, '2025-08-10', 0, 178, '2025-08-10 00:00:00', '2025-08-10 01:00:00'),
(398, '2025-08-10', 0, 179, '2025-08-10 00:00:00', '2025-08-10 01:00:00'),
(399, '2025-08-10', 0, 180, '2025-08-10 00:00:00', '2025-08-10 01:00:00'),
(400, '2025-08-10', 0, 181, '2025-08-10 00:00:00', '2025-08-10 01:00:00'),
(401, '2025-08-11', 1, 82, '2025-08-11 12:00:00', '2025-08-11 13:00:00'),
(402, '2025-08-11', 1, 83, '2025-08-11 12:00:00', '2025-08-11 13:00:00'),
(403, '2025-08-11', 1, 84, '2025-08-11 12:00:00', '2025-08-11 13:00:00'),
(404, '2025-08-11', 1, 85, '2025-08-11 12:00:00', '2025-08-11 13:00:00'),
(405, '2025-08-11', 1, 86, '2025-08-11 12:00:00', '2025-08-11 13:00:00'),
(406, '2025-08-11', 1, 87, '2025-08-11 12:00:00', '2025-08-11 13:00:00'),
(407, '2025-08-11', 1, 88, '2025-08-11 12:00:00', '2025-08-11 13:00:00'),
(408, '2025-08-11', 1, 89, '2025-08-11 12:00:00', '2025-08-11 13:00:00'),
(409, '2025-08-11', 1, 90, '2025-08-11 12:00:00', '2025-08-11 13:00:00'),
(410, '2025-08-11', 1, 91, '2025-08-11 12:00:00', '2025-08-11 13:00:00'),
(411, '2025-08-11', 1, 92, '2025-08-11 12:00:00', '2025-08-11 13:00:00'),
(412, '2025-08-11', 1, 93, '2025-08-11 12:00:00', '2025-08-11 13:00:00'),
(413, '2025-08-11', 1, 94, '2025-08-11 12:00:00', '2025-08-11 13:00:00'),
(414, '2025-08-11', 1, 95, '2025-08-11 12:00:00', '2025-08-11 13:00:00'),
(415, '2025-08-11', 1, 96, '2025-08-11 12:00:00', '2025-08-11 13:00:00'),
(416, '2025-08-11', 1, 97, '2025-08-11 12:00:00', '2025-08-11 13:00:00'),
(417, '2025-08-11', 1, 98, '2025-08-11 12:00:00', '2025-08-11 13:00:00'),
(418, '2025-08-11', 1, 99, '2025-08-11 12:00:00', '2025-08-11 13:00:00'),
(419, '2025-08-11', 1, 100, '2025-08-11 12:00:00', '2025-08-11 13:00:00'),
(420, '2025-08-11', 1, 101, '2025-08-11 12:00:00', '2025-08-11 13:00:00'),
(421, '2025-08-11', 1, 102, '2025-08-11 12:00:00', '2025-08-11 13:00:00'),
(422, '2025-08-11', 1, 103, '2025-08-11 12:00:00', '2025-08-11 13:00:00'),
(423, '2025-08-11', 1, 104, '2025-08-11 12:00:00', '2025-08-11 13:00:00'),
(424, '2025-08-11', 1, 105, '2025-08-11 12:00:00', '2025-08-11 13:00:00'),
(425, '2025-08-11', 1, 106, '2025-08-11 12:00:00', '2025-08-11 13:00:00'),
(426, '2025-08-11', 1, 107, '2025-08-11 12:00:00', '2025-08-11 13:00:00'),
(427, '2025-08-11', 1, 108, '2025-08-11 12:00:00', '2025-08-11 13:00:00'),
(428, '2025-08-11', 1, 109, '2025-08-11 12:00:00', '2025-08-11 13:00:00'),
(429, '2025-08-11', 1, 110, '2025-08-11 12:00:00', '2025-08-11 13:00:00'),
(430, '2025-08-11', 1, 111, '2025-08-11 12:00:00', '2025-08-11 13:00:00'),
(431, '2025-08-11', 1, 112, '2025-08-11 12:00:00', '2025-08-11 13:00:00'),
(432, '2025-08-11', 1, 113, '2025-08-11 12:00:00', '2025-08-11 13:00:00'),
(433, '2025-08-11', 1, 114, '2025-08-11 12:00:00', '2025-08-11 13:00:00'),
(434, '2025-08-11', 1, 115, '2025-08-11 12:00:00', '2025-08-11 13:00:00'),
(435, '2025-08-11', 1, 116, '2025-08-11 12:00:00', '2025-08-11 13:00:00'),
(436, '2025-08-11', 1, 117, '2025-08-11 12:00:00', '2025-08-11 13:00:00'),
(437, '2025-08-11', 1, 118, '2025-08-11 12:00:00', '2025-08-11 13:00:00'),
(438, '2025-08-11', 1, 119, '2025-08-11 12:00:00', '2025-08-11 13:00:00'),
(439, '2025-08-11', 1, 120, '2025-08-11 12:00:00', '2025-08-11 13:00:00'),
(440, '2025-08-11', 1, 121, '2025-08-11 12:00:00', '2025-08-11 13:00:00'),
(441, '2025-08-11', 1, 122, '2025-08-11 12:00:00', '2025-08-11 13:00:00'),
(442, '2025-08-11', 1, 123, '2025-08-11 12:00:00', '2025-08-11 13:00:00'),
(443, '2025-08-11', 1, 124, '2025-08-11 12:00:00', '2025-08-11 13:00:00'),
(444, '2025-08-11', 1, 125, '2025-08-11 12:00:00', '2025-08-11 13:00:00'),
(445, '2025-08-11', 1, 126, '2025-08-11 12:00:00', '2025-08-11 13:00:00'),
(446, '2025-08-11', 1, 127, '2025-08-11 12:00:00', '2025-08-11 13:00:00'),
(447, '2025-08-11', 1, 128, '2025-08-11 12:00:00', '2025-08-11 13:00:00'),
(448, '2025-08-11', 1, 129, '2025-08-11 12:00:00', '2025-08-11 13:00:00'),
(449, '2025-08-11', 1, 130, '2025-08-11 12:00:00', '2025-08-11 13:00:00'),
(450, '2025-08-11', 1, 131, '2025-08-11 12:00:00', '2025-08-11 13:00:00'),
(451, '2025-08-11', 1, 132, '2025-08-11 12:00:00', '2025-08-11 13:00:00'),
(452, '2025-08-11', 1, 133, '2025-08-11 12:00:00', '2025-08-11 13:00:00'),
(453, '2025-08-11', 1, 134, '2025-08-11 12:00:00', '2025-08-11 13:00:00'),
(454, '2025-08-11', 1, 135, '2025-08-11 12:00:00', '2025-08-11 13:00:00'),
(455, '2025-08-11', 1, 136, '2025-08-11 12:00:00', '2025-08-11 13:00:00'),
(456, '2025-08-11', 1, 137, '2025-08-11 12:00:00', '2025-08-11 13:00:00'),
(457, '2025-08-11', 1, 138, '2025-08-11 12:00:00', '2025-08-11 13:00:00'),
(458, '2025-08-11', 1, 139, '2025-08-11 12:00:00', '2025-08-11 13:00:00'),
(459, '2025-08-11', 1, 140, '2025-08-11 12:00:00', '2025-08-11 13:00:00'),
(460, '2025-08-11', 1, 141, '2025-08-11 12:00:00', '2025-08-11 13:00:00'),
(461, '2025-08-11', 1, 142, '2025-08-11 12:00:00', '2025-08-11 13:00:00'),
(462, '2025-08-11', 1, 143, '2025-08-11 12:00:00', '2025-08-11 13:00:00'),
(463, '2025-08-11', 1, 144, '2025-08-11 12:00:00', '2025-08-11 13:00:00'),
(464, '2025-08-11', 1, 145, '2025-08-11 12:00:00', '2025-08-11 13:00:00'),
(465, '2025-08-11', 1, 146, '2025-08-11 12:00:00', '2025-08-11 13:00:00'),
(466, '2025-08-11', 1, 147, '2025-08-11 12:00:00', '2025-08-11 13:00:00'),
(467, '2025-08-11', 1, 148, '2025-08-11 12:00:00', '2025-08-11 13:00:00'),
(468, '2025-08-11', 1, 149, '2025-08-11 12:00:00', '2025-08-11 13:00:00'),
(469, '2025-08-11', 1, 150, '2025-08-11 12:00:00', '2025-08-11 13:00:00'),
(470, '2025-08-11', 1, 151, '2025-08-11 12:00:00', '2025-08-11 13:00:00'),
(471, '2025-08-11', 1, 152, '2025-08-11 12:00:00', '2025-08-11 13:00:00'),
(472, '2025-08-11', 1, 153, '2025-08-11 12:00:00', '2025-08-11 13:00:00'),
(473, '2025-08-11', 1, 154, '2025-08-11 12:00:00', '2025-08-11 13:00:00'),
(474, '2025-08-11', 1, 155, '2025-08-11 12:00:00', '2025-08-11 13:00:00'),
(475, '2025-08-11', 1, 156, '2025-08-11 12:00:00', '2025-08-11 13:00:00'),
(476, '2025-08-11', 1, 157, '2025-08-11 12:00:00', '2025-08-11 13:00:00'),
(477, '2025-08-11', 1, 158, '2025-08-11 12:00:00', '2025-08-11 13:00:00'),
(478, '2025-08-11', 1, 159, '2025-08-11 12:00:00', '2025-08-11 13:00:00'),
(479, '2025-08-11', 1, 160, '2025-08-11 12:00:00', '2025-08-11 13:00:00'),
(480, '2025-08-11', 1, 161, '2025-08-11 12:00:00', '2025-08-11 13:00:00'),
(481, '2025-08-11', 1, 162, '2025-08-11 12:00:00', '2025-08-11 13:00:00'),
(482, '2025-08-11', 1, 163, '2025-08-11 12:00:00', '2025-08-11 13:00:00'),
(483, '2025-08-11', 1, 164, '2025-08-11 12:00:00', '2025-08-11 13:00:00'),
(484, '2025-08-11', 1, 165, '2025-08-11 12:00:00', '2025-08-11 13:00:00'),
(485, '2025-08-11', 1, 166, '2025-08-11 12:00:00', '2025-08-11 13:00:00'),
(486, '2025-08-11', 1, 167, '2025-08-11 12:00:00', '2025-08-11 13:00:00'),
(487, '2025-08-11', 1, 168, '2025-08-11 12:00:00', '2025-08-11 13:00:00'),
(488, '2025-08-11', 1, 169, '2025-08-11 12:00:00', '2025-08-11 13:00:00'),
(489, '2025-08-11', 1, 170, '2025-08-11 12:00:00', '2025-08-11 13:00:00'),
(490, '2025-08-11', 1, 171, '2025-08-11 12:00:00', '2025-08-11 13:00:00'),
(491, '2025-08-11', 1, 172, '2025-08-11 12:00:00', '2025-08-11 13:00:00'),
(492, '2025-08-11', 1, 173, '2025-08-11 12:00:00', '2025-08-11 13:00:00'),
(493, '2025-08-11', 1, 174, '2025-08-11 12:00:00', '2025-08-11 13:00:00'),
(494, '2025-08-11', 1, 175, '2025-08-11 12:00:00', '2025-08-11 13:00:00'),
(495, '2025-08-11', 1, 176, '2025-08-11 12:00:00', '2025-08-11 13:00:00'),
(496, '2025-08-11', 1, 177, '2025-08-11 12:00:00', '2025-08-11 13:00:00'),
(497, '2025-08-11', 1, 178, '2025-08-11 12:00:00', '2025-08-11 13:00:00'),
(498, '2025-08-11', 1, 179, '2025-08-11 12:00:00', '2025-08-11 13:00:00'),
(499, '2025-08-11', 1, 180, '2025-08-11 12:00:00', '2025-08-11 13:00:00'),
(500, '2025-08-11', 1, 181, '2025-08-11 12:00:00', '2025-08-11 13:00:00'),
(501, '2025-08-13', 1, 82, '2025-08-13 12:00:00', '2025-08-13 13:00:00'),
(502, '2025-08-13', 1, 83, '2025-08-13 12:00:00', '2025-08-13 13:00:00'),
(503, '2025-08-13', 1, 84, '2025-08-13 12:00:00', '2025-08-13 13:00:00'),
(504, '2025-08-13', 1, 85, '2025-08-13 12:00:00', '2025-08-13 13:00:00'),
(505, '2025-08-13', 1, 86, '2025-08-13 12:00:00', '2025-08-13 13:00:00'),
(506, '2025-08-13', 1, 87, '2025-08-13 12:00:00', '2025-08-13 13:00:00'),
(507, '2025-08-13', 1, 88, '2025-08-13 12:00:00', '2025-08-13 13:00:00'),
(508, '2025-08-13', 1, 89, '2025-08-13 12:00:00', '2025-08-13 13:00:00'),
(509, '2025-08-13', 1, 90, '2025-08-13 12:00:00', '2025-08-13 13:00:00'),
(510, '2025-08-13', 1, 91, '2025-08-13 12:00:00', '2025-08-13 13:00:00'),
(511, '2025-08-13', 1, 92, '2025-08-13 12:00:00', '2025-08-13 13:00:00'),
(512, '2025-08-13', 1, 93, '2025-08-13 12:00:00', '2025-08-13 13:00:00'),
(513, '2025-08-13', 1, 94, '2025-08-13 12:00:00', '2025-08-13 13:00:00'),
(514, '2025-08-13', 1, 95, '2025-08-13 12:00:00', '2025-08-13 13:00:00'),
(515, '2025-08-13', 1, 96, '2025-08-13 12:00:00', '2025-08-13 13:00:00'),
(516, '2025-08-13', 1, 97, '2025-08-13 12:00:00', '2025-08-13 13:00:00'),
(517, '2025-08-13', 1, 98, '2025-08-13 12:00:00', '2025-08-13 13:00:00'),
(518, '2025-08-13', 1, 99, '2025-08-13 12:00:00', '2025-08-13 13:00:00'),
(519, '2025-08-13', 1, 100, '2025-08-13 12:00:00', '2025-08-13 13:00:00'),
(520, '2025-08-13', 1, 101, '2025-08-13 12:00:00', '2025-08-13 13:00:00'),
(521, '2025-08-13', 1, 102, '2025-08-13 12:00:00', '2025-08-13 13:00:00'),
(522, '2025-08-13', 1, 103, '2025-08-13 12:00:00', '2025-08-13 13:00:00'),
(523, '2025-08-13', 1, 104, '2025-08-13 12:00:00', '2025-08-13 13:00:00'),
(524, '2025-08-13', 1, 105, '2025-08-13 12:00:00', '2025-08-13 13:00:00'),
(525, '2025-08-13', 1, 106, '2025-08-13 12:00:00', '2025-08-13 13:00:00'),
(526, '2025-08-13', 1, 107, '2025-08-13 12:00:00', '2025-08-13 13:00:00'),
(527, '2025-08-13', 1, 108, '2025-08-13 12:00:00', '2025-08-13 13:00:00'),
(528, '2025-08-13', 1, 109, '2025-08-13 12:00:00', '2025-08-13 13:00:00'),
(529, '2025-08-13', 1, 110, '2025-08-13 12:00:00', '2025-08-13 13:00:00'),
(530, '2025-08-13', 1, 111, '2025-08-13 12:00:00', '2025-08-13 13:00:00'),
(531, '2025-08-13', 1, 112, '2025-08-13 12:00:00', '2025-08-13 13:00:00'),
(532, '2025-08-13', 1, 113, '2025-08-13 12:00:00', '2025-08-13 13:00:00'),
(533, '2025-08-13', 1, 114, '2025-08-13 12:00:00', '2025-08-13 13:00:00'),
(534, '2025-08-13', 1, 115, '2025-08-13 12:00:00', '2025-08-13 13:00:00'),
(535, '2025-08-13', 1, 116, '2025-08-13 12:00:00', '2025-08-13 13:00:00'),
(536, '2025-08-13', 1, 117, '2025-08-13 12:00:00', '2025-08-13 13:00:00'),
(537, '2025-08-13', 1, 118, '2025-08-13 12:00:00', '2025-08-13 13:00:00'),
(538, '2025-08-13', 1, 119, '2025-08-13 12:00:00', '2025-08-13 13:00:00'),
(539, '2025-08-13', 1, 120, '2025-08-13 12:00:00', '2025-08-13 13:00:00'),
(540, '2025-08-13', 1, 121, '2025-08-13 12:00:00', '2025-08-13 13:00:00'),
(541, '2025-08-13', 1, 122, '2025-08-13 12:00:00', '2025-08-13 13:00:00'),
(542, '2025-08-13', 1, 123, '2025-08-13 12:00:00', '2025-08-13 13:00:00'),
(543, '2025-08-13', 1, 124, '2025-08-13 12:00:00', '2025-08-13 13:00:00'),
(544, '2025-08-13', 1, 125, '2025-08-13 12:00:00', '2025-08-13 13:00:00'),
(545, '2025-08-13', 1, 126, '2025-08-13 12:00:00', '2025-08-13 13:00:00'),
(546, '2025-08-13', 1, 127, '2025-08-13 12:00:00', '2025-08-13 13:00:00'),
(547, '2025-08-13', 1, 128, '2025-08-13 12:00:00', '2025-08-13 13:00:00'),
(548, '2025-08-13', 1, 129, '2025-08-13 12:00:00', '2025-08-13 13:00:00'),
(549, '2025-08-13', 1, 130, '2025-08-13 12:00:00', '2025-08-13 13:00:00'),
(550, '2025-08-13', 1, 131, '2025-08-13 12:00:00', '2025-08-13 13:00:00'),
(551, '2025-08-13', 1, 132, '2025-08-13 12:00:00', '2025-08-13 13:00:00'),
(552, '2025-08-13', 1, 133, '2025-08-13 12:00:00', '2025-08-13 13:00:00'),
(553, '2025-08-13', 1, 134, '2025-08-13 12:00:00', '2025-08-13 13:00:00'),
(554, '2025-08-13', 1, 135, '2025-08-13 12:00:00', '2025-08-13 13:00:00'),
(555, '2025-08-13', 1, 136, '2025-08-13 12:00:00', '2025-08-13 13:00:00'),
(556, '2025-08-13', 1, 137, '2025-08-13 12:00:00', '2025-08-13 13:00:00'),
(557, '2025-08-13', 1, 138, '2025-08-13 12:00:00', '2025-08-13 13:00:00'),
(558, '2025-08-13', 1, 139, '2025-08-13 12:00:00', '2025-08-13 13:00:00'),
(559, '2025-08-13', 1, 140, '2025-08-13 12:00:00', '2025-08-13 13:00:00'),
(560, '2025-08-13', 1, 141, '2025-08-13 12:00:00', '2025-08-13 13:00:00'),
(561, '2025-08-13', 1, 142, '2025-08-13 12:00:00', '2025-08-13 13:00:00'),
(562, '2025-08-13', 1, 143, '2025-08-13 12:00:00', '2025-08-13 13:00:00'),
(563, '2025-08-13', 1, 144, '2025-08-13 12:00:00', '2025-08-13 13:00:00'),
(564, '2025-08-13', 1, 145, '2025-08-13 12:00:00', '2025-08-13 13:00:00'),
(565, '2025-08-13', 1, 146, '2025-08-13 12:00:00', '2025-08-13 13:00:00'),
(566, '2025-08-13', 1, 147, '2025-08-13 12:00:00', '2025-08-13 13:00:00'),
(567, '2025-08-13', 1, 148, '2025-08-13 12:00:00', '2025-08-13 13:00:00'),
(568, '2025-08-13', 1, 149, '2025-08-13 12:00:00', '2025-08-13 13:00:00'),
(569, '2025-08-13', 1, 150, '2025-08-13 12:00:00', '2025-08-13 13:00:00'),
(570, '2025-08-13', 1, 151, '2025-08-13 12:00:00', '2025-08-13 13:00:00'),
(571, '2025-08-13', 1, 152, '2025-08-13 12:00:00', '2025-08-13 13:00:00'),
(572, '2025-08-13', 1, 153, '2025-08-13 12:00:00', '2025-08-13 13:00:00'),
(573, '2025-08-13', 1, 154, '2025-08-13 12:00:00', '2025-08-13 13:00:00'),
(574, '2025-08-13', 1, 155, '2025-08-13 12:00:00', '2025-08-13 13:00:00'),
(575, '2025-08-13', 1, 156, '2025-08-13 12:00:00', '2025-08-13 13:00:00'),
(576, '2025-08-13', 1, 157, '2025-08-13 12:00:00', '2025-08-13 13:00:00'),
(577, '2025-08-13', 1, 158, '2025-08-13 12:00:00', '2025-08-13 13:00:00'),
(578, '2025-08-13', 1, 159, '2025-08-13 12:00:00', '2025-08-13 13:00:00'),
(579, '2025-08-13', 1, 160, '2025-08-13 12:00:00', '2025-08-13 13:00:00'),
(580, '2025-08-13', 1, 161, '2025-08-13 12:00:00', '2025-08-13 13:00:00'),
(581, '2025-08-13', 1, 162, '2025-08-13 12:00:00', '2025-08-13 13:00:00'),
(582, '2025-08-13', 1, 163, '2025-08-13 12:00:00', '2025-08-13 13:00:00'),
(583, '2025-08-13', 1, 164, '2025-08-13 12:00:00', '2025-08-13 13:00:00'),
(584, '2025-08-13', 1, 165, '2025-08-13 12:00:00', '2025-08-13 13:00:00'),
(585, '2025-08-13', 1, 166, '2025-08-13 12:00:00', '2025-08-13 13:00:00'),
(586, '2025-08-13', 1, 167, '2025-08-13 12:00:00', '2025-08-13 13:00:00'),
(587, '2025-08-13', 1, 168, '2025-08-13 12:00:00', '2025-08-13 13:00:00'),
(588, '2025-08-13', 1, 169, '2025-08-13 12:00:00', '2025-08-13 13:00:00'),
(589, '2025-08-13', 1, 170, '2025-08-13 12:00:00', '2025-08-13 13:00:00'),
(590, '2025-08-13', 1, 171, '2025-08-13 12:00:00', '2025-08-13 13:00:00'),
(591, '2025-08-13', 1, 172, '2025-08-13 12:00:00', '2025-08-13 13:00:00'),
(592, '2025-08-13', 1, 173, '2025-08-13 12:00:00', '2025-08-13 13:00:00'),
(593, '2025-08-13', 1, 174, '2025-08-13 12:00:00', '2025-08-13 13:00:00'),
(594, '2025-08-13', 1, 175, '2025-08-13 12:00:00', '2025-08-13 13:00:00'),
(595, '2025-08-13', 1, 176, '2025-08-13 12:00:00', '2025-08-13 13:00:00'),
(596, '2025-08-13', 1, 177, '2025-08-13 12:00:00', '2025-08-13 13:00:00'),
(597, '2025-08-13', 1, 178, '2025-08-13 12:00:00', '2025-08-13 13:00:00'),
(598, '2025-08-13', 1, 179, '2025-08-13 12:00:00', '2025-08-13 13:00:00'),
(599, '2025-08-13', 1, 180, '2025-08-13 12:00:00', '2025-08-13 13:00:00'),
(600, '2025-08-13', 1, 181, '2025-08-13 12:00:00', '2025-08-13 13:00:00'),
(601, '2025-08-11', 0, 82, '2025-08-11 00:00:00', '2025-08-11 01:00:00'),
(602, '2025-08-11', 0, 83, '2025-08-11 00:00:00', '2025-08-11 01:00:00'),
(603, '2025-08-11', 0, 84, '2025-08-11 00:00:00', '2025-08-11 01:00:00'),
(604, '2025-08-11', 0, 85, '2025-08-11 00:00:00', '2025-08-11 01:00:00'),
(605, '2025-08-11', 0, 86, '2025-08-11 00:00:00', '2025-08-11 01:00:00'),
(606, '2025-08-11', 0, 87, '2025-08-11 00:00:00', '2025-08-11 01:00:00'),
(607, '2025-08-11', 0, 88, '2025-08-11 00:00:00', '2025-08-11 01:00:00'),
(608, '2025-08-11', 0, 89, '2025-08-11 00:00:00', '2025-08-11 01:00:00'),
(609, '2025-08-11', 0, 90, '2025-08-11 00:00:00', '2025-08-11 01:00:00'),
(610, '2025-08-11', 0, 91, '2025-08-11 00:00:00', '2025-08-11 01:00:00'),
(611, '2025-08-11', 0, 92, '2025-08-11 00:00:00', '2025-08-11 01:00:00'),
(612, '2025-08-11', 0, 93, '2025-08-11 00:00:00', '2025-08-11 01:00:00'),
(613, '2025-08-11', 0, 94, '2025-08-11 00:00:00', '2025-08-11 01:00:00'),
(614, '2025-08-11', 0, 95, '2025-08-11 00:00:00', '2025-08-11 01:00:00'),
(615, '2025-08-11', 0, 96, '2025-08-11 00:00:00', '2025-08-11 01:00:00'),
(616, '2025-08-11', 0, 97, '2025-08-11 00:00:00', '2025-08-11 01:00:00'),
(617, '2025-08-11', 0, 98, '2025-08-11 00:00:00', '2025-08-11 01:00:00'),
(618, '2025-08-11', 0, 99, '2025-08-11 00:00:00', '2025-08-11 01:00:00'),
(619, '2025-08-11', 0, 100, '2025-08-11 00:00:00', '2025-08-11 01:00:00'),
(620, '2025-08-11', 0, 101, '2025-08-11 00:00:00', '2025-08-11 01:00:00'),
(621, '2025-08-11', 0, 102, '2025-08-11 00:00:00', '2025-08-11 01:00:00'),
(622, '2025-08-11', 0, 103, '2025-08-11 00:00:00', '2025-08-11 01:00:00'),
(623, '2025-08-11', 0, 104, '2025-08-11 00:00:00', '2025-08-11 01:00:00'),
(624, '2025-08-11', 0, 105, '2025-08-11 00:00:00', '2025-08-11 01:00:00'),
(625, '2025-08-11', 0, 106, '2025-08-11 00:00:00', '2025-08-11 01:00:00'),
(626, '2025-08-11', 0, 107, '2025-08-11 00:00:00', '2025-08-11 01:00:00'),
(627, '2025-08-11', 0, 108, '2025-08-11 00:00:00', '2025-08-11 01:00:00'),
(628, '2025-08-11', 0, 109, '2025-08-11 00:00:00', '2025-08-11 01:00:00'),
(629, '2025-08-11', 0, 110, '2025-08-11 00:00:00', '2025-08-11 01:00:00'),
(630, '2025-08-11', 0, 111, '2025-08-11 00:00:00', '2025-08-11 01:00:00'),
(631, '2025-08-11', 0, 112, '2025-08-11 00:00:00', '2025-08-11 01:00:00'),
(632, '2025-08-11', 0, 113, '2025-08-11 00:00:00', '2025-08-11 01:00:00'),
(633, '2025-08-11', 0, 114, '2025-08-11 00:00:00', '2025-08-11 01:00:00'),
(634, '2025-08-11', 0, 115, '2025-08-11 00:00:00', '2025-08-11 01:00:00'),
(635, '2025-08-11', 0, 116, '2025-08-11 00:00:00', '2025-08-11 01:00:00'),
(636, '2025-08-11', 0, 117, '2025-08-11 00:00:00', '2025-08-11 01:00:00'),
(637, '2025-08-11', 0, 118, '2025-08-11 00:00:00', '2025-08-11 01:00:00'),
(638, '2025-08-11', 0, 119, '2025-08-11 00:00:00', '2025-08-11 01:00:00'),
(639, '2025-08-11', 0, 120, '2025-08-11 00:00:00', '2025-08-11 01:00:00'),
(640, '2025-08-11', 0, 121, '2025-08-11 00:00:00', '2025-08-11 01:00:00'),
(641, '2025-08-11', 0, 122, '2025-08-11 00:00:00', '2025-08-11 01:00:00'),
(642, '2025-08-11', 0, 123, '2025-08-11 00:00:00', '2025-08-11 01:00:00'),
(643, '2025-08-11', 0, 124, '2025-08-11 00:00:00', '2025-08-11 01:00:00'),
(644, '2025-08-11', 0, 125, '2025-08-11 00:00:00', '2025-08-11 01:00:00'),
(645, '2025-08-11', 0, 126, '2025-08-11 00:00:00', '2025-08-11 01:00:00'),
(646, '2025-08-11', 0, 127, '2025-08-11 00:00:00', '2025-08-11 01:00:00'),
(647, '2025-08-11', 0, 128, '2025-08-11 00:00:00', '2025-08-11 01:00:00'),
(648, '2025-08-11', 0, 129, '2025-08-11 00:00:00', '2025-08-11 01:00:00'),
(649, '2025-08-11', 0, 130, '2025-08-11 00:00:00', '2025-08-11 01:00:00'),
(650, '2025-08-11', 0, 131, '2025-08-11 00:00:00', '2025-08-11 01:00:00'),
(651, '2025-08-11', 0, 132, '2025-08-11 00:00:00', '2025-08-11 01:00:00'),
(652, '2025-08-11', 0, 133, '2025-08-11 00:00:00', '2025-08-11 01:00:00'),
(653, '2025-08-11', 0, 134, '2025-08-11 00:00:00', '2025-08-11 01:00:00'),
(654, '2025-08-11', 0, 135, '2025-08-11 00:00:00', '2025-08-11 01:00:00'),
(655, '2025-08-11', 0, 136, '2025-08-11 00:00:00', '2025-08-11 01:00:00'),
(656, '2025-08-11', 0, 137, '2025-08-11 00:00:00', '2025-08-11 01:00:00'),
(657, '2025-08-11', 0, 138, '2025-08-11 00:00:00', '2025-08-11 01:00:00'),
(658, '2025-08-11', 0, 139, '2025-08-11 00:00:00', '2025-08-11 01:00:00'),
(659, '2025-08-11', 0, 140, '2025-08-11 00:00:00', '2025-08-11 01:00:00'),
(660, '2025-08-11', 0, 141, '2025-08-11 00:00:00', '2025-08-11 01:00:00'),
(661, '2025-08-11', 0, 142, '2025-08-11 00:00:00', '2025-08-11 01:00:00'),
(662, '2025-08-11', 0, 143, '2025-08-11 00:00:00', '2025-08-11 01:00:00'),
(663, '2025-08-11', 0, 144, '2025-08-11 00:00:00', '2025-08-11 01:00:00'),
(664, '2025-08-11', 0, 145, '2025-08-11 00:00:00', '2025-08-11 01:00:00'),
(665, '2025-08-11', 0, 146, '2025-08-11 00:00:00', '2025-08-11 01:00:00'),
(666, '2025-08-11', 0, 147, '2025-08-11 00:00:00', '2025-08-11 01:00:00'),
(667, '2025-08-11', 0, 148, '2025-08-11 00:00:00', '2025-08-11 01:00:00'),
(668, '2025-08-11', 0, 149, '2025-08-11 00:00:00', '2025-08-11 01:00:00'),
(669, '2025-08-11', 0, 150, '2025-08-11 00:00:00', '2025-08-11 01:00:00'),
(670, '2025-08-11', 0, 151, '2025-08-11 00:00:00', '2025-08-11 01:00:00'),
(671, '2025-08-11', 0, 152, '2025-08-11 00:00:00', '2025-08-11 01:00:00'),
(672, '2025-08-11', 0, 153, '2025-08-11 00:00:00', '2025-08-11 01:00:00'),
(673, '2025-08-11', 0, 154, '2025-08-11 00:00:00', '2025-08-11 01:00:00'),
(674, '2025-08-11', 0, 155, '2025-08-11 00:00:00', '2025-08-11 01:00:00'),
(675, '2025-08-11', 0, 156, '2025-08-11 00:00:00', '2025-08-11 01:00:00'),
(676, '2025-08-11', 0, 157, '2025-08-11 00:00:00', '2025-08-11 01:00:00'),
(677, '2025-08-11', 0, 158, '2025-08-11 00:00:00', '2025-08-11 01:00:00'),
(678, '2025-08-11', 0, 159, '2025-08-11 00:00:00', '2025-08-11 01:00:00'),
(679, '2025-08-11', 0, 160, '2025-08-11 00:00:00', '2025-08-11 01:00:00'),
(680, '2025-08-11', 0, 161, '2025-08-11 00:00:00', '2025-08-11 01:00:00'),
(681, '2025-08-11', 0, 162, '2025-08-11 00:00:00', '2025-08-11 01:00:00'),
(682, '2025-08-11', 0, 163, '2025-08-11 00:00:00', '2025-08-11 01:00:00'),
(683, '2025-08-11', 0, 164, '2025-08-11 00:00:00', '2025-08-11 01:00:00'),
(684, '2025-08-11', 0, 165, '2025-08-11 00:00:00', '2025-08-11 01:00:00'),
(685, '2025-08-11', 0, 166, '2025-08-11 00:00:00', '2025-08-11 01:00:00'),
(686, '2025-08-11', 0, 167, '2025-08-11 00:00:00', '2025-08-11 01:00:00');
INSERT INTO `workers_breaks` (`break_id`, `date`, `isDay`, `worker_id`, `started_at`, `ended_at`) VALUES
(687, '2025-08-11', 0, 168, '2025-08-11 00:00:00', '2025-08-11 01:00:00'),
(688, '2025-08-11', 0, 169, '2025-08-11 00:00:00', '2025-08-11 01:00:00'),
(689, '2025-08-11', 0, 170, '2025-08-11 00:00:00', '2025-08-11 01:00:00'),
(690, '2025-08-11', 0, 171, '2025-08-11 00:00:00', '2025-08-11 01:00:00'),
(691, '2025-08-11', 0, 172, '2025-08-11 00:00:00', '2025-08-11 01:00:00'),
(692, '2025-08-11', 0, 173, '2025-08-11 00:00:00', '2025-08-11 01:00:00'),
(693, '2025-08-11', 0, 174, '2025-08-11 00:00:00', '2025-08-11 01:00:00'),
(694, '2025-08-11', 0, 175, '2025-08-11 00:00:00', '2025-08-11 01:00:00'),
(695, '2025-08-11', 0, 176, '2025-08-11 00:00:00', '2025-08-11 01:00:00'),
(696, '2025-08-11', 0, 177, '2025-08-11 00:00:00', '2025-08-11 01:00:00'),
(697, '2025-08-11', 0, 178, '2025-08-11 00:00:00', '2025-08-11 01:00:00'),
(698, '2025-08-11', 0, 179, '2025-08-11 00:00:00', '2025-08-11 01:00:00'),
(699, '2025-08-11', 0, 180, '2025-08-11 00:00:00', '2025-08-11 01:00:00'),
(700, '2025-08-11', 0, 181, '2025-08-11 00:00:00', '2025-08-11 01:00:00'),
(701, '2025-08-13', 0, 82, '2025-08-13 00:00:00', '2025-08-13 01:00:00'),
(702, '2025-08-13', 0, 83, '2025-08-13 00:00:00', '2025-08-13 01:00:00'),
(703, '2025-08-13', 0, 84, '2025-08-13 00:00:00', '2025-08-13 01:00:00'),
(704, '2025-08-13', 0, 85, '2025-08-13 00:00:00', '2025-08-13 01:00:00'),
(705, '2025-08-13', 0, 86, '2025-08-13 00:00:00', '2025-08-13 01:00:00'),
(706, '2025-08-13', 0, 87, '2025-08-13 00:00:00', '2025-08-13 01:00:00'),
(707, '2025-08-13', 0, 88, '2025-08-13 00:00:00', '2025-08-13 01:00:00'),
(708, '2025-08-13', 0, 89, '2025-08-13 00:00:00', '2025-08-13 01:00:00'),
(709, '2025-08-13', 0, 90, '2025-08-13 00:00:00', '2025-08-13 01:00:00'),
(710, '2025-08-13', 0, 91, '2025-08-13 00:00:00', '2025-08-13 01:00:00'),
(711, '2025-08-13', 0, 92, '2025-08-13 00:00:00', '2025-08-13 01:00:00'),
(712, '2025-08-13', 0, 93, '2025-08-13 00:00:00', '2025-08-13 01:00:00'),
(713, '2025-08-13', 0, 94, '2025-08-13 00:00:00', '2025-08-13 01:00:00'),
(714, '2025-08-13', 0, 95, '2025-08-13 00:00:00', '2025-08-13 01:00:00'),
(715, '2025-08-13', 0, 96, '2025-08-13 00:00:00', '2025-08-13 01:00:00'),
(716, '2025-08-13', 0, 97, '2025-08-13 00:00:00', '2025-08-13 01:00:00'),
(717, '2025-08-13', 0, 98, '2025-08-13 00:00:00', '2025-08-13 01:00:00'),
(718, '2025-08-13', 0, 99, '2025-08-13 00:00:00', '2025-08-13 01:00:00'),
(719, '2025-08-13', 0, 100, '2025-08-13 00:00:00', '2025-08-13 01:00:00'),
(720, '2025-08-13', 0, 101, '2025-08-13 00:00:00', '2025-08-13 01:00:00'),
(721, '2025-08-13', 0, 102, '2025-08-13 00:00:00', '2025-08-13 01:00:00'),
(722, '2025-08-13', 0, 103, '2025-08-13 00:00:00', '2025-08-13 01:00:00'),
(723, '2025-08-13', 0, 104, '2025-08-13 00:00:00', '2025-08-13 01:00:00'),
(724, '2025-08-13', 0, 105, '2025-08-13 00:00:00', '2025-08-13 01:00:00'),
(725, '2025-08-13', 0, 106, '2025-08-13 00:00:00', '2025-08-13 01:00:00'),
(726, '2025-08-13', 0, 107, '2025-08-13 00:00:00', '2025-08-13 01:00:00'),
(727, '2025-08-13', 0, 108, '2025-08-13 00:00:00', '2025-08-13 01:00:00'),
(728, '2025-08-13', 0, 109, '2025-08-13 00:00:00', '2025-08-13 01:00:00'),
(729, '2025-08-13', 0, 110, '2025-08-13 00:00:00', '2025-08-13 01:00:00'),
(730, '2025-08-13', 0, 111, '2025-08-13 00:00:00', '2025-08-13 01:00:00'),
(731, '2025-08-13', 0, 112, '2025-08-13 00:00:00', '2025-08-13 01:00:00'),
(732, '2025-08-13', 0, 113, '2025-08-13 00:00:00', '2025-08-13 01:00:00'),
(733, '2025-08-13', 0, 114, '2025-08-13 00:00:00', '2025-08-13 01:00:00'),
(734, '2025-08-13', 0, 115, '2025-08-13 00:00:00', '2025-08-13 01:00:00'),
(735, '2025-08-13', 0, 116, '2025-08-13 00:00:00', '2025-08-13 01:00:00'),
(736, '2025-08-13', 0, 117, '2025-08-13 00:00:00', '2025-08-13 01:00:00'),
(737, '2025-08-13', 0, 118, '2025-08-13 00:00:00', '2025-08-13 01:00:00'),
(738, '2025-08-13', 0, 119, '2025-08-13 00:00:00', '2025-08-13 01:00:00'),
(739, '2025-08-13', 0, 120, '2025-08-13 00:00:00', '2025-08-13 01:00:00'),
(740, '2025-08-13', 0, 121, '2025-08-13 00:00:00', '2025-08-13 01:00:00'),
(741, '2025-08-13', 0, 122, '2025-08-13 00:00:00', '2025-08-13 01:00:00'),
(742, '2025-08-13', 0, 123, '2025-08-13 00:00:00', '2025-08-13 01:00:00'),
(743, '2025-08-13', 0, 124, '2025-08-13 00:00:00', '2025-08-13 01:00:00'),
(744, '2025-08-13', 0, 125, '2025-08-13 00:00:00', '2025-08-13 01:00:00'),
(745, '2025-08-13', 0, 126, '2025-08-13 00:00:00', '2025-08-13 01:00:00'),
(746, '2025-08-13', 0, 127, '2025-08-13 00:00:00', '2025-08-13 01:00:00'),
(747, '2025-08-13', 0, 128, '2025-08-13 00:00:00', '2025-08-13 01:00:00'),
(748, '2025-08-13', 0, 129, '2025-08-13 00:00:00', '2025-08-13 01:00:00'),
(749, '2025-08-13', 0, 130, '2025-08-13 00:00:00', '2025-08-13 01:00:00'),
(750, '2025-08-13', 0, 131, '2025-08-13 00:00:00', '2025-08-13 01:00:00'),
(751, '2025-08-13', 0, 132, '2025-08-13 00:00:00', '2025-08-13 01:00:00'),
(752, '2025-08-13', 0, 133, '2025-08-13 00:00:00', '2025-08-13 01:00:00'),
(753, '2025-08-13', 0, 134, '2025-08-13 00:00:00', '2025-08-13 01:00:00'),
(754, '2025-08-13', 0, 135, '2025-08-13 00:00:00', '2025-08-13 01:00:00'),
(755, '2025-08-13', 0, 136, '2025-08-13 00:00:00', '2025-08-13 01:00:00'),
(756, '2025-08-13', 0, 137, '2025-08-13 00:00:00', '2025-08-13 01:00:00'),
(757, '2025-08-13', 0, 138, '2025-08-13 00:00:00', '2025-08-13 01:00:00'),
(758, '2025-08-13', 0, 139, '2025-08-13 00:00:00', '2025-08-13 01:00:00'),
(759, '2025-08-13', 0, 140, '2025-08-13 00:00:00', '2025-08-13 01:00:00'),
(760, '2025-08-13', 0, 141, '2025-08-13 00:00:00', '2025-08-13 01:00:00'),
(761, '2025-08-13', 0, 142, '2025-08-13 00:00:00', '2025-08-13 01:00:00'),
(762, '2025-08-13', 0, 143, '2025-08-13 00:00:00', '2025-08-13 01:00:00'),
(763, '2025-08-13', 0, 144, '2025-08-13 00:00:00', '2025-08-13 01:00:00'),
(764, '2025-08-13', 0, 145, '2025-08-13 00:00:00', '2025-08-13 01:00:00'),
(765, '2025-08-13', 0, 146, '2025-08-13 00:00:00', '2025-08-13 01:00:00'),
(766, '2025-08-13', 0, 147, '2025-08-13 00:00:00', '2025-08-13 01:00:00'),
(767, '2025-08-13', 0, 148, '2025-08-13 00:00:00', '2025-08-13 01:00:00'),
(768, '2025-08-13', 0, 149, '2025-08-13 00:00:00', '2025-08-13 01:00:00'),
(769, '2025-08-13', 0, 150, '2025-08-13 00:00:00', '2025-08-13 01:00:00'),
(770, '2025-08-13', 0, 151, '2025-08-13 00:00:00', '2025-08-13 01:00:00'),
(771, '2025-08-13', 0, 152, '2025-08-13 00:00:00', '2025-08-13 01:00:00'),
(772, '2025-08-13', 0, 153, '2025-08-13 00:00:00', '2025-08-13 01:00:00'),
(773, '2025-08-13', 0, 154, '2025-08-13 00:00:00', '2025-08-13 01:00:00'),
(774, '2025-08-13', 0, 155, '2025-08-13 00:00:00', '2025-08-13 01:00:00'),
(775, '2025-08-13', 0, 156, '2025-08-13 00:00:00', '2025-08-13 01:00:00'),
(776, '2025-08-13', 0, 157, '2025-08-13 00:00:00', '2025-08-13 01:00:00'),
(777, '2025-08-13', 0, 158, '2025-08-13 00:00:00', '2025-08-13 01:00:00'),
(778, '2025-08-13', 0, 159, '2025-08-13 00:00:00', '2025-08-13 01:00:00'),
(779, '2025-08-13', 0, 160, '2025-08-13 00:00:00', '2025-08-13 01:00:00'),
(780, '2025-08-13', 0, 161, '2025-08-13 00:00:00', '2025-08-13 01:00:00'),
(781, '2025-08-13', 0, 162, '2025-08-13 00:00:00', '2025-08-13 01:00:00'),
(782, '2025-08-13', 0, 163, '2025-08-13 00:00:00', '2025-08-13 01:00:00'),
(783, '2025-08-13', 0, 164, '2025-08-13 00:00:00', '2025-08-13 01:00:00'),
(784, '2025-08-13', 0, 165, '2025-08-13 00:00:00', '2025-08-13 01:00:00'),
(785, '2025-08-13', 0, 166, '2025-08-13 00:00:00', '2025-08-13 01:00:00'),
(786, '2025-08-13', 0, 167, '2025-08-13 00:00:00', '2025-08-13 01:00:00'),
(787, '2025-08-13', 0, 168, '2025-08-13 00:00:00', '2025-08-13 01:00:00'),
(788, '2025-08-13', 0, 169, '2025-08-13 00:00:00', '2025-08-13 01:00:00'),
(789, '2025-08-13', 0, 170, '2025-08-13 00:00:00', '2025-08-13 01:00:00'),
(790, '2025-08-13', 0, 171, '2025-08-13 00:00:00', '2025-08-13 01:00:00'),
(791, '2025-08-13', 0, 172, '2025-08-13 00:00:00', '2025-08-13 01:00:00'),
(792, '2025-08-13', 0, 173, '2025-08-13 00:00:00', '2025-08-13 01:00:00'),
(793, '2025-08-13', 0, 174, '2025-08-13 00:00:00', '2025-08-13 01:00:00'),
(794, '2025-08-13', 0, 175, '2025-08-13 00:00:00', '2025-08-13 01:00:00'),
(795, '2025-08-13', 0, 176, '2025-08-13 00:00:00', '2025-08-13 01:00:00'),
(796, '2025-08-13', 0, 177, '2025-08-13 00:00:00', '2025-08-13 01:00:00'),
(797, '2025-08-13', 0, 178, '2025-08-13 00:00:00', '2025-08-13 01:00:00'),
(798, '2025-08-13', 0, 179, '2025-08-13 00:00:00', '2025-08-13 01:00:00'),
(799, '2025-08-13', 0, 180, '2025-08-13 00:00:00', '2025-08-13 01:00:00'),
(800, '2025-08-13', 0, 181, '2025-08-13 00:00:00', '2025-08-13 01:00:00'),
(801, '2025-08-15', 1, 82, '2025-08-15 12:00:00', '2025-08-15 13:00:00'),
(802, '2025-08-15', 1, 83, '2025-08-15 12:00:00', '2025-08-15 13:00:00'),
(803, '2025-08-15', 1, 84, '2025-08-15 12:00:00', '2025-08-15 13:00:00'),
(804, '2025-08-15', 1, 85, '2025-08-15 12:00:00', '2025-08-15 13:00:00'),
(805, '2025-08-15', 1, 86, '2025-08-15 12:00:00', '2025-08-15 13:00:00'),
(806, '2025-08-15', 1, 87, '2025-08-15 12:00:00', '2025-08-15 13:00:00'),
(807, '2025-08-15', 1, 88, '2025-08-15 12:00:00', '2025-08-15 13:00:00'),
(808, '2025-08-15', 1, 89, '2025-08-15 12:00:00', '2025-08-15 13:00:00'),
(809, '2025-08-15', 1, 90, '2025-08-15 12:00:00', '2025-08-15 13:00:00'),
(810, '2025-08-15', 1, 91, '2025-08-15 12:00:00', '2025-08-15 13:00:00'),
(811, '2025-08-15', 1, 92, '2025-08-15 12:00:00', '2025-08-15 13:00:00'),
(812, '2025-08-15', 1, 93, '2025-08-15 12:00:00', '2025-08-15 13:00:00'),
(813, '2025-08-15', 1, 94, '2025-08-15 12:00:00', '2025-08-15 13:00:00'),
(814, '2025-08-15', 1, 95, '2025-08-15 12:00:00', '2025-08-15 13:00:00'),
(815, '2025-08-15', 1, 96, '2025-08-15 12:00:00', '2025-08-15 13:00:00'),
(816, '2025-08-15', 1, 97, '2025-08-15 12:00:00', '2025-08-15 13:00:00'),
(817, '2025-08-15', 1, 98, '2025-08-15 12:00:00', '2025-08-15 13:00:00'),
(818, '2025-08-15', 1, 99, '2025-08-15 12:00:00', '2025-08-15 13:00:00'),
(819, '2025-08-15', 1, 100, '2025-08-15 12:00:00', '2025-08-15 13:00:00'),
(820, '2025-08-15', 1, 101, '2025-08-15 12:00:00', '2025-08-15 13:00:00'),
(821, '2025-08-15', 1, 102, '2025-08-15 12:00:00', '2025-08-15 13:00:00'),
(822, '2025-08-15', 1, 103, '2025-08-15 12:00:00', '2025-08-15 13:00:00'),
(823, '2025-08-15', 1, 104, '2025-08-15 12:00:00', '2025-08-15 13:00:00'),
(824, '2025-08-15', 1, 105, '2025-08-15 12:00:00', '2025-08-15 13:00:00'),
(825, '2025-08-15', 1, 106, '2025-08-15 12:00:00', '2025-08-15 13:00:00'),
(826, '2025-08-15', 1, 107, '2025-08-15 12:00:00', '2025-08-15 13:00:00'),
(827, '2025-08-15', 1, 108, '2025-08-15 12:00:00', '2025-08-15 13:00:00'),
(828, '2025-08-15', 1, 109, '2025-08-15 12:00:00', '2025-08-15 13:00:00'),
(829, '2025-08-15', 1, 110, '2025-08-15 12:00:00', '2025-08-15 13:00:00'),
(830, '2025-08-15', 1, 111, '2025-08-15 12:00:00', '2025-08-15 13:00:00'),
(831, '2025-08-15', 1, 112, '2025-08-15 12:00:00', '2025-08-15 13:00:00'),
(832, '2025-08-15', 1, 113, '2025-08-15 12:00:00', '2025-08-15 13:00:00'),
(833, '2025-08-15', 1, 114, '2025-08-15 12:00:00', '2025-08-15 13:00:00'),
(834, '2025-08-15', 1, 115, '2025-08-15 12:00:00', '2025-08-15 13:00:00'),
(835, '2025-08-15', 1, 116, '2025-08-15 12:00:00', '2025-08-15 13:00:00'),
(836, '2025-08-15', 1, 117, '2025-08-15 12:00:00', '2025-08-15 13:00:00'),
(837, '2025-08-15', 1, 118, '2025-08-15 12:00:00', '2025-08-15 13:00:00'),
(838, '2025-08-15', 1, 119, '2025-08-15 12:00:00', '2025-08-15 13:00:00'),
(839, '2025-08-15', 1, 120, '2025-08-15 12:00:00', '2025-08-15 13:00:00'),
(840, '2025-08-15', 1, 121, '2025-08-15 12:00:00', '2025-08-15 13:00:00'),
(841, '2025-08-15', 1, 122, '2025-08-15 12:00:00', '2025-08-15 13:00:00'),
(842, '2025-08-15', 1, 123, '2025-08-15 12:00:00', '2025-08-15 13:00:00'),
(843, '2025-08-15', 1, 124, '2025-08-15 12:00:00', '2025-08-15 13:00:00'),
(844, '2025-08-15', 1, 125, '2025-08-15 12:00:00', '2025-08-15 13:00:00'),
(845, '2025-08-15', 1, 126, '2025-08-15 12:00:00', '2025-08-15 13:00:00'),
(846, '2025-08-15', 1, 127, '2025-08-15 12:00:00', '2025-08-15 13:00:00'),
(847, '2025-08-15', 1, 128, '2025-08-15 12:00:00', '2025-08-15 13:00:00'),
(848, '2025-08-15', 1, 129, '2025-08-15 12:00:00', '2025-08-15 13:00:00'),
(849, '2025-08-15', 1, 130, '2025-08-15 12:00:00', '2025-08-15 13:00:00'),
(850, '2025-08-15', 1, 131, '2025-08-15 12:00:00', '2025-08-15 13:00:00'),
(851, '2025-08-15', 1, 132, '2025-08-15 12:00:00', '2025-08-15 13:00:00'),
(852, '2025-08-15', 1, 133, '2025-08-15 12:00:00', '2025-08-15 13:00:00'),
(853, '2025-08-15', 1, 134, '2025-08-15 12:00:00', '2025-08-15 13:00:00'),
(854, '2025-08-15', 1, 135, '2025-08-15 12:00:00', '2025-08-15 13:00:00'),
(855, '2025-08-15', 1, 136, '2025-08-15 12:00:00', '2025-08-15 13:00:00'),
(856, '2025-08-15', 1, 137, '2025-08-15 12:00:00', '2025-08-15 13:00:00'),
(857, '2025-08-15', 1, 138, '2025-08-15 12:00:00', '2025-08-15 13:00:00'),
(858, '2025-08-15', 1, 139, '2025-08-15 12:00:00', '2025-08-15 13:00:00'),
(859, '2025-08-15', 1, 140, '2025-08-15 12:00:00', '2025-08-15 13:00:00'),
(860, '2025-08-15', 1, 141, '2025-08-15 12:00:00', '2025-08-15 13:00:00'),
(861, '2025-08-15', 1, 142, '2025-08-15 12:00:00', '2025-08-15 13:00:00'),
(862, '2025-08-15', 1, 143, '2025-08-15 12:00:00', '2025-08-15 13:00:00'),
(863, '2025-08-15', 1, 144, '2025-08-15 12:00:00', '2025-08-15 13:00:00'),
(864, '2025-08-15', 1, 145, '2025-08-15 12:00:00', '2025-08-15 13:00:00'),
(865, '2025-08-15', 1, 146, '2025-08-15 12:00:00', '2025-08-15 13:00:00'),
(866, '2025-08-15', 1, 147, '2025-08-15 12:00:00', '2025-08-15 13:00:00'),
(867, '2025-08-15', 1, 148, '2025-08-15 12:00:00', '2025-08-15 13:00:00'),
(868, '2025-08-15', 1, 149, '2025-08-15 12:00:00', '2025-08-15 13:00:00'),
(869, '2025-08-15', 1, 150, '2025-08-15 12:00:00', '2025-08-15 13:00:00'),
(870, '2025-08-15', 1, 151, '2025-08-15 12:00:00', '2025-08-15 13:00:00'),
(871, '2025-08-15', 1, 152, '2025-08-15 12:00:00', '2025-08-15 13:00:00'),
(872, '2025-08-15', 1, 153, '2025-08-15 12:00:00', '2025-08-15 13:00:00'),
(873, '2025-08-15', 1, 154, '2025-08-15 12:00:00', '2025-08-15 13:00:00'),
(874, '2025-08-15', 1, 155, '2025-08-15 12:00:00', '2025-08-15 13:00:00'),
(875, '2025-08-15', 1, 156, '2025-08-15 12:00:00', '2025-08-15 13:00:00'),
(876, '2025-08-15', 1, 157, '2025-08-15 12:00:00', '2025-08-15 13:00:00'),
(877, '2025-08-15', 1, 158, '2025-08-15 12:00:00', '2025-08-15 13:00:00'),
(878, '2025-08-15', 1, 159, '2025-08-15 12:00:00', '2025-08-15 13:00:00'),
(879, '2025-08-15', 1, 160, '2025-08-15 12:00:00', '2025-08-15 13:00:00'),
(880, '2025-08-15', 1, 161, '2025-08-15 12:00:00', '2025-08-15 13:00:00'),
(881, '2025-08-15', 1, 162, '2025-08-15 12:00:00', '2025-08-15 13:00:00'),
(882, '2025-08-15', 1, 163, '2025-08-15 12:00:00', '2025-08-15 13:00:00'),
(883, '2025-08-15', 1, 164, '2025-08-15 12:00:00', '2025-08-15 13:00:00'),
(884, '2025-08-15', 1, 165, '2025-08-15 12:00:00', '2025-08-15 13:00:00'),
(885, '2025-08-15', 1, 166, '2025-08-15 12:00:00', '2025-08-15 13:00:00'),
(886, '2025-08-15', 1, 167, '2025-08-15 12:00:00', '2025-08-15 13:00:00'),
(887, '2025-08-15', 1, 168, '2025-08-15 12:00:00', '2025-08-15 13:00:00'),
(888, '2025-08-15', 1, 169, '2025-08-15 12:00:00', '2025-08-15 13:00:00'),
(889, '2025-08-15', 1, 170, '2025-08-15 12:00:00', '2025-08-15 13:00:00'),
(890, '2025-08-15', 1, 171, '2025-08-15 12:00:00', '2025-08-15 13:00:00'),
(891, '2025-08-15', 1, 172, '2025-08-15 12:00:00', '2025-08-15 13:00:00'),
(892, '2025-08-15', 1, 173, '2025-08-15 12:00:00', '2025-08-15 13:00:00'),
(893, '2025-08-15', 1, 174, '2025-08-15 12:00:00', '2025-08-15 13:00:00'),
(894, '2025-08-15', 1, 175, '2025-08-15 12:00:00', '2025-08-15 13:00:00'),
(895, '2025-08-15', 1, 176, '2025-08-15 12:00:00', '2025-08-15 13:00:00'),
(896, '2025-08-15', 1, 177, '2025-08-15 12:00:00', '2025-08-15 13:00:00'),
(897, '2025-08-15', 1, 178, '2025-08-15 12:00:00', '2025-08-15 13:00:00'),
(898, '2025-08-15', 1, 179, '2025-08-15 12:00:00', '2025-08-15 13:00:00'),
(899, '2025-08-15', 1, 180, '2025-08-15 12:00:00', '2025-08-15 13:00:00'),
(900, '2025-08-15', 1, 181, '2025-08-15 12:00:00', '2025-08-15 13:00:00'),
(901, '2025-08-22', 1, 82, '2025-08-22 12:00:00', '2025-08-22 13:00:00'),
(902, '2025-08-22', 1, 83, '2025-08-22 12:00:00', '2025-08-22 13:00:00'),
(903, '2025-08-22', 1, 84, '2025-08-22 12:00:00', '2025-08-22 13:00:00'),
(904, '2025-08-22', 1, 85, '2025-08-22 12:00:00', '2025-08-22 13:00:00'),
(905, '2025-08-22', 1, 86, '2025-08-22 12:00:00', '2025-08-22 13:00:00'),
(906, '2025-08-22', 1, 87, '2025-08-22 12:00:00', '2025-08-22 13:00:00'),
(907, '2025-08-22', 1, 88, '2025-08-22 12:00:00', '2025-08-22 13:00:00'),
(908, '2025-08-22', 1, 89, '2025-08-22 12:00:00', '2025-08-22 13:00:00'),
(909, '2025-08-22', 1, 90, '2025-08-22 12:00:00', '2025-08-22 13:00:00'),
(910, '2025-08-22', 1, 91, '2025-08-22 12:00:00', '2025-08-22 13:00:00'),
(911, '2025-08-22', 1, 92, '2025-08-22 12:00:00', '2025-08-22 13:00:00'),
(912, '2025-08-22', 1, 93, '2025-08-22 12:00:00', '2025-08-22 13:00:00'),
(913, '2025-08-22', 1, 94, '2025-08-22 12:00:00', '2025-08-22 13:00:00'),
(914, '2025-08-22', 1, 95, '2025-08-22 12:00:00', '2025-08-22 13:00:00'),
(915, '2025-08-22', 1, 96, '2025-08-22 12:00:00', '2025-08-22 13:00:00'),
(916, '2025-08-22', 1, 97, '2025-08-22 12:00:00', '2025-08-22 13:00:00'),
(917, '2025-08-22', 1, 98, '2025-08-22 12:00:00', '2025-08-22 13:00:00'),
(918, '2025-08-22', 1, 99, '2025-08-22 12:00:00', '2025-08-22 13:00:00'),
(919, '2025-08-22', 1, 100, '2025-08-22 12:00:00', '2025-08-22 13:00:00'),
(920, '2025-08-22', 1, 101, '2025-08-22 12:00:00', '2025-08-22 13:00:00'),
(921, '2025-08-22', 1, 102, '2025-08-22 12:00:00', '2025-08-22 13:00:00'),
(922, '2025-08-22', 1, 103, '2025-08-22 12:00:00', '2025-08-22 13:00:00'),
(923, '2025-08-22', 1, 104, '2025-08-22 12:00:00', '2025-08-22 13:00:00'),
(924, '2025-08-22', 1, 105, '2025-08-22 12:00:00', '2025-08-22 13:00:00'),
(925, '2025-08-22', 1, 106, '2025-08-22 12:00:00', '2025-08-22 13:00:00'),
(926, '2025-08-22', 1, 107, '2025-08-22 12:00:00', '2025-08-22 13:00:00'),
(927, '2025-08-22', 1, 108, '2025-08-22 12:00:00', '2025-08-22 13:00:00'),
(928, '2025-08-22', 1, 109, '2025-08-22 12:00:00', '2025-08-22 13:00:00'),
(929, '2025-08-22', 1, 110, '2025-08-22 12:00:00', '2025-08-22 13:00:00'),
(930, '2025-08-22', 1, 111, '2025-08-22 12:00:00', '2025-08-22 13:00:00'),
(931, '2025-08-22', 1, 112, '2025-08-22 12:00:00', '2025-08-22 13:00:00'),
(932, '2025-08-22', 1, 113, '2025-08-22 12:00:00', '2025-08-22 13:00:00'),
(933, '2025-08-22', 1, 114, '2025-08-22 12:00:00', '2025-08-22 13:00:00'),
(934, '2025-08-22', 1, 115, '2025-08-22 12:00:00', '2025-08-22 13:00:00'),
(935, '2025-08-22', 1, 116, '2025-08-22 12:00:00', '2025-08-22 13:00:00'),
(936, '2025-08-22', 1, 117, '2025-08-22 12:00:00', '2025-08-22 13:00:00'),
(937, '2025-08-22', 1, 118, '2025-08-22 12:00:00', '2025-08-22 13:00:00'),
(938, '2025-08-22', 1, 119, '2025-08-22 12:00:00', '2025-08-22 13:00:00'),
(939, '2025-08-22', 1, 120, '2025-08-22 12:00:00', '2025-08-22 13:00:00'),
(940, '2025-08-22', 1, 121, '2025-08-22 12:00:00', '2025-08-22 13:00:00'),
(941, '2025-08-22', 1, 122, '2025-08-22 12:00:00', '2025-08-22 13:00:00'),
(942, '2025-08-22', 1, 123, '2025-08-22 12:00:00', '2025-08-22 13:00:00'),
(943, '2025-08-22', 1, 124, '2025-08-22 12:00:00', '2025-08-22 13:00:00'),
(944, '2025-08-22', 1, 125, '2025-08-22 12:00:00', '2025-08-22 13:00:00'),
(945, '2025-08-22', 1, 126, '2025-08-22 12:00:00', '2025-08-22 13:00:00'),
(946, '2025-08-22', 1, 127, '2025-08-22 12:00:00', '2025-08-22 13:00:00'),
(947, '2025-08-22', 1, 128, '2025-08-22 12:00:00', '2025-08-22 13:00:00'),
(948, '2025-08-22', 1, 129, '2025-08-22 12:00:00', '2025-08-22 13:00:00'),
(949, '2025-08-22', 1, 130, '2025-08-22 12:00:00', '2025-08-22 13:00:00'),
(950, '2025-08-22', 1, 131, '2025-08-22 12:00:00', '2025-08-22 13:00:00'),
(951, '2025-08-22', 1, 132, '2025-08-22 12:00:00', '2025-08-22 13:00:00'),
(952, '2025-08-22', 1, 133, '2025-08-22 12:00:00', '2025-08-22 13:00:00'),
(953, '2025-08-22', 1, 134, '2025-08-22 12:00:00', '2025-08-22 13:00:00'),
(954, '2025-08-22', 1, 135, '2025-08-22 12:00:00', '2025-08-22 13:00:00'),
(955, '2025-08-22', 1, 136, '2025-08-22 12:00:00', '2025-08-22 13:00:00'),
(956, '2025-08-22', 1, 137, '2025-08-22 12:00:00', '2025-08-22 13:00:00'),
(957, '2025-08-22', 1, 138, '2025-08-22 12:00:00', '2025-08-22 13:00:00'),
(958, '2025-08-22', 1, 139, '2025-08-22 12:00:00', '2025-08-22 13:00:00'),
(959, '2025-08-22', 1, 140, '2025-08-22 12:00:00', '2025-08-22 13:00:00'),
(960, '2025-08-22', 1, 141, '2025-08-22 12:00:00', '2025-08-22 13:00:00'),
(961, '2025-08-22', 1, 142, '2025-08-22 12:00:00', '2025-08-22 13:00:00'),
(962, '2025-08-22', 1, 143, '2025-08-22 12:00:00', '2025-08-22 13:00:00'),
(963, '2025-08-22', 1, 144, '2025-08-22 12:00:00', '2025-08-22 13:00:00'),
(964, '2025-08-22', 1, 145, '2025-08-22 12:00:00', '2025-08-22 13:00:00'),
(965, '2025-08-22', 1, 146, '2025-08-22 12:00:00', '2025-08-22 13:00:00'),
(966, '2025-08-22', 1, 147, '2025-08-22 12:00:00', '2025-08-22 13:00:00'),
(967, '2025-08-22', 1, 148, '2025-08-22 12:00:00', '2025-08-22 13:00:00'),
(968, '2025-08-22', 1, 149, '2025-08-22 12:00:00', '2025-08-22 13:00:00'),
(969, '2025-08-22', 1, 150, '2025-08-22 12:00:00', '2025-08-22 13:00:00'),
(970, '2025-08-22', 1, 151, '2025-08-22 12:00:00', '2025-08-22 13:00:00'),
(971, '2025-08-22', 1, 152, '2025-08-22 12:00:00', '2025-08-22 13:00:00'),
(972, '2025-08-22', 1, 153, '2025-08-22 12:00:00', '2025-08-22 13:00:00'),
(973, '2025-08-22', 1, 154, '2025-08-22 12:00:00', '2025-08-22 13:00:00'),
(974, '2025-08-22', 1, 155, '2025-08-22 12:00:00', '2025-08-22 13:00:00'),
(975, '2025-08-22', 1, 156, '2025-08-22 12:00:00', '2025-08-22 13:00:00'),
(976, '2025-08-22', 1, 157, '2025-08-22 12:00:00', '2025-08-22 13:00:00'),
(977, '2025-08-22', 1, 158, '2025-08-22 12:00:00', '2025-08-22 13:00:00'),
(978, '2025-08-22', 1, 159, '2025-08-22 12:00:00', '2025-08-22 13:00:00'),
(979, '2025-08-22', 1, 160, '2025-08-22 12:00:00', '2025-08-22 13:00:00'),
(980, '2025-08-22', 1, 161, '2025-08-22 12:00:00', '2025-08-22 13:00:00'),
(981, '2025-08-22', 1, 162, '2025-08-22 12:00:00', '2025-08-22 13:00:00'),
(982, '2025-08-22', 1, 163, '2025-08-22 12:00:00', '2025-08-22 13:00:00'),
(983, '2025-08-22', 1, 164, '2025-08-22 12:00:00', '2025-08-22 13:00:00'),
(984, '2025-08-22', 1, 165, '2025-08-22 12:00:00', '2025-08-22 13:00:00'),
(985, '2025-08-22', 1, 166, '2025-08-22 12:00:00', '2025-08-22 13:00:00'),
(986, '2025-08-22', 1, 167, '2025-08-22 12:00:00', '2025-08-22 13:00:00'),
(987, '2025-08-22', 1, 168, '2025-08-22 12:00:00', '2025-08-22 13:00:00'),
(988, '2025-08-22', 1, 169, '2025-08-22 12:00:00', '2025-08-22 13:00:00'),
(989, '2025-08-22', 1, 170, '2025-08-22 12:00:00', '2025-08-22 13:00:00'),
(990, '2025-08-22', 1, 171, '2025-08-22 12:00:00', '2025-08-22 13:00:00'),
(991, '2025-08-22', 1, 172, '2025-08-22 12:00:00', '2025-08-22 13:00:00'),
(992, '2025-08-22', 1, 173, '2025-08-22 12:00:00', '2025-08-22 13:00:00'),
(993, '2025-08-22', 1, 174, '2025-08-22 12:00:00', '2025-08-22 13:00:00'),
(994, '2025-08-22', 1, 175, '2025-08-22 12:00:00', '2025-08-22 13:00:00'),
(995, '2025-08-22', 1, 176, '2025-08-22 12:00:00', '2025-08-22 13:00:00'),
(996, '2025-08-22', 1, 177, '2025-08-22 12:00:00', '2025-08-22 13:00:00'),
(997, '2025-08-22', 1, 178, '2025-08-22 12:00:00', '2025-08-22 13:00:00'),
(998, '2025-08-22', 1, 179, '2025-08-22 12:00:00', '2025-08-22 13:00:00'),
(999, '2025-08-22', 1, 180, '2025-08-22 12:00:00', '2025-08-22 13:00:00'),
(1000, '2025-08-22', 1, 181, '2025-08-22 12:00:00', '2025-08-22 13:00:00'),
(1001, '2025-08-22', 0, 82, '2025-08-22 00:00:00', '2025-08-22 01:00:00'),
(1002, '2025-08-22', 0, 83, '2025-08-22 00:00:00', '2025-08-22 01:00:00'),
(1003, '2025-08-22', 0, 84, '2025-08-22 00:00:00', '2025-08-22 01:00:00'),
(1004, '2025-08-22', 0, 85, '2025-08-22 00:00:00', '2025-08-22 01:00:00'),
(1005, '2025-08-22', 0, 86, '2025-08-22 00:00:00', '2025-08-22 01:00:00'),
(1006, '2025-08-22', 0, 87, '2025-08-22 00:00:00', '2025-08-22 01:00:00'),
(1007, '2025-08-22', 0, 88, '2025-08-22 00:00:00', '2025-08-22 01:00:00'),
(1008, '2025-08-22', 0, 89, '2025-08-22 00:00:00', '2025-08-22 01:00:00'),
(1009, '2025-08-22', 0, 90, '2025-08-22 00:00:00', '2025-08-22 01:00:00'),
(1010, '2025-08-22', 0, 91, '2025-08-22 00:00:00', '2025-08-22 01:00:00'),
(1011, '2025-08-22', 0, 92, '2025-08-22 00:00:00', '2025-08-22 01:00:00'),
(1012, '2025-08-22', 0, 93, '2025-08-22 00:00:00', '2025-08-22 01:00:00'),
(1013, '2025-08-22', 0, 94, '2025-08-22 00:00:00', '2025-08-22 01:00:00'),
(1014, '2025-08-22', 0, 95, '2025-08-22 00:00:00', '2025-08-22 01:00:00'),
(1015, '2025-08-22', 0, 96, '2025-08-22 00:00:00', '2025-08-22 01:00:00'),
(1016, '2025-08-22', 0, 97, '2025-08-22 00:00:00', '2025-08-22 01:00:00'),
(1017, '2025-08-22', 0, 98, '2025-08-22 00:00:00', '2025-08-22 01:00:00'),
(1018, '2025-08-22', 0, 99, '2025-08-22 00:00:00', '2025-08-22 01:00:00'),
(1019, '2025-08-22', 0, 100, '2025-08-22 00:00:00', '2025-08-22 01:00:00'),
(1020, '2025-08-22', 0, 101, '2025-08-22 00:00:00', '2025-08-22 01:00:00'),
(1021, '2025-08-22', 0, 102, '2025-08-22 00:00:00', '2025-08-22 01:00:00'),
(1022, '2025-08-22', 0, 103, '2025-08-22 00:00:00', '2025-08-22 01:00:00'),
(1023, '2025-08-22', 0, 104, '2025-08-22 00:00:00', '2025-08-22 01:00:00'),
(1024, '2025-08-22', 0, 105, '2025-08-22 00:00:00', '2025-08-22 01:00:00'),
(1025, '2025-08-22', 0, 106, '2025-08-22 00:00:00', '2025-08-22 01:00:00'),
(1026, '2025-08-22', 0, 107, '2025-08-22 00:00:00', '2025-08-22 01:00:00'),
(1027, '2025-08-22', 0, 108, '2025-08-22 00:00:00', '2025-08-22 01:00:00'),
(1028, '2025-08-22', 0, 109, '2025-08-22 00:00:00', '2025-08-22 01:00:00'),
(1029, '2025-08-22', 0, 110, '2025-08-22 00:00:00', '2025-08-22 01:00:00'),
(1030, '2025-08-22', 0, 111, '2025-08-22 00:00:00', '2025-08-22 01:00:00'),
(1031, '2025-08-22', 0, 112, '2025-08-22 00:00:00', '2025-08-22 01:00:00'),
(1032, '2025-08-22', 0, 113, '2025-08-22 00:00:00', '2025-08-22 01:00:00'),
(1033, '2025-08-22', 0, 114, '2025-08-22 00:00:00', '2025-08-22 01:00:00'),
(1034, '2025-08-22', 0, 115, '2025-08-22 00:00:00', '2025-08-22 01:00:00'),
(1035, '2025-08-22', 0, 116, '2025-08-22 00:00:00', '2025-08-22 01:00:00'),
(1036, '2025-08-22', 0, 117, '2025-08-22 00:00:00', '2025-08-22 01:00:00'),
(1037, '2025-08-22', 0, 118, '2025-08-22 00:00:00', '2025-08-22 01:00:00'),
(1038, '2025-08-22', 0, 119, '2025-08-22 00:00:00', '2025-08-22 01:00:00'),
(1039, '2025-08-22', 0, 120, '2025-08-22 00:00:00', '2025-08-22 01:00:00'),
(1040, '2025-08-22', 0, 121, '2025-08-22 00:00:00', '2025-08-22 01:00:00'),
(1041, '2025-08-22', 0, 122, '2025-08-22 00:00:00', '2025-08-22 01:00:00'),
(1042, '2025-08-22', 0, 123, '2025-08-22 00:00:00', '2025-08-22 01:00:00'),
(1043, '2025-08-22', 0, 124, '2025-08-22 00:00:00', '2025-08-22 01:00:00'),
(1044, '2025-08-22', 0, 125, '2025-08-22 00:00:00', '2025-08-22 01:00:00'),
(1045, '2025-08-22', 0, 126, '2025-08-22 00:00:00', '2025-08-22 01:00:00'),
(1046, '2025-08-22', 0, 127, '2025-08-22 00:00:00', '2025-08-22 01:00:00'),
(1047, '2025-08-22', 0, 128, '2025-08-22 00:00:00', '2025-08-22 01:00:00'),
(1048, '2025-08-22', 0, 129, '2025-08-22 00:00:00', '2025-08-22 01:00:00'),
(1049, '2025-08-22', 0, 130, '2025-08-22 00:00:00', '2025-08-22 01:00:00'),
(1050, '2025-08-22', 0, 131, '2025-08-22 00:00:00', '2025-08-22 01:00:00'),
(1051, '2025-08-22', 0, 132, '2025-08-22 00:00:00', '2025-08-22 01:00:00'),
(1052, '2025-08-22', 0, 133, '2025-08-22 00:00:00', '2025-08-22 01:00:00'),
(1053, '2025-08-22', 0, 134, '2025-08-22 00:00:00', '2025-08-22 01:00:00'),
(1054, '2025-08-22', 0, 135, '2025-08-22 00:00:00', '2025-08-22 01:00:00'),
(1055, '2025-08-22', 0, 136, '2025-08-22 00:00:00', '2025-08-22 01:00:00'),
(1056, '2025-08-22', 0, 137, '2025-08-22 00:00:00', '2025-08-22 01:00:00'),
(1057, '2025-08-22', 0, 138, '2025-08-22 00:00:00', '2025-08-22 01:00:00'),
(1058, '2025-08-22', 0, 139, '2025-08-22 00:00:00', '2025-08-22 01:00:00'),
(1059, '2025-08-22', 0, 140, '2025-08-22 00:00:00', '2025-08-22 01:00:00'),
(1060, '2025-08-22', 0, 141, '2025-08-22 00:00:00', '2025-08-22 01:00:00'),
(1061, '2025-08-22', 0, 142, '2025-08-22 00:00:00', '2025-08-22 01:00:00'),
(1062, '2025-08-22', 0, 143, '2025-08-22 00:00:00', '2025-08-22 01:00:00'),
(1063, '2025-08-22', 0, 144, '2025-08-22 00:00:00', '2025-08-22 01:00:00'),
(1064, '2025-08-22', 0, 145, '2025-08-22 00:00:00', '2025-08-22 01:00:00'),
(1065, '2025-08-22', 0, 146, '2025-08-22 00:00:00', '2025-08-22 01:00:00'),
(1066, '2025-08-22', 0, 147, '2025-08-22 00:00:00', '2025-08-22 01:00:00'),
(1067, '2025-08-22', 0, 148, '2025-08-22 00:00:00', '2025-08-22 01:00:00'),
(1068, '2025-08-22', 0, 149, '2025-08-22 00:00:00', '2025-08-22 01:00:00'),
(1069, '2025-08-22', 0, 150, '2025-08-22 00:00:00', '2025-08-22 01:00:00'),
(1070, '2025-08-22', 0, 151, '2025-08-22 00:00:00', '2025-08-22 01:00:00'),
(1071, '2025-08-22', 0, 152, '2025-08-22 00:00:00', '2025-08-22 01:00:00'),
(1072, '2025-08-22', 0, 153, '2025-08-22 00:00:00', '2025-08-22 01:00:00'),
(1073, '2025-08-22', 0, 154, '2025-08-22 00:00:00', '2025-08-22 01:00:00'),
(1074, '2025-08-22', 0, 155, '2025-08-22 00:00:00', '2025-08-22 01:00:00'),
(1075, '2025-08-22', 0, 156, '2025-08-22 00:00:00', '2025-08-22 01:00:00'),
(1076, '2025-08-22', 0, 157, '2025-08-22 00:00:00', '2025-08-22 01:00:00'),
(1077, '2025-08-22', 0, 158, '2025-08-22 00:00:00', '2025-08-22 01:00:00'),
(1078, '2025-08-22', 0, 159, '2025-08-22 00:00:00', '2025-08-22 01:00:00'),
(1079, '2025-08-22', 0, 160, '2025-08-22 00:00:00', '2025-08-22 01:00:00'),
(1080, '2025-08-22', 0, 161, '2025-08-22 00:00:00', '2025-08-22 01:00:00'),
(1081, '2025-08-22', 0, 162, '2025-08-22 00:00:00', '2025-08-22 01:00:00'),
(1082, '2025-08-22', 0, 163, '2025-08-22 00:00:00', '2025-08-22 01:00:00'),
(1083, '2025-08-22', 0, 164, '2025-08-22 00:00:00', '2025-08-22 01:00:00'),
(1084, '2025-08-22', 0, 165, '2025-08-22 00:00:00', '2025-08-22 01:00:00'),
(1085, '2025-08-22', 0, 166, '2025-08-22 00:00:00', '2025-08-22 01:00:00'),
(1086, '2025-08-22', 0, 167, '2025-08-22 00:00:00', '2025-08-22 01:00:00'),
(1087, '2025-08-22', 0, 168, '2025-08-22 00:00:00', '2025-08-22 01:00:00'),
(1088, '2025-08-22', 0, 169, '2025-08-22 00:00:00', '2025-08-22 01:00:00'),
(1089, '2025-08-22', 0, 170, '2025-08-22 00:00:00', '2025-08-22 01:00:00'),
(1090, '2025-08-22', 0, 171, '2025-08-22 00:00:00', '2025-08-22 01:00:00'),
(1091, '2025-08-22', 0, 172, '2025-08-22 00:00:00', '2025-08-22 01:00:00'),
(1092, '2025-08-22', 0, 173, '2025-08-22 00:00:00', '2025-08-22 01:00:00'),
(1093, '2025-08-22', 0, 174, '2025-08-22 00:00:00', '2025-08-22 01:00:00'),
(1094, '2025-08-22', 0, 175, '2025-08-22 00:00:00', '2025-08-22 01:00:00'),
(1095, '2025-08-22', 0, 176, '2025-08-22 00:00:00', '2025-08-22 01:00:00'),
(1096, '2025-08-22', 0, 177, '2025-08-22 00:00:00', '2025-08-22 01:00:00'),
(1097, '2025-08-22', 0, 178, '2025-08-22 00:00:00', '2025-08-22 01:00:00'),
(1098, '2025-08-22', 0, 179, '2025-08-22 00:00:00', '2025-08-22 01:00:00'),
(1099, '2025-08-22', 0, 180, '2025-08-22 00:00:00', '2025-08-22 01:00:00'),
(1100, '2025-08-22', 0, 181, '2025-08-22 00:00:00', '2025-08-22 01:00:00'),
(1101, '2025-09-17', 1, 82, '2025-09-17 12:00:00', '2025-09-17 13:00:00'),
(1102, '2025-09-17', 1, 83, '2025-09-17 12:00:00', '2025-09-17 13:00:00'),
(1103, '2025-09-17', 1, 84, '2025-09-17 12:00:00', '2025-09-17 13:00:00'),
(1104, '2025-09-17', 1, 85, '2025-09-17 12:00:00', '2025-09-17 13:00:00'),
(1105, '2025-09-17', 1, 86, '2025-09-17 12:00:00', '2025-09-17 13:00:00'),
(1106, '2025-09-17', 1, 87, '2025-09-17 12:00:00', '2025-09-17 13:00:00'),
(1107, '2025-09-17', 1, 88, '2025-09-17 12:00:00', '2025-09-17 13:00:00'),
(1108, '2025-09-17', 1, 89, '2025-09-17 12:00:00', '2025-09-17 13:00:00'),
(1109, '2025-09-17', 1, 90, '2025-09-17 12:00:00', '2025-09-17 13:00:00'),
(1110, '2025-09-17', 1, 91, '2025-09-17 12:00:00', '2025-09-17 13:00:00'),
(1111, '2025-09-17', 1, 92, '2025-09-17 12:00:00', '2025-09-17 13:00:00'),
(1112, '2025-09-17', 1, 93, '2025-09-17 12:00:00', '2025-09-17 13:00:00'),
(1113, '2025-09-17', 1, 94, '2025-09-17 12:00:00', '2025-09-17 13:00:00'),
(1114, '2025-09-17', 1, 95, '2025-09-17 12:00:00', '2025-09-17 13:00:00'),
(1115, '2025-09-17', 1, 96, '2025-09-17 12:00:00', '2025-09-17 13:00:00'),
(1116, '2025-09-17', 1, 97, '2025-09-17 12:00:00', '2025-09-17 13:00:00'),
(1117, '2025-09-17', 1, 98, '2025-09-17 12:00:00', '2025-09-17 13:00:00'),
(1118, '2025-09-17', 1, 99, '2025-09-17 12:00:00', '2025-09-17 13:00:00'),
(1119, '2025-09-17', 1, 100, '2025-09-17 12:00:00', '2025-09-17 13:00:00'),
(1120, '2025-09-17', 1, 101, '2025-09-17 12:00:00', '2025-09-17 13:00:00'),
(1121, '2025-09-17', 1, 102, '2025-09-17 12:00:00', '2025-09-17 13:00:00'),
(1122, '2025-09-17', 1, 103, '2025-09-17 12:00:00', '2025-09-17 13:00:00'),
(1123, '2025-09-17', 1, 104, '2025-09-17 12:00:00', '2025-09-17 13:00:00'),
(1124, '2025-09-17', 1, 105, '2025-09-17 12:00:00', '2025-09-17 13:00:00'),
(1125, '2025-09-17', 1, 106, '2025-09-17 12:00:00', '2025-09-17 13:00:00'),
(1126, '2025-09-17', 1, 107, '2025-09-17 12:00:00', '2025-09-17 13:00:00'),
(1127, '2025-09-17', 1, 108, '2025-09-17 12:00:00', '2025-09-17 13:00:00'),
(1128, '2025-09-17', 1, 109, '2025-09-17 12:00:00', '2025-09-17 13:00:00'),
(1129, '2025-09-17', 1, 110, '2025-09-17 12:00:00', '2025-09-17 13:00:00'),
(1130, '2025-09-17', 1, 111, '2025-09-17 12:00:00', '2025-09-17 13:00:00'),
(1131, '2025-09-17', 1, 112, '2025-09-17 12:00:00', '2025-09-17 13:00:00'),
(1132, '2025-09-17', 1, 113, '2025-09-17 12:00:00', '2025-09-17 13:00:00'),
(1133, '2025-09-17', 1, 114, '2025-09-17 12:00:00', '2025-09-17 13:00:00'),
(1134, '2025-09-17', 1, 115, '2025-09-17 12:00:00', '2025-09-17 13:00:00'),
(1135, '2025-09-17', 1, 116, '2025-09-17 12:00:00', '2025-09-17 13:00:00'),
(1136, '2025-09-17', 1, 117, '2025-09-17 12:00:00', '2025-09-17 13:00:00'),
(1137, '2025-09-17', 1, 118, '2025-09-17 12:00:00', '2025-09-17 13:00:00'),
(1138, '2025-09-17', 1, 119, '2025-09-17 12:00:00', '2025-09-17 13:00:00'),
(1139, '2025-09-17', 1, 120, '2025-09-17 12:00:00', '2025-09-17 13:00:00'),
(1140, '2025-09-17', 1, 121, '2025-09-17 12:00:00', '2025-09-17 13:00:00'),
(1141, '2025-09-17', 1, 122, '2025-09-17 12:00:00', '2025-09-17 13:00:00'),
(1142, '2025-09-17', 1, 123, '2025-09-17 12:00:00', '2025-09-17 13:00:00'),
(1143, '2025-09-17', 1, 124, '2025-09-17 12:00:00', '2025-09-17 13:00:00'),
(1144, '2025-09-17', 1, 125, '2025-09-17 12:00:00', '2025-09-17 13:00:00'),
(1145, '2025-09-17', 1, 126, '2025-09-17 12:00:00', '2025-09-17 13:00:00'),
(1146, '2025-09-17', 1, 127, '2025-09-17 12:00:00', '2025-09-17 13:00:00'),
(1147, '2025-09-17', 1, 128, '2025-09-17 12:00:00', '2025-09-17 13:00:00'),
(1148, '2025-09-17', 1, 129, '2025-09-17 12:00:00', '2025-09-17 13:00:00'),
(1149, '2025-09-17', 1, 130, '2025-09-17 12:00:00', '2025-09-17 13:00:00'),
(1150, '2025-09-17', 1, 131, '2025-09-17 12:00:00', '2025-09-17 13:00:00'),
(1151, '2025-09-17', 1, 132, '2025-09-17 12:00:00', '2025-09-17 13:00:00'),
(1152, '2025-09-17', 1, 133, '2025-09-17 12:00:00', '2025-09-17 13:00:00'),
(1153, '2025-09-17', 1, 134, '2025-09-17 12:00:00', '2025-09-17 13:00:00'),
(1154, '2025-09-17', 1, 135, '2025-09-17 12:00:00', '2025-09-17 13:00:00'),
(1155, '2025-09-17', 1, 136, '2025-09-17 12:00:00', '2025-09-17 13:00:00'),
(1156, '2025-09-17', 1, 137, '2025-09-17 12:00:00', '2025-09-17 13:00:00'),
(1157, '2025-09-17', 1, 138, '2025-09-17 12:00:00', '2025-09-17 13:00:00'),
(1158, '2025-09-17', 1, 139, '2025-09-17 12:00:00', '2025-09-17 13:00:00'),
(1159, '2025-09-17', 1, 140, '2025-09-17 12:00:00', '2025-09-17 13:00:00'),
(1160, '2025-09-17', 1, 141, '2025-09-17 12:00:00', '2025-09-17 13:00:00'),
(1161, '2025-09-17', 1, 142, '2025-09-17 12:00:00', '2025-09-17 13:00:00'),
(1162, '2025-09-17', 1, 143, '2025-09-17 12:00:00', '2025-09-17 13:00:00'),
(1163, '2025-09-17', 1, 144, '2025-09-17 12:00:00', '2025-09-17 13:00:00'),
(1164, '2025-09-17', 1, 145, '2025-09-17 12:00:00', '2025-09-17 13:00:00'),
(1165, '2025-09-17', 1, 146, '2025-09-17 12:00:00', '2025-09-17 13:00:00'),
(1166, '2025-09-17', 1, 147, '2025-09-17 12:00:00', '2025-09-17 13:00:00'),
(1167, '2025-09-17', 1, 148, '2025-09-17 12:00:00', '2025-09-17 13:00:00'),
(1168, '2025-09-17', 1, 149, '2025-09-17 12:00:00', '2025-09-17 13:00:00'),
(1169, '2025-09-17', 1, 150, '2025-09-17 12:00:00', '2025-09-17 13:00:00'),
(1170, '2025-09-17', 1, 151, '2025-09-17 12:00:00', '2025-09-17 13:00:00'),
(1171, '2025-09-17', 1, 152, '2025-09-17 12:00:00', '2025-09-17 13:00:00'),
(1172, '2025-09-17', 1, 153, '2025-09-17 12:00:00', '2025-09-17 13:00:00'),
(1173, '2025-09-17', 1, 154, '2025-09-17 12:00:00', '2025-09-17 13:00:00'),
(1174, '2025-09-17', 1, 155, '2025-09-17 12:00:00', '2025-09-17 13:00:00'),
(1175, '2025-09-17', 1, 156, '2025-09-17 12:00:00', '2025-09-17 13:00:00'),
(1176, '2025-09-17', 1, 157, '2025-09-17 12:00:00', '2025-09-17 13:00:00'),
(1177, '2025-09-17', 1, 158, '2025-09-17 12:00:00', '2025-09-17 13:00:00'),
(1178, '2025-09-17', 1, 159, '2025-09-17 12:00:00', '2025-09-17 13:00:00'),
(1179, '2025-09-17', 1, 160, '2025-09-17 12:00:00', '2025-09-17 13:00:00'),
(1180, '2025-09-17', 1, 161, '2025-09-17 12:00:00', '2025-09-17 13:00:00'),
(1181, '2025-09-17', 1, 162, '2025-09-17 12:00:00', '2025-09-17 13:00:00'),
(1182, '2025-09-17', 1, 163, '2025-09-17 12:00:00', '2025-09-17 13:00:00'),
(1183, '2025-09-17', 1, 164, '2025-09-17 12:00:00', '2025-09-17 13:00:00'),
(1184, '2025-09-17', 1, 165, '2025-09-17 12:00:00', '2025-09-17 13:00:00'),
(1185, '2025-09-17', 1, 166, '2025-09-17 12:00:00', '2025-09-17 13:00:00'),
(1186, '2025-09-17', 1, 167, '2025-09-17 12:00:00', '2025-09-17 13:00:00'),
(1187, '2025-09-17', 1, 168, '2025-09-17 12:00:00', '2025-09-17 13:00:00'),
(1188, '2025-09-17', 1, 169, '2025-09-17 12:00:00', '2025-09-17 13:00:00'),
(1189, '2025-09-17', 1, 170, '2025-09-17 12:00:00', '2025-09-17 13:00:00'),
(1190, '2025-09-17', 1, 171, '2025-09-17 12:00:00', '2025-09-17 13:00:00'),
(1191, '2025-09-17', 1, 172, '2025-09-17 12:00:00', '2025-09-17 13:00:00'),
(1192, '2025-09-17', 1, 173, '2025-09-17 12:00:00', '2025-09-17 13:00:00'),
(1193, '2025-09-17', 1, 174, '2025-09-17 12:00:00', '2025-09-17 13:00:00'),
(1194, '2025-09-17', 1, 175, '2025-09-17 12:00:00', '2025-09-17 13:00:00'),
(1195, '2025-09-17', 1, 176, '2025-09-17 12:00:00', '2025-09-17 13:00:00'),
(1196, '2025-09-17', 1, 177, '2025-09-17 12:00:00', '2025-09-17 13:00:00'),
(1197, '2025-09-17', 1, 178, '2025-09-17 12:00:00', '2025-09-17 13:00:00'),
(1198, '2025-09-17', 1, 179, '2025-09-17 12:00:00', '2025-09-17 13:00:00'),
(1199, '2025-09-17', 1, 180, '2025-09-17 12:00:00', '2025-09-17 13:00:00'),
(1200, '2025-09-17', 1, 181, '2025-09-17 12:00:00', '2025-09-17 13:00:00'),
(1201, '2025-09-18', 1, 82, '2025-09-18 12:00:00', '2025-09-18 13:00:00'),
(1202, '2025-09-18', 1, 83, '2025-09-18 12:00:00', '2025-09-18 13:00:00'),
(1203, '2025-09-18', 1, 84, '2025-09-18 12:00:00', '2025-09-18 13:00:00'),
(1204, '2025-09-18', 1, 85, '2025-09-18 12:00:00', '2025-09-18 13:00:00'),
(1205, '2025-09-18', 1, 86, '2025-09-18 12:00:00', '2025-09-18 13:00:00'),
(1206, '2025-09-18', 1, 87, '2025-09-18 12:00:00', '2025-09-18 13:00:00'),
(1207, '2025-09-18', 1, 88, '2025-09-18 12:00:00', '2025-09-18 13:00:00'),
(1208, '2025-09-18', 1, 89, '2025-09-18 12:00:00', '2025-09-18 13:00:00'),
(1209, '2025-09-18', 1, 90, '2025-09-18 12:00:00', '2025-09-18 13:00:00'),
(1210, '2025-09-18', 1, 91, '2025-09-18 12:00:00', '2025-09-18 13:00:00'),
(1211, '2025-09-18', 1, 92, '2025-09-18 12:00:00', '2025-09-18 13:00:00'),
(1212, '2025-09-18', 1, 93, '2025-09-18 12:00:00', '2025-09-18 13:00:00'),
(1213, '2025-09-18', 1, 94, '2025-09-18 12:00:00', '2025-09-18 13:00:00'),
(1214, '2025-09-18', 1, 95, '2025-09-18 12:00:00', '2025-09-18 13:00:00'),
(1215, '2025-09-18', 1, 96, '2025-09-18 12:00:00', '2025-09-18 13:00:00'),
(1216, '2025-09-18', 1, 97, '2025-09-18 12:00:00', '2025-09-18 13:00:00'),
(1217, '2025-09-18', 1, 98, '2025-09-18 12:00:00', '2025-09-18 13:00:00'),
(1218, '2025-09-18', 1, 99, '2025-09-18 12:00:00', '2025-09-18 13:00:00'),
(1219, '2025-09-18', 1, 100, '2025-09-18 12:00:00', '2025-09-18 13:00:00'),
(1220, '2025-09-18', 1, 101, '2025-09-18 12:00:00', '2025-09-18 13:00:00'),
(1221, '2025-09-18', 1, 102, '2025-09-18 12:00:00', '2025-09-18 13:00:00'),
(1222, '2025-09-18', 1, 103, '2025-09-18 12:00:00', '2025-09-18 13:00:00'),
(1223, '2025-09-18', 1, 104, '2025-09-18 12:00:00', '2025-09-18 13:00:00'),
(1224, '2025-09-18', 1, 105, '2025-09-18 12:00:00', '2025-09-18 13:00:00'),
(1225, '2025-09-18', 1, 106, '2025-09-18 12:00:00', '2025-09-18 13:00:00'),
(1226, '2025-09-18', 1, 107, '2025-09-18 12:00:00', '2025-09-18 13:00:00'),
(1227, '2025-09-18', 1, 108, '2025-09-18 12:00:00', '2025-09-18 13:00:00'),
(1228, '2025-09-18', 1, 109, '2025-09-18 12:00:00', '2025-09-18 13:00:00'),
(1229, '2025-09-18', 1, 110, '2025-09-18 12:00:00', '2025-09-18 13:00:00'),
(1230, '2025-09-18', 1, 111, '2025-09-18 12:00:00', '2025-09-18 13:00:00'),
(1231, '2025-09-18', 1, 112, '2025-09-18 12:00:00', '2025-09-18 13:00:00'),
(1232, '2025-09-18', 1, 113, '2025-09-18 12:00:00', '2025-09-18 13:00:00'),
(1233, '2025-09-18', 1, 114, '2025-09-18 12:00:00', '2025-09-18 13:00:00'),
(1234, '2025-09-18', 1, 115, '2025-09-18 12:00:00', '2025-09-18 13:00:00'),
(1235, '2025-09-18', 1, 116, '2025-09-18 12:00:00', '2025-09-18 13:00:00'),
(1236, '2025-09-18', 1, 117, '2025-09-18 12:00:00', '2025-09-18 13:00:00'),
(1237, '2025-09-18', 1, 118, '2025-09-18 12:00:00', '2025-09-18 13:00:00'),
(1238, '2025-09-18', 1, 119, '2025-09-18 12:00:00', '2025-09-18 13:00:00'),
(1239, '2025-09-18', 1, 120, '2025-09-18 12:00:00', '2025-09-18 13:00:00'),
(1240, '2025-09-18', 1, 121, '2025-09-18 12:00:00', '2025-09-18 13:00:00'),
(1241, '2025-09-18', 1, 122, '2025-09-18 12:00:00', '2025-09-18 13:00:00'),
(1242, '2025-09-18', 1, 123, '2025-09-18 12:00:00', '2025-09-18 13:00:00'),
(1243, '2025-09-18', 1, 124, '2025-09-18 12:00:00', '2025-09-18 13:00:00'),
(1244, '2025-09-18', 1, 125, '2025-09-18 12:00:00', '2025-09-18 13:00:00'),
(1245, '2025-09-18', 1, 126, '2025-09-18 12:00:00', '2025-09-18 13:00:00'),
(1246, '2025-09-18', 1, 127, '2025-09-18 12:00:00', '2025-09-18 13:00:00'),
(1247, '2025-09-18', 1, 128, '2025-09-18 12:00:00', '2025-09-18 13:00:00'),
(1248, '2025-09-18', 1, 129, '2025-09-18 12:00:00', '2025-09-18 13:00:00'),
(1249, '2025-09-18', 1, 130, '2025-09-18 12:00:00', '2025-09-18 13:00:00'),
(1250, '2025-09-18', 1, 131, '2025-09-18 12:00:00', '2025-09-18 13:00:00'),
(1251, '2025-09-18', 1, 132, '2025-09-18 12:00:00', '2025-09-18 13:00:00'),
(1252, '2025-09-18', 1, 133, '2025-09-18 12:00:00', '2025-09-18 13:00:00'),
(1253, '2025-09-18', 1, 134, '2025-09-18 12:00:00', '2025-09-18 13:00:00'),
(1254, '2025-09-18', 1, 135, '2025-09-18 12:00:00', '2025-09-18 13:00:00'),
(1255, '2025-09-18', 1, 136, '2025-09-18 12:00:00', '2025-09-18 13:00:00'),
(1256, '2025-09-18', 1, 137, '2025-09-18 12:00:00', '2025-09-18 13:00:00'),
(1257, '2025-09-18', 1, 138, '2025-09-18 12:00:00', '2025-09-18 13:00:00'),
(1258, '2025-09-18', 1, 139, '2025-09-18 12:00:00', '2025-09-18 13:00:00'),
(1259, '2025-09-18', 1, 140, '2025-09-18 12:00:00', '2025-09-18 13:00:00'),
(1260, '2025-09-18', 1, 141, '2025-09-18 12:00:00', '2025-09-18 13:00:00'),
(1261, '2025-09-18', 1, 142, '2025-09-18 12:00:00', '2025-09-18 13:00:00'),
(1262, '2025-09-18', 1, 143, '2025-09-18 12:00:00', '2025-09-18 13:00:00'),
(1263, '2025-09-18', 1, 144, '2025-09-18 12:00:00', '2025-09-18 13:00:00'),
(1264, '2025-09-18', 1, 145, '2025-09-18 12:00:00', '2025-09-18 13:00:00'),
(1265, '2025-09-18', 1, 146, '2025-09-18 12:00:00', '2025-09-18 13:00:00'),
(1266, '2025-09-18', 1, 147, '2025-09-18 12:00:00', '2025-09-18 13:00:00'),
(1267, '2025-09-18', 1, 148, '2025-09-18 12:00:00', '2025-09-18 13:00:00'),
(1268, '2025-09-18', 1, 149, '2025-09-18 12:00:00', '2025-09-18 13:00:00'),
(1269, '2025-09-18', 1, 150, '2025-09-18 12:00:00', '2025-09-18 13:00:00'),
(1270, '2025-09-18', 1, 151, '2025-09-18 12:00:00', '2025-09-18 13:00:00'),
(1271, '2025-09-18', 1, 152, '2025-09-18 12:00:00', '2025-09-18 13:00:00'),
(1272, '2025-09-18', 1, 153, '2025-09-18 12:00:00', '2025-09-18 13:00:00'),
(1273, '2025-09-18', 1, 154, '2025-09-18 12:00:00', '2025-09-18 13:00:00'),
(1274, '2025-09-18', 1, 155, '2025-09-18 12:00:00', '2025-09-18 13:00:00'),
(1275, '2025-09-18', 1, 156, '2025-09-18 12:00:00', '2025-09-18 13:00:00'),
(1276, '2025-09-18', 1, 157, '2025-09-18 12:00:00', '2025-09-18 13:00:00'),
(1277, '2025-09-18', 1, 158, '2025-09-18 12:00:00', '2025-09-18 13:00:00'),
(1278, '2025-09-18', 1, 159, '2025-09-18 12:00:00', '2025-09-18 13:00:00'),
(1279, '2025-09-18', 1, 160, '2025-09-18 12:00:00', '2025-09-18 13:00:00'),
(1280, '2025-09-18', 1, 161, '2025-09-18 12:00:00', '2025-09-18 13:00:00'),
(1281, '2025-09-18', 1, 162, '2025-09-18 12:00:00', '2025-09-18 13:00:00'),
(1282, '2025-09-18', 1, 163, '2025-09-18 12:00:00', '2025-09-18 13:00:00'),
(1283, '2025-09-18', 1, 164, '2025-09-18 12:00:00', '2025-09-18 13:00:00'),
(1284, '2025-09-18', 1, 165, '2025-09-18 12:00:00', '2025-09-18 13:00:00'),
(1285, '2025-09-18', 1, 166, '2025-09-18 12:00:00', '2025-09-18 13:00:00'),
(1286, '2025-09-18', 1, 167, '2025-09-18 12:00:00', '2025-09-18 13:00:00'),
(1287, '2025-09-18', 1, 168, '2025-09-18 12:00:00', '2025-09-18 13:00:00'),
(1288, '2025-09-18', 1, 169, '2025-09-18 12:00:00', '2025-09-18 13:00:00'),
(1289, '2025-09-18', 1, 170, '2025-09-18 12:00:00', '2025-09-18 13:00:00'),
(1290, '2025-09-18', 1, 171, '2025-09-18 12:00:00', '2025-09-18 13:00:00'),
(1291, '2025-09-18', 1, 172, '2025-09-18 12:00:00', '2025-09-18 13:00:00'),
(1292, '2025-09-18', 1, 173, '2025-09-18 12:00:00', '2025-09-18 13:00:00'),
(1293, '2025-09-18', 1, 174, '2025-09-18 12:00:00', '2025-09-18 13:00:00'),
(1294, '2025-09-18', 1, 175, '2025-09-18 12:00:00', '2025-09-18 13:00:00'),
(1295, '2025-09-18', 1, 176, '2025-09-18 12:00:00', '2025-09-18 13:00:00'),
(1296, '2025-09-18', 1, 177, '2025-09-18 12:00:00', '2025-09-18 13:00:00'),
(1297, '2025-09-18', 1, 178, '2025-09-18 12:00:00', '2025-09-18 13:00:00'),
(1298, '2025-09-18', 1, 179, '2025-09-18 12:00:00', '2025-09-18 13:00:00'),
(1299, '2025-09-18', 1, 180, '2025-09-18 12:00:00', '2025-09-18 13:00:00'),
(1300, '2025-09-18', 1, 181, '2025-09-18 12:00:00', '2025-09-18 13:00:00'),
(1301, '2025-09-24', 0, 82, '2025-09-24 00:00:00', '2025-09-24 01:00:00'),
(1302, '2025-09-24', 0, 83, '2025-09-24 00:00:00', '2025-09-24 01:00:00'),
(1303, '2025-09-24', 0, 84, '2025-09-24 00:00:00', '2025-09-24 01:00:00'),
(1304, '2025-09-24', 0, 85, '2025-09-24 00:00:00', '2025-09-24 01:00:00'),
(1305, '2025-09-24', 0, 86, '2025-09-24 00:00:00', '2025-09-24 01:00:00'),
(1306, '2025-09-24', 0, 87, '2025-09-24 00:00:00', '2025-09-24 01:00:00'),
(1307, '2025-09-24', 0, 88, '2025-09-24 00:00:00', '2025-09-24 01:00:00'),
(1308, '2025-09-24', 0, 89, '2025-09-24 00:00:00', '2025-09-24 01:00:00'),
(1309, '2025-09-24', 0, 90, '2025-09-24 00:00:00', '2025-09-24 01:00:00'),
(1310, '2025-09-24', 0, 91, '2025-09-24 00:00:00', '2025-09-24 01:00:00'),
(1311, '2025-09-24', 0, 92, '2025-09-24 00:00:00', '2025-09-24 01:00:00'),
(1312, '2025-09-24', 0, 93, '2025-09-24 00:00:00', '2025-09-24 01:00:00'),
(1313, '2025-09-24', 0, 94, '2025-09-24 00:00:00', '2025-09-24 01:00:00'),
(1314, '2025-09-24', 0, 95, '2025-09-24 00:00:00', '2025-09-24 01:00:00'),
(1315, '2025-09-24', 0, 96, '2025-09-24 00:00:00', '2025-09-24 01:00:00'),
(1316, '2025-09-24', 0, 97, '2025-09-24 00:00:00', '2025-09-24 01:00:00'),
(1317, '2025-09-24', 0, 98, '2025-09-24 00:00:00', '2025-09-24 01:00:00'),
(1318, '2025-09-24', 0, 99, '2025-09-24 00:00:00', '2025-09-24 01:00:00'),
(1319, '2025-09-24', 0, 100, '2025-09-24 00:00:00', '2025-09-24 01:00:00'),
(1320, '2025-09-24', 0, 101, '2025-09-24 00:00:00', '2025-09-24 01:00:00'),
(1321, '2025-09-24', 0, 102, '2025-09-24 00:00:00', '2025-09-24 01:00:00'),
(1322, '2025-09-24', 0, 103, '2025-09-24 00:00:00', '2025-09-24 01:00:00'),
(1323, '2025-09-24', 0, 104, '2025-09-24 00:00:00', '2025-09-24 01:00:00'),
(1324, '2025-09-24', 0, 105, '2025-09-24 00:00:00', '2025-09-24 01:00:00'),
(1325, '2025-09-24', 0, 106, '2025-09-24 00:00:00', '2025-09-24 01:00:00'),
(1326, '2025-09-24', 0, 107, '2025-09-24 00:00:00', '2025-09-24 01:00:00'),
(1327, '2025-09-24', 0, 108, '2025-09-24 00:00:00', '2025-09-24 01:00:00'),
(1328, '2025-09-24', 0, 109, '2025-09-24 00:00:00', '2025-09-24 01:00:00'),
(1329, '2025-09-24', 0, 110, '2025-09-24 00:00:00', '2025-09-24 01:00:00'),
(1330, '2025-09-24', 0, 111, '2025-09-24 00:00:00', '2025-09-24 01:00:00'),
(1331, '2025-09-24', 0, 112, '2025-09-24 00:00:00', '2025-09-24 01:00:00'),
(1332, '2025-09-24', 0, 113, '2025-09-24 00:00:00', '2025-09-24 01:00:00'),
(1333, '2025-09-24', 0, 114, '2025-09-24 00:00:00', '2025-09-24 01:00:00'),
(1334, '2025-09-24', 0, 115, '2025-09-24 00:00:00', '2025-09-24 01:00:00'),
(1335, '2025-09-24', 0, 116, '2025-09-24 00:00:00', '2025-09-24 01:00:00'),
(1336, '2025-09-24', 0, 117, '2025-09-24 00:00:00', '2025-09-24 01:00:00'),
(1337, '2025-09-24', 0, 118, '2025-09-24 00:00:00', '2025-09-24 01:00:00'),
(1338, '2025-09-24', 0, 119, '2025-09-24 00:00:00', '2025-09-24 01:00:00'),
(1339, '2025-09-24', 0, 120, '2025-09-24 00:00:00', '2025-09-24 01:00:00'),
(1340, '2025-09-24', 0, 121, '2025-09-24 00:00:00', '2025-09-24 01:00:00'),
(1341, '2025-09-24', 0, 122, '2025-09-24 00:00:00', '2025-09-24 01:00:00'),
(1342, '2025-09-24', 0, 123, '2025-09-24 00:00:00', '2025-09-24 01:00:00'),
(1343, '2025-09-24', 0, 124, '2025-09-24 00:00:00', '2025-09-24 01:00:00'),
(1344, '2025-09-24', 0, 125, '2025-09-24 00:00:00', '2025-09-24 01:00:00'),
(1345, '2025-09-24', 0, 126, '2025-09-24 00:00:00', '2025-09-24 01:00:00'),
(1346, '2025-09-24', 0, 127, '2025-09-24 00:00:00', '2025-09-24 01:00:00'),
(1347, '2025-09-24', 0, 128, '2025-09-24 00:00:00', '2025-09-24 01:00:00'),
(1348, '2025-09-24', 0, 129, '2025-09-24 00:00:00', '2025-09-24 01:00:00'),
(1349, '2025-09-24', 0, 130, '2025-09-24 00:00:00', '2025-09-24 01:00:00'),
(1350, '2025-09-24', 0, 131, '2025-09-24 00:00:00', '2025-09-24 01:00:00'),
(1351, '2025-09-24', 0, 132, '2025-09-24 00:00:00', '2025-09-24 01:00:00'),
(1352, '2025-09-24', 0, 133, '2025-09-24 00:00:00', '2025-09-24 01:00:00'),
(1353, '2025-09-24', 0, 134, '2025-09-24 00:00:00', '2025-09-24 01:00:00'),
(1354, '2025-09-24', 0, 135, '2025-09-24 00:00:00', '2025-09-24 01:00:00'),
(1355, '2025-09-24', 0, 136, '2025-09-24 00:00:00', '2025-09-24 01:00:00'),
(1356, '2025-09-24', 0, 137, '2025-09-24 00:00:00', '2025-09-24 01:00:00'),
(1357, '2025-09-24', 0, 138, '2025-09-24 00:00:00', '2025-09-24 01:00:00'),
(1358, '2025-09-24', 0, 139, '2025-09-24 00:00:00', '2025-09-24 01:00:00'),
(1359, '2025-09-24', 0, 140, '2025-09-24 00:00:00', '2025-09-24 01:00:00'),
(1360, '2025-09-24', 0, 141, '2025-09-24 00:00:00', '2025-09-24 01:00:00'),
(1361, '2025-09-24', 0, 142, '2025-09-24 00:00:00', '2025-09-24 01:00:00'),
(1362, '2025-09-24', 0, 143, '2025-09-24 00:00:00', '2025-09-24 01:00:00'),
(1363, '2025-09-24', 0, 144, '2025-09-24 00:00:00', '2025-09-24 01:00:00'),
(1364, '2025-09-24', 0, 145, '2025-09-24 00:00:00', '2025-09-24 01:00:00'),
(1365, '2025-09-24', 0, 146, '2025-09-24 00:00:00', '2025-09-24 01:00:00'),
(1366, '2025-09-24', 0, 147, '2025-09-24 00:00:00', '2025-09-24 01:00:00');
INSERT INTO `workers_breaks` (`break_id`, `date`, `isDay`, `worker_id`, `started_at`, `ended_at`) VALUES
(1367, '2025-09-24', 0, 148, '2025-09-24 00:00:00', '2025-09-24 01:00:00'),
(1368, '2025-09-24', 0, 149, '2025-09-24 00:00:00', '2025-09-24 01:00:00'),
(1369, '2025-09-24', 0, 150, '2025-09-24 00:00:00', '2025-09-24 01:00:00'),
(1370, '2025-09-24', 0, 151, '2025-09-24 00:00:00', '2025-09-24 01:00:00'),
(1371, '2025-09-24', 0, 152, '2025-09-24 00:00:00', '2025-09-24 01:00:00'),
(1372, '2025-09-24', 0, 153, '2025-09-24 00:00:00', '2025-09-24 01:00:00'),
(1373, '2025-09-24', 0, 154, '2025-09-24 00:00:00', '2025-09-24 01:00:00'),
(1374, '2025-09-24', 0, 155, '2025-09-24 00:00:00', '2025-09-24 01:00:00'),
(1375, '2025-09-24', 0, 156, '2025-09-24 00:00:00', '2025-09-24 01:00:00'),
(1376, '2025-09-24', 0, 157, '2025-09-24 00:00:00', '2025-09-24 01:00:00'),
(1377, '2025-09-24', 0, 158, '2025-09-24 00:00:00', '2025-09-24 01:00:00'),
(1378, '2025-09-24', 0, 159, '2025-09-24 00:00:00', '2025-09-24 01:00:00'),
(1379, '2025-09-24', 0, 160, '2025-09-24 00:00:00', '2025-09-24 01:00:00'),
(1380, '2025-09-24', 0, 161, '2025-09-24 00:00:00', '2025-09-24 01:00:00'),
(1381, '2025-09-24', 0, 162, '2025-09-24 00:00:00', '2025-09-24 01:00:00'),
(1382, '2025-09-24', 0, 163, '2025-09-24 00:00:00', '2025-09-24 01:00:00'),
(1383, '2025-09-24', 0, 164, '2025-09-24 00:00:00', '2025-09-24 01:00:00'),
(1384, '2025-09-24', 0, 165, '2025-09-24 00:00:00', '2025-09-24 01:00:00'),
(1385, '2025-09-24', 0, 166, '2025-09-24 00:00:00', '2025-09-24 01:00:00'),
(1386, '2025-09-24', 0, 167, '2025-09-24 00:00:00', '2025-09-24 01:00:00'),
(1387, '2025-09-24', 0, 168, '2025-09-24 00:00:00', '2025-09-24 01:00:00'),
(1388, '2025-09-24', 0, 169, '2025-09-24 00:00:00', '2025-09-24 01:00:00'),
(1389, '2025-09-24', 0, 170, '2025-09-24 00:00:00', '2025-09-24 01:00:00'),
(1390, '2025-09-24', 0, 171, '2025-09-24 00:00:00', '2025-09-24 01:00:00'),
(1391, '2025-09-24', 0, 172, '2025-09-24 00:00:00', '2025-09-24 01:00:00'),
(1392, '2025-09-24', 0, 173, '2025-09-24 00:00:00', '2025-09-24 01:00:00'),
(1393, '2025-09-24', 0, 174, '2025-09-24 00:00:00', '2025-09-24 01:00:00'),
(1394, '2025-09-24', 0, 175, '2025-09-24 00:00:00', '2025-09-24 01:00:00'),
(1395, '2025-09-24', 0, 176, '2025-09-24 00:00:00', '2025-09-24 01:00:00'),
(1396, '2025-09-24', 0, 177, '2025-09-24 00:00:00', '2025-09-24 01:00:00'),
(1397, '2025-09-24', 0, 178, '2025-09-24 00:00:00', '2025-09-24 01:00:00'),
(1398, '2025-09-24', 0, 179, '2025-09-24 00:00:00', '2025-09-24 01:00:00'),
(1399, '2025-09-24', 0, 180, '2025-09-24 00:00:00', '2025-09-24 01:00:00'),
(1400, '2025-09-24', 0, 181, '2025-09-24 00:00:00', '2025-09-24 01:00:00'),
(1401, '2025-10-13', 0, 82, '2025-10-13 00:00:00', '2025-10-13 01:00:00'),
(1402, '2025-10-13', 0, 83, '2025-10-13 00:00:00', '2025-10-13 01:00:00'),
(1403, '2025-10-13', 0, 84, '2025-10-13 00:00:00', '2025-10-13 01:00:00'),
(1404, '2025-10-13', 0, 85, '2025-10-13 00:00:00', '2025-10-13 01:00:00'),
(1405, '2025-10-13', 0, 86, '2025-10-13 00:00:00', '2025-10-13 01:00:00'),
(1406, '2025-10-13', 0, 87, '2025-10-13 00:00:00', '2025-10-13 01:00:00'),
(1407, '2025-10-13', 0, 88, '2025-10-13 00:00:00', '2025-10-13 01:00:00'),
(1408, '2025-10-13', 0, 89, '2025-10-13 00:00:00', '2025-10-13 01:00:00'),
(1409, '2025-10-13', 0, 90, '2025-10-13 00:00:00', '2025-10-13 01:00:00'),
(1410, '2025-10-13', 0, 91, '2025-10-13 00:00:00', '2025-10-13 01:00:00'),
(1411, '2025-10-13', 0, 92, '2025-10-13 00:00:00', '2025-10-13 01:00:00'),
(1412, '2025-10-13', 0, 93, '2025-10-13 00:00:00', '2025-10-13 01:00:00'),
(1413, '2025-10-13', 0, 94, '2025-10-13 00:00:00', '2025-10-13 01:00:00'),
(1414, '2025-10-13', 0, 95, '2025-10-13 00:00:00', '2025-10-13 01:00:00'),
(1415, '2025-10-13', 0, 96, '2025-10-13 00:00:00', '2025-10-13 01:00:00'),
(1416, '2025-10-13', 0, 97, '2025-10-13 00:00:00', '2025-10-13 01:00:00'),
(1417, '2025-10-13', 0, 98, '2025-10-13 00:00:00', '2025-10-13 01:00:00'),
(1418, '2025-10-13', 0, 99, '2025-10-13 00:00:00', '2025-10-13 01:00:00'),
(1419, '2025-10-13', 0, 100, '2025-10-13 00:00:00', '2025-10-13 01:00:00'),
(1420, '2025-10-13', 0, 101, '2025-10-13 00:00:00', '2025-10-13 01:00:00'),
(1421, '2025-10-13', 0, 102, '2025-10-13 00:00:00', '2025-10-13 01:00:00'),
(1422, '2025-10-13', 0, 103, '2025-10-13 00:00:00', '2025-10-13 01:00:00'),
(1423, '2025-10-13', 0, 104, '2025-10-13 00:00:00', '2025-10-13 01:00:00'),
(1424, '2025-10-13', 0, 105, '2025-10-13 00:00:00', '2025-10-13 01:00:00'),
(1425, '2025-10-13', 0, 106, '2025-10-13 00:00:00', '2025-10-13 01:00:00'),
(1426, '2025-10-13', 0, 107, '2025-10-13 00:00:00', '2025-10-13 01:00:00'),
(1427, '2025-10-13', 0, 108, '2025-10-13 00:00:00', '2025-10-13 01:00:00'),
(1428, '2025-10-13', 0, 109, '2025-10-13 00:00:00', '2025-10-13 01:00:00'),
(1429, '2025-10-13', 0, 110, '2025-10-13 00:00:00', '2025-10-13 01:00:00'),
(1430, '2025-10-13', 0, 111, '2025-10-13 00:00:00', '2025-10-13 01:00:00'),
(1431, '2025-10-13', 0, 112, '2025-10-13 00:00:00', '2025-10-13 01:00:00'),
(1432, '2025-10-13', 0, 113, '2025-10-13 00:00:00', '2025-10-13 01:00:00'),
(1433, '2025-10-13', 0, 114, '2025-10-13 00:00:00', '2025-10-13 01:00:00'),
(1434, '2025-10-13', 0, 115, '2025-10-13 00:00:00', '2025-10-13 01:00:00'),
(1435, '2025-10-13', 0, 116, '2025-10-13 00:00:00', '2025-10-13 01:00:00'),
(1436, '2025-10-13', 0, 117, '2025-10-13 00:00:00', '2025-10-13 01:00:00'),
(1437, '2025-10-13', 0, 118, '2025-10-13 00:00:00', '2025-10-13 01:00:00'),
(1438, '2025-10-13', 0, 119, '2025-10-13 00:00:00', '2025-10-13 01:00:00'),
(1439, '2025-10-13', 0, 120, '2025-10-13 00:00:00', '2025-10-13 01:00:00'),
(1440, '2025-10-13', 0, 121, '2025-10-13 00:00:00', '2025-10-13 01:00:00'),
(1441, '2025-10-13', 0, 122, '2025-10-13 00:00:00', '2025-10-13 01:00:00'),
(1442, '2025-10-13', 0, 123, '2025-10-13 00:00:00', '2025-10-13 01:00:00'),
(1443, '2025-10-13', 0, 124, '2025-10-13 00:00:00', '2025-10-13 01:00:00'),
(1444, '2025-10-13', 0, 125, '2025-10-13 00:00:00', '2025-10-13 01:00:00'),
(1445, '2025-10-13', 0, 126, '2025-10-13 00:00:00', '2025-10-13 01:00:00'),
(1446, '2025-10-13', 0, 127, '2025-10-13 00:00:00', '2025-10-13 01:00:00'),
(1447, '2025-10-13', 0, 128, '2025-10-13 00:00:00', '2025-10-13 01:00:00'),
(1448, '2025-10-13', 0, 129, '2025-10-13 00:00:00', '2025-10-13 01:00:00'),
(1449, '2025-10-13', 0, 130, '2025-10-13 00:00:00', '2025-10-13 01:00:00'),
(1450, '2025-10-13', 0, 131, '2025-10-13 00:00:00', '2025-10-13 01:00:00'),
(1451, '2025-10-13', 0, 132, '2025-10-13 00:00:00', '2025-10-13 01:00:00'),
(1452, '2025-10-13', 0, 133, '2025-10-13 00:00:00', '2025-10-13 01:00:00'),
(1453, '2025-10-13', 0, 134, '2025-10-13 00:00:00', '2025-10-13 01:00:00'),
(1454, '2025-10-13', 0, 135, '2025-10-13 00:00:00', '2025-10-13 01:00:00'),
(1455, '2025-10-13', 0, 136, '2025-10-13 00:00:00', '2025-10-13 01:00:00'),
(1456, '2025-10-13', 0, 137, '2025-10-13 00:00:00', '2025-10-13 01:00:00'),
(1457, '2025-10-13', 0, 138, '2025-10-13 00:00:00', '2025-10-13 01:00:00'),
(1458, '2025-10-13', 0, 139, '2025-10-13 00:00:00', '2025-10-13 01:00:00'),
(1459, '2025-10-13', 0, 140, '2025-10-13 00:00:00', '2025-10-13 01:00:00'),
(1460, '2025-10-13', 0, 141, '2025-10-13 00:00:00', '2025-10-13 01:00:00'),
(1461, '2025-10-13', 0, 142, '2025-10-13 00:00:00', '2025-10-13 01:00:00'),
(1462, '2025-10-13', 0, 143, '2025-10-13 00:00:00', '2025-10-13 01:00:00'),
(1463, '2025-10-13', 0, 144, '2025-10-13 00:00:00', '2025-10-13 01:00:00'),
(1464, '2025-10-13', 0, 145, '2025-10-13 00:00:00', '2025-10-13 01:00:00'),
(1465, '2025-10-13', 0, 146, '2025-10-13 00:00:00', '2025-10-13 01:00:00'),
(1466, '2025-10-13', 0, 147, '2025-10-13 00:00:00', '2025-10-13 01:00:00'),
(1467, '2025-10-13', 0, 148, '2025-10-13 00:00:00', '2025-10-13 01:00:00'),
(1468, '2025-10-13', 0, 149, '2025-10-13 00:00:00', '2025-10-13 01:00:00'),
(1469, '2025-10-13', 0, 150, '2025-10-13 00:00:00', '2025-10-13 01:00:00'),
(1470, '2025-10-13', 0, 151, '2025-10-13 00:00:00', '2025-10-13 01:00:00'),
(1471, '2025-10-13', 0, 152, '2025-10-13 00:00:00', '2025-10-13 01:00:00'),
(1472, '2025-10-13', 0, 153, '2025-10-13 00:00:00', '2025-10-13 01:00:00'),
(1473, '2025-10-13', 0, 154, '2025-10-13 00:00:00', '2025-10-13 01:00:00'),
(1474, '2025-10-13', 0, 155, '2025-10-13 00:00:00', '2025-10-13 01:00:00'),
(1475, '2025-10-13', 0, 156, '2025-10-13 00:00:00', '2025-10-13 01:00:00'),
(1476, '2025-10-13', 0, 157, '2025-10-13 00:00:00', '2025-10-13 01:00:00'),
(1477, '2025-10-13', 0, 158, '2025-10-13 00:00:00', '2025-10-13 01:00:00'),
(1478, '2025-10-13', 0, 159, '2025-10-13 00:00:00', '2025-10-13 01:00:00'),
(1479, '2025-10-13', 0, 160, '2025-10-13 00:00:00', '2025-10-13 01:00:00'),
(1480, '2025-10-13', 0, 161, '2025-10-13 00:00:00', '2025-10-13 01:00:00'),
(1481, '2025-10-13', 0, 162, '2025-10-13 00:00:00', '2025-10-13 01:00:00'),
(1482, '2025-10-13', 0, 163, '2025-10-13 00:00:00', '2025-10-13 01:00:00'),
(1483, '2025-10-13', 0, 164, '2025-10-13 00:00:00', '2025-10-13 01:00:00'),
(1484, '2025-10-13', 0, 165, '2025-10-13 00:00:00', '2025-10-13 01:00:00'),
(1485, '2025-10-13', 0, 166, '2025-10-13 00:00:00', '2025-10-13 01:00:00'),
(1486, '2025-10-13', 0, 167, '2025-10-13 00:00:00', '2025-10-13 01:00:00'),
(1487, '2025-10-13', 0, 168, '2025-10-13 00:00:00', '2025-10-13 01:00:00'),
(1488, '2025-10-13', 0, 169, '2025-10-13 00:00:00', '2025-10-13 01:00:00'),
(1489, '2025-10-13', 0, 170, '2025-10-13 00:00:00', '2025-10-13 01:00:00'),
(1490, '2025-10-13', 0, 171, '2025-10-13 00:00:00', '2025-10-13 01:00:00'),
(1491, '2025-10-13', 0, 172, '2025-10-13 00:00:00', '2025-10-13 01:00:00'),
(1492, '2025-10-13', 0, 173, '2025-10-13 00:00:00', '2025-10-13 01:00:00'),
(1493, '2025-10-13', 0, 174, '2025-10-13 00:00:00', '2025-10-13 01:00:00'),
(1494, '2025-10-13', 0, 175, '2025-10-13 00:00:00', '2025-10-13 01:00:00'),
(1495, '2025-10-13', 0, 176, '2025-10-13 00:00:00', '2025-10-13 01:00:00'),
(1496, '2025-10-13', 0, 177, '2025-10-13 00:00:00', '2025-10-13 01:00:00'),
(1497, '2025-10-13', 0, 178, '2025-10-13 00:00:00', '2025-10-13 01:00:00'),
(1498, '2025-10-13', 0, 179, '2025-10-13 00:00:00', '2025-10-13 01:00:00'),
(1499, '2025-10-13', 0, 180, '2025-10-13 00:00:00', '2025-10-13 01:00:00'),
(1500, '2025-10-13', 0, 181, '2025-10-13 00:00:00', '2025-10-13 01:00:00'),
(1501, '2025-10-20', 1, 82, '2025-10-20 12:00:00', '2025-10-20 13:00:00'),
(1502, '2025-10-20', 1, 83, '2025-10-20 12:00:00', '2025-10-20 13:00:00'),
(1503, '2025-10-20', 1, 84, '2025-10-20 12:00:00', '2025-10-20 13:00:00'),
(1504, '2025-10-20', 1, 85, '2025-10-20 12:00:00', '2025-10-20 13:00:00'),
(1505, '2025-10-20', 1, 86, '2025-10-20 12:00:00', '2025-10-20 13:00:00'),
(1506, '2025-10-20', 1, 87, '2025-10-20 12:00:00', '2025-10-20 13:00:00'),
(1507, '2025-10-20', 1, 88, '2025-10-20 12:00:00', '2025-10-20 13:00:00'),
(1508, '2025-10-20', 1, 89, '2025-10-20 12:00:00', '2025-10-20 13:00:00'),
(1509, '2025-10-20', 1, 90, '2025-10-20 12:00:00', '2025-10-20 13:00:00'),
(1510, '2025-10-20', 1, 91, '2025-10-20 12:00:00', '2025-10-20 13:00:00'),
(1511, '2025-10-20', 1, 92, '2025-10-20 12:00:00', '2025-10-20 13:00:00'),
(1512, '2025-10-20', 1, 93, '2025-10-20 12:00:00', '2025-10-20 13:00:00'),
(1513, '2025-10-20', 1, 94, '2025-10-20 12:00:00', '2025-10-20 13:00:00'),
(1514, '2025-10-20', 1, 95, '2025-10-20 12:00:00', '2025-10-20 13:00:00'),
(1515, '2025-10-20', 1, 96, '2025-10-20 12:00:00', '2025-10-20 13:00:00'),
(1516, '2025-10-20', 1, 97, '2025-10-20 12:00:00', '2025-10-20 13:00:00'),
(1517, '2025-10-20', 1, 98, '2025-10-20 12:00:00', '2025-10-20 13:00:00'),
(1518, '2025-10-20', 1, 99, '2025-10-20 12:00:00', '2025-10-20 13:00:00'),
(1519, '2025-10-20', 1, 100, '2025-10-20 12:00:00', '2025-10-20 13:00:00'),
(1520, '2025-10-20', 1, 101, '2025-10-20 12:00:00', '2025-10-20 13:00:00'),
(1521, '2025-10-20', 1, 102, '2025-10-20 12:00:00', '2025-10-20 13:00:00'),
(1522, '2025-10-20', 1, 103, '2025-10-20 12:00:00', '2025-10-20 13:00:00'),
(1523, '2025-10-20', 1, 104, '2025-10-20 12:00:00', '2025-10-20 13:00:00'),
(1524, '2025-10-20', 1, 105, '2025-10-20 12:00:00', '2025-10-20 13:00:00'),
(1525, '2025-10-20', 1, 106, '2025-10-20 12:00:00', '2025-10-20 13:00:00'),
(1526, '2025-10-20', 1, 107, '2025-10-20 12:00:00', '2025-10-20 13:00:00'),
(1527, '2025-10-20', 1, 108, '2025-10-20 12:00:00', '2025-10-20 13:00:00'),
(1528, '2025-10-20', 1, 109, '2025-10-20 12:00:00', '2025-10-20 13:00:00'),
(1529, '2025-10-20', 1, 110, '2025-10-20 12:00:00', '2025-10-20 13:00:00'),
(1530, '2025-10-20', 1, 111, '2025-10-20 12:00:00', '2025-10-20 13:00:00'),
(1531, '2025-10-20', 1, 112, '2025-10-20 12:00:00', '2025-10-20 13:00:00'),
(1532, '2025-10-20', 1, 113, '2025-10-20 12:00:00', '2025-10-20 13:00:00'),
(1533, '2025-10-20', 1, 114, '2025-10-20 12:00:00', '2025-10-20 13:00:00'),
(1534, '2025-10-20', 1, 115, '2025-10-20 12:00:00', '2025-10-20 13:00:00'),
(1535, '2025-10-20', 1, 116, '2025-10-20 12:00:00', '2025-10-20 13:00:00'),
(1536, '2025-10-20', 1, 117, '2025-10-20 12:00:00', '2025-10-20 13:00:00'),
(1537, '2025-10-20', 1, 118, '2025-10-20 12:00:00', '2025-10-20 13:00:00'),
(1538, '2025-10-20', 1, 119, '2025-10-20 12:00:00', '2025-10-20 13:00:00'),
(1539, '2025-10-20', 1, 120, '2025-10-20 12:00:00', '2025-10-20 13:00:00'),
(1540, '2025-10-20', 1, 121, '2025-10-20 12:00:00', '2025-10-20 13:00:00'),
(1541, '2025-10-20', 1, 122, '2025-10-20 12:00:00', '2025-10-20 13:00:00'),
(1542, '2025-10-20', 1, 123, '2025-10-20 12:00:00', '2025-10-20 13:00:00'),
(1543, '2025-10-20', 1, 124, '2025-10-20 12:00:00', '2025-10-20 13:00:00'),
(1544, '2025-10-20', 1, 125, '2025-10-20 12:00:00', '2025-10-20 13:00:00'),
(1545, '2025-10-20', 1, 126, '2025-10-20 12:00:00', '2025-10-20 13:00:00'),
(1546, '2025-10-20', 1, 127, '2025-10-20 12:00:00', '2025-10-20 13:00:00'),
(1547, '2025-10-20', 1, 128, '2025-10-20 12:00:00', '2025-10-20 13:00:00'),
(1548, '2025-10-20', 1, 129, '2025-10-20 12:00:00', '2025-10-20 13:00:00'),
(1549, '2025-10-20', 1, 130, '2025-10-20 12:00:00', '2025-10-20 13:00:00'),
(1550, '2025-10-20', 1, 131, '2025-10-20 12:00:00', '2025-10-20 13:00:00'),
(1551, '2025-10-20', 1, 132, '2025-10-20 12:00:00', '2025-10-20 13:00:00'),
(1552, '2025-10-20', 1, 133, '2025-10-20 12:00:00', '2025-10-20 13:00:00'),
(1553, '2025-10-20', 1, 134, '2025-10-20 12:00:00', '2025-10-20 13:00:00'),
(1554, '2025-10-20', 1, 135, '2025-10-20 12:00:00', '2025-10-20 13:00:00'),
(1555, '2025-10-20', 1, 136, '2025-10-20 12:00:00', '2025-10-20 13:00:00'),
(1556, '2025-10-20', 1, 137, '2025-10-20 12:00:00', '2025-10-20 13:00:00'),
(1557, '2025-10-20', 1, 138, '2025-10-20 12:00:00', '2025-10-20 13:00:00'),
(1558, '2025-10-20', 1, 139, '2025-10-20 12:00:00', '2025-10-20 13:00:00'),
(1559, '2025-10-20', 1, 140, '2025-10-20 12:00:00', '2025-10-20 13:00:00'),
(1560, '2025-10-20', 1, 141, '2025-10-20 12:00:00', '2025-10-20 13:00:00'),
(1561, '2025-10-20', 1, 142, '2025-10-20 12:00:00', '2025-10-20 13:00:00'),
(1562, '2025-10-20', 1, 143, '2025-10-20 12:00:00', '2025-10-20 13:00:00'),
(1563, '2025-10-20', 1, 144, '2025-10-20 12:00:00', '2025-10-20 13:00:00'),
(1564, '2025-10-20', 1, 145, '2025-10-20 12:00:00', '2025-10-20 13:00:00'),
(1565, '2025-10-20', 1, 146, '2025-10-20 12:00:00', '2025-10-20 13:00:00'),
(1566, '2025-10-20', 1, 147, '2025-10-20 12:00:00', '2025-10-20 13:00:00'),
(1567, '2025-10-20', 1, 148, '2025-10-20 12:00:00', '2025-10-20 13:00:00'),
(1568, '2025-10-20', 1, 149, '2025-10-20 12:00:00', '2025-10-20 13:00:00'),
(1569, '2025-10-20', 1, 150, '2025-10-20 12:00:00', '2025-10-20 13:00:00'),
(1570, '2025-10-20', 1, 151, '2025-10-20 12:00:00', '2025-10-20 13:00:00'),
(1571, '2025-10-20', 1, 152, '2025-10-20 12:00:00', '2025-10-20 13:00:00'),
(1572, '2025-10-20', 1, 153, '2025-10-20 12:00:00', '2025-10-20 13:00:00'),
(1573, '2025-10-20', 1, 154, '2025-10-20 12:00:00', '2025-10-20 13:00:00'),
(1574, '2025-10-20', 1, 155, '2025-10-20 12:00:00', '2025-10-20 13:00:00'),
(1575, '2025-10-20', 1, 156, '2025-10-20 12:00:00', '2025-10-20 13:00:00'),
(1576, '2025-10-20', 1, 157, '2025-10-20 12:00:00', '2025-10-20 13:00:00'),
(1577, '2025-10-20', 1, 158, '2025-10-20 12:00:00', '2025-10-20 13:00:00'),
(1578, '2025-10-20', 1, 159, '2025-10-20 12:00:00', '2025-10-20 13:00:00'),
(1579, '2025-10-20', 1, 160, '2025-10-20 12:00:00', '2025-10-20 13:00:00'),
(1580, '2025-10-20', 1, 161, '2025-10-20 12:00:00', '2025-10-20 13:00:00'),
(1581, '2025-10-20', 1, 162, '2025-10-20 12:00:00', '2025-10-20 13:00:00'),
(1582, '2025-10-20', 1, 163, '2025-10-20 12:00:00', '2025-10-20 13:00:00'),
(1583, '2025-10-20', 1, 164, '2025-10-20 12:00:00', '2025-10-20 13:00:00'),
(1584, '2025-10-20', 1, 165, '2025-10-20 12:00:00', '2025-10-20 13:00:00'),
(1585, '2025-10-20', 1, 166, '2025-10-20 12:00:00', '2025-10-20 13:00:00'),
(1586, '2025-10-20', 1, 167, '2025-10-20 12:00:00', '2025-10-20 13:00:00'),
(1587, '2025-10-20', 1, 168, '2025-10-20 12:00:00', '2025-10-20 13:00:00'),
(1588, '2025-10-20', 1, 169, '2025-10-20 12:00:00', '2025-10-20 13:00:00'),
(1589, '2025-10-20', 1, 170, '2025-10-20 12:00:00', '2025-10-20 13:00:00'),
(1590, '2025-10-20', 1, 171, '2025-10-20 12:00:00', '2025-10-20 13:00:00'),
(1591, '2025-10-20', 1, 172, '2025-10-20 12:00:00', '2025-10-20 13:00:00'),
(1592, '2025-10-20', 1, 173, '2025-10-20 12:00:00', '2025-10-20 13:00:00'),
(1593, '2025-10-20', 1, 174, '2025-10-20 12:00:00', '2025-10-20 13:00:00'),
(1594, '2025-10-20', 1, 175, '2025-10-20 12:00:00', '2025-10-20 13:00:00'),
(1595, '2025-10-20', 1, 176, '2025-10-20 12:00:00', '2025-10-20 13:00:00'),
(1596, '2025-10-20', 1, 177, '2025-10-20 12:00:00', '2025-10-20 13:00:00'),
(1597, '2025-10-20', 1, 178, '2025-10-20 12:00:00', '2025-10-20 13:00:00'),
(1598, '2025-10-20', 1, 179, '2025-10-20 12:00:00', '2025-10-20 13:00:00'),
(1599, '2025-10-20', 1, 180, '2025-10-20 12:00:00', '2025-10-20 13:00:00'),
(1600, '2025-10-20', 1, 181, '2025-10-20 12:00:00', '2025-10-20 13:00:00'),
(1601, '2025-10-20', 0, 82, '2025-10-20 00:00:00', '2025-10-20 01:00:00'),
(1602, '2025-10-20', 0, 83, '2025-10-20 00:00:00', '2025-10-20 01:00:00'),
(1603, '2025-10-20', 0, 84, '2025-10-20 00:00:00', '2025-10-20 01:00:00'),
(1604, '2025-10-20', 0, 85, '2025-10-20 00:00:00', '2025-10-20 01:00:00'),
(1605, '2025-10-20', 0, 86, '2025-10-20 00:00:00', '2025-10-20 01:00:00'),
(1606, '2025-10-20', 0, 87, '2025-10-20 00:00:00', '2025-10-20 01:00:00'),
(1607, '2025-10-20', 0, 88, '2025-10-20 00:00:00', '2025-10-20 01:00:00'),
(1608, '2025-10-20', 0, 89, '2025-10-20 00:00:00', '2025-10-20 01:00:00'),
(1609, '2025-10-20', 0, 90, '2025-10-20 00:00:00', '2025-10-20 01:00:00'),
(1610, '2025-10-20', 0, 91, '2025-10-20 00:00:00', '2025-10-20 01:00:00'),
(1611, '2025-10-20', 0, 92, '2025-10-20 00:00:00', '2025-10-20 01:00:00'),
(1612, '2025-10-20', 0, 93, '2025-10-20 00:00:00', '2025-10-20 01:00:00'),
(1613, '2025-10-20', 0, 94, '2025-10-20 00:00:00', '2025-10-20 01:00:00'),
(1614, '2025-10-20', 0, 95, '2025-10-20 00:00:00', '2025-10-20 01:00:00'),
(1615, '2025-10-20', 0, 96, '2025-10-20 00:00:00', '2025-10-20 01:00:00'),
(1616, '2025-10-20', 0, 97, '2025-10-20 00:00:00', '2025-10-20 01:00:00'),
(1617, '2025-10-20', 0, 98, '2025-10-20 00:00:00', '2025-10-20 01:00:00'),
(1618, '2025-10-20', 0, 99, '2025-10-20 00:00:00', '2025-10-20 01:00:00'),
(1619, '2025-10-20', 0, 100, '2025-10-20 00:00:00', '2025-10-20 01:00:00'),
(1620, '2025-10-20', 0, 101, '2025-10-20 00:00:00', '2025-10-20 01:00:00'),
(1621, '2025-10-20', 0, 102, '2025-10-20 00:00:00', '2025-10-20 01:00:00'),
(1622, '2025-10-20', 0, 103, '2025-10-20 00:00:00', '2025-10-20 01:00:00'),
(1623, '2025-10-20', 0, 104, '2025-10-20 00:00:00', '2025-10-20 01:00:00'),
(1624, '2025-10-20', 0, 105, '2025-10-20 00:00:00', '2025-10-20 01:00:00'),
(1625, '2025-10-20', 0, 106, '2025-10-20 00:00:00', '2025-10-20 01:00:00'),
(1626, '2025-10-20', 0, 107, '2025-10-20 00:00:00', '2025-10-20 01:00:00'),
(1627, '2025-10-20', 0, 108, '2025-10-20 00:00:00', '2025-10-20 01:00:00'),
(1628, '2025-10-20', 0, 109, '2025-10-20 00:00:00', '2025-10-20 01:00:00'),
(1629, '2025-10-20', 0, 110, '2025-10-20 00:00:00', '2025-10-20 01:00:00'),
(1630, '2025-10-20', 0, 111, '2025-10-20 00:00:00', '2025-10-20 01:00:00'),
(1631, '2025-10-20', 0, 112, '2025-10-20 00:00:00', '2025-10-20 01:00:00'),
(1632, '2025-10-20', 0, 113, '2025-10-20 00:00:00', '2025-10-20 01:00:00'),
(1633, '2025-10-20', 0, 114, '2025-10-20 00:00:00', '2025-10-20 01:00:00'),
(1634, '2025-10-20', 0, 115, '2025-10-20 00:00:00', '2025-10-20 01:00:00'),
(1635, '2025-10-20', 0, 116, '2025-10-20 00:00:00', '2025-10-20 01:00:00'),
(1636, '2025-10-20', 0, 117, '2025-10-20 00:00:00', '2025-10-20 01:00:00'),
(1637, '2025-10-20', 0, 118, '2025-10-20 00:00:00', '2025-10-20 01:00:00'),
(1638, '2025-10-20', 0, 119, '2025-10-20 00:00:00', '2025-10-20 01:00:00'),
(1639, '2025-10-20', 0, 120, '2025-10-20 00:00:00', '2025-10-20 01:00:00'),
(1640, '2025-10-20', 0, 121, '2025-10-20 00:00:00', '2025-10-20 01:00:00'),
(1641, '2025-10-20', 0, 122, '2025-10-20 00:00:00', '2025-10-20 01:00:00'),
(1642, '2025-10-20', 0, 123, '2025-10-20 00:00:00', '2025-10-20 01:00:00'),
(1643, '2025-10-20', 0, 124, '2025-10-20 00:00:00', '2025-10-20 01:00:00'),
(1644, '2025-10-20', 0, 125, '2025-10-20 00:00:00', '2025-10-20 01:00:00'),
(1645, '2025-10-20', 0, 126, '2025-10-20 00:00:00', '2025-10-20 01:00:00'),
(1646, '2025-10-20', 0, 127, '2025-10-20 00:00:00', '2025-10-20 01:00:00'),
(1647, '2025-10-20', 0, 128, '2025-10-20 00:00:00', '2025-10-20 01:00:00'),
(1648, '2025-10-20', 0, 129, '2025-10-20 00:00:00', '2025-10-20 01:00:00'),
(1649, '2025-10-20', 0, 130, '2025-10-20 00:00:00', '2025-10-20 01:00:00'),
(1650, '2025-10-20', 0, 131, '2025-10-20 00:00:00', '2025-10-20 01:00:00'),
(1651, '2025-10-20', 0, 132, '2025-10-20 00:00:00', '2025-10-20 01:00:00'),
(1652, '2025-10-20', 0, 133, '2025-10-20 00:00:00', '2025-10-20 01:00:00'),
(1653, '2025-10-20', 0, 134, '2025-10-20 00:00:00', '2025-10-20 01:00:00'),
(1654, '2025-10-20', 0, 135, '2025-10-20 00:00:00', '2025-10-20 01:00:00'),
(1655, '2025-10-20', 0, 136, '2025-10-20 00:00:00', '2025-10-20 01:00:00'),
(1656, '2025-10-20', 0, 137, '2025-10-20 00:00:00', '2025-10-20 01:00:00'),
(1657, '2025-10-20', 0, 138, '2025-10-20 00:00:00', '2025-10-20 01:00:00'),
(1658, '2025-10-20', 0, 139, '2025-10-20 00:00:00', '2025-10-20 01:00:00'),
(1659, '2025-10-20', 0, 140, '2025-10-20 00:00:00', '2025-10-20 01:00:00'),
(1660, '2025-10-20', 0, 141, '2025-10-20 00:00:00', '2025-10-20 01:00:00'),
(1661, '2025-10-20', 0, 142, '2025-10-20 00:00:00', '2025-10-20 01:00:00'),
(1662, '2025-10-20', 0, 143, '2025-10-20 00:00:00', '2025-10-20 01:00:00'),
(1663, '2025-10-20', 0, 144, '2025-10-20 00:00:00', '2025-10-20 01:00:00'),
(1664, '2025-10-20', 0, 145, '2025-10-20 00:00:00', '2025-10-20 01:00:00'),
(1665, '2025-10-20', 0, 146, '2025-10-20 00:00:00', '2025-10-20 01:00:00'),
(1666, '2025-10-20', 0, 147, '2025-10-20 00:00:00', '2025-10-20 01:00:00'),
(1667, '2025-10-20', 0, 148, '2025-10-20 00:00:00', '2025-10-20 01:00:00'),
(1668, '2025-10-20', 0, 149, '2025-10-20 00:00:00', '2025-10-20 01:00:00'),
(1669, '2025-10-20', 0, 150, '2025-10-20 00:00:00', '2025-10-20 01:00:00'),
(1670, '2025-10-20', 0, 151, '2025-10-20 00:00:00', '2025-10-20 01:00:00'),
(1671, '2025-10-20', 0, 152, '2025-10-20 00:00:00', '2025-10-20 01:00:00'),
(1672, '2025-10-20', 0, 153, '2025-10-20 00:00:00', '2025-10-20 01:00:00'),
(1673, '2025-10-20', 0, 154, '2025-10-20 00:00:00', '2025-10-20 01:00:00'),
(1674, '2025-10-20', 0, 155, '2025-10-20 00:00:00', '2025-10-20 01:00:00'),
(1675, '2025-10-20', 0, 156, '2025-10-20 00:00:00', '2025-10-20 01:00:00'),
(1676, '2025-10-20', 0, 157, '2025-10-20 00:00:00', '2025-10-20 01:00:00'),
(1677, '2025-10-20', 0, 158, '2025-10-20 00:00:00', '2025-10-20 01:00:00'),
(1678, '2025-10-20', 0, 159, '2025-10-20 00:00:00', '2025-10-20 01:00:00'),
(1679, '2025-10-20', 0, 160, '2025-10-20 00:00:00', '2025-10-20 01:00:00'),
(1680, '2025-10-20', 0, 161, '2025-10-20 00:00:00', '2025-10-20 01:00:00'),
(1681, '2025-10-20', 0, 162, '2025-10-20 00:00:00', '2025-10-20 01:00:00'),
(1682, '2025-10-20', 0, 163, '2025-10-20 00:00:00', '2025-10-20 01:00:00'),
(1683, '2025-10-20', 0, 164, '2025-10-20 00:00:00', '2025-10-20 01:00:00'),
(1684, '2025-10-20', 0, 165, '2025-10-20 00:00:00', '2025-10-20 01:00:00'),
(1685, '2025-10-20', 0, 166, '2025-10-20 00:00:00', '2025-10-20 01:00:00'),
(1686, '2025-10-20', 0, 167, '2025-10-20 00:00:00', '2025-10-20 01:00:00'),
(1687, '2025-10-20', 0, 168, '2025-10-20 00:00:00', '2025-10-20 01:00:00'),
(1688, '2025-10-20', 0, 169, '2025-10-20 00:00:00', '2025-10-20 01:00:00'),
(1689, '2025-10-20', 0, 170, '2025-10-20 00:00:00', '2025-10-20 01:00:00'),
(1690, '2025-10-20', 0, 171, '2025-10-20 00:00:00', '2025-10-20 01:00:00'),
(1691, '2025-10-20', 0, 172, '2025-10-20 00:00:00', '2025-10-20 01:00:00'),
(1692, '2025-10-20', 0, 173, '2025-10-20 00:00:00', '2025-10-20 01:00:00'),
(1693, '2025-10-20', 0, 174, '2025-10-20 00:00:00', '2025-10-20 01:00:00'),
(1694, '2025-10-20', 0, 175, '2025-10-20 00:00:00', '2025-10-20 01:00:00'),
(1695, '2025-10-20', 0, 176, '2025-10-20 00:00:00', '2025-10-20 01:00:00'),
(1696, '2025-10-20', 0, 177, '2025-10-20 00:00:00', '2025-10-20 01:00:00'),
(1697, '2025-10-20', 0, 178, '2025-10-20 00:00:00', '2025-10-20 01:00:00'),
(1698, '2025-10-20', 0, 179, '2025-10-20 00:00:00', '2025-10-20 01:00:00'),
(1699, '2025-10-20', 0, 180, '2025-10-20 00:00:00', '2025-10-20 01:00:00'),
(1700, '2025-10-20', 0, 181, '2025-10-20 00:00:00', '2025-10-20 01:00:00'),
(1701, '2025-10-28', 1, 82, '2025-10-28 12:00:00', '2025-10-28 13:00:00'),
(1702, '2025-10-28', 1, 83, '2025-10-28 12:00:00', '2025-10-28 13:00:00'),
(1703, '2025-10-28', 1, 84, '2025-10-28 12:00:00', '2025-10-28 13:00:00'),
(1704, '2025-10-28', 1, 85, '2025-10-28 12:00:00', '2025-10-28 13:00:00'),
(1705, '2025-10-28', 1, 86, '2025-10-28 12:00:00', '2025-10-28 13:00:00'),
(1706, '2025-10-28', 1, 87, '2025-10-28 12:00:00', '2025-10-28 13:00:00'),
(1707, '2025-10-28', 1, 88, '2025-10-28 12:00:00', '2025-10-28 13:00:00'),
(1708, '2025-10-28', 1, 89, '2025-10-28 12:00:00', '2025-10-28 13:00:00'),
(1709, '2025-10-28', 1, 90, '2025-10-28 12:00:00', '2025-10-28 13:00:00'),
(1710, '2025-10-28', 1, 91, '2025-10-28 12:00:00', '2025-10-28 13:00:00'),
(1711, '2025-10-28', 1, 92, '2025-10-28 12:00:00', '2025-10-28 13:00:00'),
(1712, '2025-10-28', 1, 93, '2025-10-28 12:00:00', '2025-10-28 13:00:00'),
(1713, '2025-10-28', 1, 94, '2025-10-28 12:00:00', '2025-10-28 13:00:00'),
(1714, '2025-10-28', 1, 95, '2025-10-28 12:00:00', '2025-10-28 13:00:00'),
(1715, '2025-10-28', 1, 96, '2025-10-28 12:00:00', '2025-10-28 13:00:00'),
(1716, '2025-10-28', 1, 97, '2025-10-28 12:00:00', '2025-10-28 13:00:00'),
(1717, '2025-10-28', 1, 98, '2025-10-28 12:00:00', '2025-10-28 13:00:00'),
(1718, '2025-10-28', 1, 99, '2025-10-28 12:00:00', '2025-10-28 13:00:00'),
(1719, '2025-10-28', 1, 100, '2025-10-28 12:00:00', '2025-10-28 13:00:00'),
(1720, '2025-10-28', 1, 101, '2025-10-28 12:00:00', '2025-10-28 13:00:00'),
(1721, '2025-10-28', 1, 102, '2025-10-28 12:00:00', '2025-10-28 13:00:00'),
(1722, '2025-10-28', 1, 103, '2025-10-28 12:00:00', '2025-10-28 13:00:00'),
(1723, '2025-10-28', 1, 104, '2025-10-28 12:00:00', '2025-10-28 13:00:00'),
(1724, '2025-10-28', 1, 105, '2025-10-28 12:00:00', '2025-10-28 13:00:00'),
(1725, '2025-10-28', 1, 106, '2025-10-28 12:00:00', '2025-10-28 13:00:00'),
(1726, '2025-10-28', 1, 107, '2025-10-28 12:00:00', '2025-10-28 13:00:00'),
(1727, '2025-10-28', 1, 108, '2025-10-28 12:00:00', '2025-10-28 13:00:00'),
(1728, '2025-10-28', 1, 109, '2025-10-28 12:00:00', '2025-10-28 13:00:00'),
(1729, '2025-10-28', 1, 110, '2025-10-28 12:00:00', '2025-10-28 13:00:00'),
(1730, '2025-10-28', 1, 111, '2025-10-28 12:00:00', '2025-10-28 13:00:00'),
(1731, '2025-10-28', 1, 112, '2025-10-28 12:00:00', '2025-10-28 13:00:00'),
(1732, '2025-10-28', 1, 113, '2025-10-28 12:00:00', '2025-10-28 13:00:00'),
(1733, '2025-10-28', 1, 114, '2025-10-28 12:00:00', '2025-10-28 13:00:00'),
(1734, '2025-10-28', 1, 115, '2025-10-28 12:00:00', '2025-10-28 13:00:00'),
(1735, '2025-10-28', 1, 116, '2025-10-28 12:00:00', '2025-10-28 13:00:00'),
(1736, '2025-10-28', 1, 117, '2025-10-28 12:00:00', '2025-10-28 13:00:00'),
(1737, '2025-10-28', 1, 118, '2025-10-28 12:00:00', '2025-10-28 13:00:00'),
(1738, '2025-10-28', 1, 119, '2025-10-28 12:00:00', '2025-10-28 13:00:00'),
(1739, '2025-10-28', 1, 120, '2025-10-28 12:00:00', '2025-10-28 13:00:00'),
(1740, '2025-10-28', 1, 121, '2025-10-28 12:00:00', '2025-10-28 13:00:00'),
(1741, '2025-10-28', 1, 122, '2025-10-28 12:00:00', '2025-10-28 13:00:00'),
(1742, '2025-10-28', 1, 123, '2025-10-28 12:00:00', '2025-10-28 13:00:00'),
(1743, '2025-10-28', 1, 124, '2025-10-28 12:00:00', '2025-10-28 13:00:00'),
(1744, '2025-10-28', 1, 125, '2025-10-28 12:00:00', '2025-10-28 13:00:00'),
(1745, '2025-10-28', 1, 126, '2025-10-28 12:00:00', '2025-10-28 13:00:00'),
(1746, '2025-10-28', 1, 127, '2025-10-28 12:00:00', '2025-10-28 13:00:00'),
(1747, '2025-10-28', 1, 128, '2025-10-28 12:00:00', '2025-10-28 13:00:00'),
(1748, '2025-10-28', 1, 129, '2025-10-28 12:00:00', '2025-10-28 13:00:00'),
(1749, '2025-10-28', 1, 130, '2025-10-28 12:00:00', '2025-10-28 13:00:00'),
(1750, '2025-10-28', 1, 131, '2025-10-28 12:00:00', '2025-10-28 13:00:00'),
(1751, '2025-10-28', 1, 132, '2025-10-28 12:00:00', '2025-10-28 13:00:00'),
(1752, '2025-10-28', 1, 133, '2025-10-28 12:00:00', '2025-10-28 13:00:00'),
(1753, '2025-10-28', 1, 134, '2025-10-28 12:00:00', '2025-10-28 13:00:00'),
(1754, '2025-10-28', 1, 135, '2025-10-28 12:00:00', '2025-10-28 13:00:00'),
(1755, '2025-10-28', 1, 136, '2025-10-28 12:00:00', '2025-10-28 13:00:00'),
(1756, '2025-10-28', 1, 137, '2025-10-28 12:00:00', '2025-10-28 13:00:00'),
(1757, '2025-10-28', 1, 138, '2025-10-28 12:00:00', '2025-10-28 13:00:00'),
(1758, '2025-10-28', 1, 139, '2025-10-28 12:00:00', '2025-10-28 13:00:00'),
(1759, '2025-10-28', 1, 140, '2025-10-28 12:00:00', '2025-10-28 13:00:00'),
(1760, '2025-10-28', 1, 141, '2025-10-28 12:00:00', '2025-10-28 13:00:00'),
(1761, '2025-10-28', 1, 142, '2025-10-28 12:00:00', '2025-10-28 13:00:00'),
(1762, '2025-10-28', 1, 143, '2025-10-28 12:00:00', '2025-10-28 13:00:00'),
(1763, '2025-10-28', 1, 144, '2025-10-28 12:00:00', '2025-10-28 13:00:00'),
(1764, '2025-10-28', 1, 145, '2025-10-28 12:00:00', '2025-10-28 13:00:00'),
(1765, '2025-10-28', 1, 146, '2025-10-28 12:00:00', '2025-10-28 13:00:00'),
(1766, '2025-10-28', 1, 147, '2025-10-28 12:00:00', '2025-10-28 13:00:00'),
(1767, '2025-10-28', 1, 148, '2025-10-28 12:00:00', '2025-10-28 13:00:00'),
(1768, '2025-10-28', 1, 149, '2025-10-28 12:00:00', '2025-10-28 13:00:00'),
(1769, '2025-10-28', 1, 150, '2025-10-28 12:00:00', '2025-10-28 13:00:00'),
(1770, '2025-10-28', 1, 151, '2025-10-28 12:00:00', '2025-10-28 13:00:00'),
(1771, '2025-10-28', 1, 152, '2025-10-28 12:00:00', '2025-10-28 13:00:00'),
(1772, '2025-10-28', 1, 153, '2025-10-28 12:00:00', '2025-10-28 13:00:00'),
(1773, '2025-10-28', 1, 154, '2025-10-28 12:00:00', '2025-10-28 13:00:00'),
(1774, '2025-10-28', 1, 155, '2025-10-28 12:00:00', '2025-10-28 13:00:00'),
(1775, '2025-10-28', 1, 156, '2025-10-28 12:00:00', '2025-10-28 13:00:00'),
(1776, '2025-10-28', 1, 157, '2025-10-28 12:00:00', '2025-10-28 13:00:00'),
(1777, '2025-10-28', 1, 158, '2025-10-28 12:00:00', '2025-10-28 13:00:00'),
(1778, '2025-10-28', 1, 159, '2025-10-28 12:00:00', '2025-10-28 13:00:00'),
(1779, '2025-10-28', 1, 160, '2025-10-28 12:00:00', '2025-10-28 13:00:00'),
(1780, '2025-10-28', 1, 161, '2025-10-28 12:00:00', '2025-10-28 13:00:00'),
(1781, '2025-10-28', 1, 162, '2025-10-28 12:00:00', '2025-10-28 13:00:00'),
(1782, '2025-10-28', 1, 163, '2025-10-28 12:00:00', '2025-10-28 13:00:00'),
(1783, '2025-10-28', 1, 164, '2025-10-28 12:00:00', '2025-10-28 13:00:00'),
(1784, '2025-10-28', 1, 165, '2025-10-28 12:00:00', '2025-10-28 13:00:00'),
(1785, '2025-10-28', 1, 166, '2025-10-28 12:00:00', '2025-10-28 13:00:00'),
(1786, '2025-10-28', 1, 167, '2025-10-28 12:00:00', '2025-10-28 13:00:00'),
(1787, '2025-10-28', 1, 168, '2025-10-28 12:00:00', '2025-10-28 13:00:00'),
(1788, '2025-10-28', 1, 169, '2025-10-28 12:00:00', '2025-10-28 13:00:00'),
(1789, '2025-10-28', 1, 170, '2025-10-28 12:00:00', '2025-10-28 13:00:00'),
(1790, '2025-10-28', 1, 171, '2025-10-28 12:00:00', '2025-10-28 13:00:00'),
(1791, '2025-10-28', 1, 172, '2025-10-28 12:00:00', '2025-10-28 13:00:00'),
(1792, '2025-10-28', 1, 173, '2025-10-28 12:00:00', '2025-10-28 13:00:00'),
(1793, '2025-10-28', 1, 174, '2025-10-28 12:00:00', '2025-10-28 13:00:00'),
(1794, '2025-10-28', 1, 175, '2025-10-28 12:00:00', '2025-10-28 13:00:00'),
(1795, '2025-10-28', 1, 176, '2025-10-28 12:00:00', '2025-10-28 13:00:00'),
(1796, '2025-10-28', 1, 177, '2025-10-28 12:00:00', '2025-10-28 13:00:00'),
(1797, '2025-10-28', 1, 178, '2025-10-28 12:00:00', '2025-10-28 13:00:00'),
(1798, '2025-10-28', 1, 179, '2025-10-28 12:00:00', '2025-10-28 13:00:00'),
(1799, '2025-10-28', 1, 180, '2025-10-28 12:00:00', '2025-10-28 13:00:00'),
(1800, '2025-10-28', 1, 181, '2025-10-28 12:00:00', '2025-10-28 13:00:00'),
(1801, '2025-10-28', 0, 82, '2025-10-28 00:00:00', '2025-10-28 01:00:00'),
(1802, '2025-10-28', 0, 83, '2025-10-28 00:00:00', '2025-10-28 01:00:00'),
(1803, '2025-10-28', 0, 84, '2025-10-28 00:00:00', '2025-10-28 01:00:00'),
(1804, '2025-10-28', 0, 85, '2025-10-28 00:00:00', '2025-10-28 01:00:00'),
(1805, '2025-10-28', 0, 86, '2025-10-28 00:00:00', '2025-10-28 01:00:00'),
(1806, '2025-10-28', 0, 87, '2025-10-28 00:00:00', '2025-10-28 01:00:00'),
(1807, '2025-10-28', 0, 88, '2025-10-28 00:00:00', '2025-10-28 01:00:00'),
(1808, '2025-10-28', 0, 89, '2025-10-28 00:00:00', '2025-10-28 01:00:00'),
(1809, '2025-10-28', 0, 90, '2025-10-28 00:00:00', '2025-10-28 01:00:00'),
(1810, '2025-10-28', 0, 91, '2025-10-28 00:00:00', '2025-10-28 01:00:00'),
(1811, '2025-10-28', 0, 92, '2025-10-28 00:00:00', '2025-10-28 01:00:00'),
(1812, '2025-10-28', 0, 93, '2025-10-28 00:00:00', '2025-10-28 01:00:00'),
(1813, '2025-10-28', 0, 94, '2025-10-28 00:00:00', '2025-10-28 01:00:00'),
(1814, '2025-10-28', 0, 95, '2025-10-28 00:00:00', '2025-10-28 01:00:00'),
(1815, '2025-10-28', 0, 96, '2025-10-28 00:00:00', '2025-10-28 01:00:00'),
(1816, '2025-10-28', 0, 97, '2025-10-28 00:00:00', '2025-10-28 01:00:00'),
(1817, '2025-10-28', 0, 98, '2025-10-28 00:00:00', '2025-10-28 01:00:00'),
(1818, '2025-10-28', 0, 99, '2025-10-28 00:00:00', '2025-10-28 01:00:00'),
(1819, '2025-10-28', 0, 100, '2025-10-28 00:00:00', '2025-10-28 01:00:00'),
(1820, '2025-10-28', 0, 101, '2025-10-28 00:00:00', '2025-10-28 01:00:00'),
(1821, '2025-10-28', 0, 102, '2025-10-28 00:00:00', '2025-10-28 01:00:00'),
(1822, '2025-10-28', 0, 103, '2025-10-28 00:00:00', '2025-10-28 01:00:00'),
(1823, '2025-10-28', 0, 104, '2025-10-28 00:00:00', '2025-10-28 01:00:00'),
(1824, '2025-10-28', 0, 105, '2025-10-28 00:00:00', '2025-10-28 01:00:00'),
(1825, '2025-10-28', 0, 106, '2025-10-28 00:00:00', '2025-10-28 01:00:00'),
(1826, '2025-10-28', 0, 107, '2025-10-28 00:00:00', '2025-10-28 01:00:00'),
(1827, '2025-10-28', 0, 108, '2025-10-28 00:00:00', '2025-10-28 01:00:00'),
(1828, '2025-10-28', 0, 109, '2025-10-28 00:00:00', '2025-10-28 01:00:00'),
(1829, '2025-10-28', 0, 110, '2025-10-28 00:00:00', '2025-10-28 01:00:00'),
(1830, '2025-10-28', 0, 111, '2025-10-28 00:00:00', '2025-10-28 01:00:00'),
(1831, '2025-10-28', 0, 112, '2025-10-28 00:00:00', '2025-10-28 01:00:00'),
(1832, '2025-10-28', 0, 113, '2025-10-28 00:00:00', '2025-10-28 01:00:00'),
(1833, '2025-10-28', 0, 114, '2025-10-28 00:00:00', '2025-10-28 01:00:00'),
(1834, '2025-10-28', 0, 115, '2025-10-28 00:00:00', '2025-10-28 01:00:00'),
(1835, '2025-10-28', 0, 116, '2025-10-28 00:00:00', '2025-10-28 01:00:00'),
(1836, '2025-10-28', 0, 117, '2025-10-28 00:00:00', '2025-10-28 01:00:00'),
(1837, '2025-10-28', 0, 118, '2025-10-28 00:00:00', '2025-10-28 01:00:00'),
(1838, '2025-10-28', 0, 119, '2025-10-28 00:00:00', '2025-10-28 01:00:00'),
(1839, '2025-10-28', 0, 120, '2025-10-28 00:00:00', '2025-10-28 01:00:00'),
(1840, '2025-10-28', 0, 121, '2025-10-28 00:00:00', '2025-10-28 01:00:00'),
(1841, '2025-10-28', 0, 122, '2025-10-28 00:00:00', '2025-10-28 01:00:00'),
(1842, '2025-10-28', 0, 123, '2025-10-28 00:00:00', '2025-10-28 01:00:00'),
(1843, '2025-10-28', 0, 124, '2025-10-28 00:00:00', '2025-10-28 01:00:00'),
(1844, '2025-10-28', 0, 125, '2025-10-28 00:00:00', '2025-10-28 01:00:00'),
(1845, '2025-10-28', 0, 126, '2025-10-28 00:00:00', '2025-10-28 01:00:00'),
(1846, '2025-10-28', 0, 127, '2025-10-28 00:00:00', '2025-10-28 01:00:00'),
(1847, '2025-10-28', 0, 128, '2025-10-28 00:00:00', '2025-10-28 01:00:00'),
(1848, '2025-10-28', 0, 129, '2025-10-28 00:00:00', '2025-10-28 01:00:00'),
(1849, '2025-10-28', 0, 130, '2025-10-28 00:00:00', '2025-10-28 01:00:00'),
(1850, '2025-10-28', 0, 131, '2025-10-28 00:00:00', '2025-10-28 01:00:00'),
(1851, '2025-10-28', 0, 132, '2025-10-28 00:00:00', '2025-10-28 01:00:00'),
(1852, '2025-10-28', 0, 133, '2025-10-28 00:00:00', '2025-10-28 01:00:00'),
(1853, '2025-10-28', 0, 134, '2025-10-28 00:00:00', '2025-10-28 01:00:00'),
(1854, '2025-10-28', 0, 135, '2025-10-28 00:00:00', '2025-10-28 01:00:00'),
(1855, '2025-10-28', 0, 136, '2025-10-28 00:00:00', '2025-10-28 01:00:00'),
(1856, '2025-10-28', 0, 137, '2025-10-28 00:00:00', '2025-10-28 01:00:00'),
(1857, '2025-10-28', 0, 138, '2025-10-28 00:00:00', '2025-10-28 01:00:00'),
(1858, '2025-10-28', 0, 139, '2025-10-28 00:00:00', '2025-10-28 01:00:00'),
(1859, '2025-10-28', 0, 140, '2025-10-28 00:00:00', '2025-10-28 01:00:00'),
(1860, '2025-10-28', 0, 141, '2025-10-28 00:00:00', '2025-10-28 01:00:00'),
(1861, '2025-10-28', 0, 142, '2025-10-28 00:00:00', '2025-10-28 01:00:00'),
(1862, '2025-10-28', 0, 143, '2025-10-28 00:00:00', '2025-10-28 01:00:00'),
(1863, '2025-10-28', 0, 144, '2025-10-28 00:00:00', '2025-10-28 01:00:00'),
(1864, '2025-10-28', 0, 145, '2025-10-28 00:00:00', '2025-10-28 01:00:00'),
(1865, '2025-10-28', 0, 146, '2025-10-28 00:00:00', '2025-10-28 01:00:00'),
(1866, '2025-10-28', 0, 147, '2025-10-28 00:00:00', '2025-10-28 01:00:00'),
(1867, '2025-10-28', 0, 148, '2025-10-28 00:00:00', '2025-10-28 01:00:00'),
(1868, '2025-10-28', 0, 149, '2025-10-28 00:00:00', '2025-10-28 01:00:00'),
(1869, '2025-10-28', 0, 150, '2025-10-28 00:00:00', '2025-10-28 01:00:00'),
(1870, '2025-10-28', 0, 151, '2025-10-28 00:00:00', '2025-10-28 01:00:00'),
(1871, '2025-10-28', 0, 152, '2025-10-28 00:00:00', '2025-10-28 01:00:00'),
(1872, '2025-10-28', 0, 153, '2025-10-28 00:00:00', '2025-10-28 01:00:00'),
(1873, '2025-10-28', 0, 154, '2025-10-28 00:00:00', '2025-10-28 01:00:00'),
(1874, '2025-10-28', 0, 155, '2025-10-28 00:00:00', '2025-10-28 01:00:00'),
(1875, '2025-10-28', 0, 156, '2025-10-28 00:00:00', '2025-10-28 01:00:00'),
(1876, '2025-10-28', 0, 157, '2025-10-28 00:00:00', '2025-10-28 01:00:00'),
(1877, '2025-10-28', 0, 158, '2025-10-28 00:00:00', '2025-10-28 01:00:00'),
(1878, '2025-10-28', 0, 159, '2025-10-28 00:00:00', '2025-10-28 01:00:00'),
(1879, '2025-10-28', 0, 160, '2025-10-28 00:00:00', '2025-10-28 01:00:00'),
(1880, '2025-10-28', 0, 161, '2025-10-28 00:00:00', '2025-10-28 01:00:00'),
(1881, '2025-10-28', 0, 162, '2025-10-28 00:00:00', '2025-10-28 01:00:00'),
(1882, '2025-10-28', 0, 163, '2025-10-28 00:00:00', '2025-10-28 01:00:00'),
(1883, '2025-10-28', 0, 164, '2025-10-28 00:00:00', '2025-10-28 01:00:00'),
(1884, '2025-10-28', 0, 165, '2025-10-28 00:00:00', '2025-10-28 01:00:00'),
(1885, '2025-10-28', 0, 166, '2025-10-28 00:00:00', '2025-10-28 01:00:00'),
(1886, '2025-10-28', 0, 167, '2025-10-28 00:00:00', '2025-10-28 01:00:00'),
(1887, '2025-10-28', 0, 168, '2025-10-28 00:00:00', '2025-10-28 01:00:00'),
(1888, '2025-10-28', 0, 169, '2025-10-28 00:00:00', '2025-10-28 01:00:00'),
(1889, '2025-10-28', 0, 170, '2025-10-28 00:00:00', '2025-10-28 01:00:00'),
(1890, '2025-10-28', 0, 171, '2025-10-28 00:00:00', '2025-10-28 01:00:00'),
(1891, '2025-10-28', 0, 172, '2025-10-28 00:00:00', '2025-10-28 01:00:00'),
(1892, '2025-10-28', 0, 173, '2025-10-28 00:00:00', '2025-10-28 01:00:00'),
(1893, '2025-10-28', 0, 174, '2025-10-28 00:00:00', '2025-10-28 01:00:00'),
(1894, '2025-10-28', 0, 175, '2025-10-28 00:00:00', '2025-10-28 01:00:00'),
(1895, '2025-10-28', 0, 176, '2025-10-28 00:00:00', '2025-10-28 01:00:00'),
(1896, '2025-10-28', 0, 177, '2025-10-28 00:00:00', '2025-10-28 01:00:00'),
(1897, '2025-10-28', 0, 178, '2025-10-28 00:00:00', '2025-10-28 01:00:00'),
(1898, '2025-10-28', 0, 179, '2025-10-28 00:00:00', '2025-10-28 01:00:00'),
(1899, '2025-10-28', 0, 180, '2025-10-28 00:00:00', '2025-10-28 01:00:00'),
(1900, '2025-10-28', 0, 181, '2025-10-28 00:00:00', '2025-10-28 01:00:00'),
(1901, '2025-09-18', 0, 82, '2025-09-18 00:00:00', '2025-09-18 01:00:00'),
(1902, '2025-09-18', 0, 83, '2025-09-18 00:00:00', '2025-09-18 01:00:00'),
(1903, '2025-09-18', 0, 84, '2025-09-18 00:00:00', '2025-09-18 01:00:00'),
(1904, '2025-09-18', 0, 85, '2025-09-18 00:00:00', '2025-09-18 01:00:00'),
(1905, '2025-09-18', 0, 86, '2025-09-18 00:00:00', '2025-09-18 01:00:00'),
(1906, '2025-09-18', 0, 87, '2025-09-18 00:00:00', '2025-09-18 01:00:00'),
(1907, '2025-09-18', 0, 88, '2025-09-18 00:00:00', '2025-09-18 01:00:00'),
(1908, '2025-09-18', 0, 89, '2025-09-18 00:00:00', '2025-09-18 01:00:00'),
(1909, '2025-09-18', 0, 90, '2025-09-18 00:00:00', '2025-09-18 01:00:00'),
(1910, '2025-09-18', 0, 91, '2025-09-18 00:00:00', '2025-09-18 01:00:00'),
(1911, '2025-09-18', 0, 92, '2025-09-18 00:00:00', '2025-09-18 01:00:00'),
(1912, '2025-09-18', 0, 93, '2025-09-18 00:00:00', '2025-09-18 01:00:00'),
(1913, '2025-09-18', 0, 94, '2025-09-18 00:00:00', '2025-09-18 01:00:00'),
(1914, '2025-09-18', 0, 95, '2025-09-18 00:00:00', '2025-09-18 01:00:00'),
(1915, '2025-09-18', 0, 96, '2025-09-18 00:00:00', '2025-09-18 01:00:00'),
(1916, '2025-09-18', 0, 97, '2025-09-18 00:00:00', '2025-09-18 01:00:00'),
(1917, '2025-09-18', 0, 98, '2025-09-18 00:00:00', '2025-09-18 01:00:00'),
(1918, '2025-09-18', 0, 99, '2025-09-18 00:00:00', '2025-09-18 01:00:00'),
(1919, '2025-09-18', 0, 100, '2025-09-18 00:00:00', '2025-09-18 01:00:00'),
(1920, '2025-09-18', 0, 101, '2025-09-18 00:00:00', '2025-09-18 01:00:00'),
(1921, '2025-09-18', 0, 102, '2025-09-18 00:00:00', '2025-09-18 01:00:00'),
(1922, '2025-09-18', 0, 103, '2025-09-18 00:00:00', '2025-09-18 01:00:00'),
(1923, '2025-09-18', 0, 104, '2025-09-18 00:00:00', '2025-09-18 01:00:00'),
(1924, '2025-09-18', 0, 105, '2025-09-18 00:00:00', '2025-09-18 01:00:00'),
(1925, '2025-09-18', 0, 106, '2025-09-18 00:00:00', '2025-09-18 01:00:00'),
(1926, '2025-09-18', 0, 107, '2025-09-18 00:00:00', '2025-09-18 01:00:00'),
(1927, '2025-09-18', 0, 108, '2025-09-18 00:00:00', '2025-09-18 01:00:00'),
(1928, '2025-09-18', 0, 109, '2025-09-18 00:00:00', '2025-09-18 01:00:00'),
(1929, '2025-09-18', 0, 110, '2025-09-18 00:00:00', '2025-09-18 01:00:00'),
(1930, '2025-09-18', 0, 111, '2025-09-18 00:00:00', '2025-09-18 01:00:00'),
(1931, '2025-09-18', 0, 112, '2025-09-18 00:00:00', '2025-09-18 01:00:00'),
(1932, '2025-09-18', 0, 113, '2025-09-18 00:00:00', '2025-09-18 01:00:00'),
(1933, '2025-09-18', 0, 114, '2025-09-18 00:00:00', '2025-09-18 01:00:00'),
(1934, '2025-09-18', 0, 115, '2025-09-18 00:00:00', '2025-09-18 01:00:00'),
(1935, '2025-09-18', 0, 116, '2025-09-18 00:00:00', '2025-09-18 01:00:00'),
(1936, '2025-09-18', 0, 117, '2025-09-18 00:00:00', '2025-09-18 01:00:00'),
(1937, '2025-09-18', 0, 118, '2025-09-18 00:00:00', '2025-09-18 01:00:00'),
(1938, '2025-09-18', 0, 119, '2025-09-18 00:00:00', '2025-09-18 01:00:00'),
(1939, '2025-09-18', 0, 120, '2025-09-18 00:00:00', '2025-09-18 01:00:00'),
(1940, '2025-09-18', 0, 121, '2025-09-18 00:00:00', '2025-09-18 01:00:00'),
(1941, '2025-09-18', 0, 122, '2025-09-18 00:00:00', '2025-09-18 01:00:00'),
(1942, '2025-09-18', 0, 123, '2025-09-18 00:00:00', '2025-09-18 01:00:00'),
(1943, '2025-09-18', 0, 124, '2025-09-18 00:00:00', '2025-09-18 01:00:00'),
(1944, '2025-09-18', 0, 125, '2025-09-18 00:00:00', '2025-09-18 01:00:00'),
(1945, '2025-09-18', 0, 126, '2025-09-18 00:00:00', '2025-09-18 01:00:00'),
(1946, '2025-09-18', 0, 127, '2025-09-18 00:00:00', '2025-09-18 01:00:00'),
(1947, '2025-09-18', 0, 128, '2025-09-18 00:00:00', '2025-09-18 01:00:00'),
(1948, '2025-09-18', 0, 129, '2025-09-18 00:00:00', '2025-09-18 01:00:00'),
(1949, '2025-09-18', 0, 130, '2025-09-18 00:00:00', '2025-09-18 01:00:00'),
(1950, '2025-09-18', 0, 131, '2025-09-18 00:00:00', '2025-09-18 01:00:00'),
(1951, '2025-09-18', 0, 132, '2025-09-18 00:00:00', '2025-09-18 01:00:00'),
(1952, '2025-09-18', 0, 133, '2025-09-18 00:00:00', '2025-09-18 01:00:00'),
(1953, '2025-09-18', 0, 134, '2025-09-18 00:00:00', '2025-09-18 01:00:00'),
(1954, '2025-09-18', 0, 135, '2025-09-18 00:00:00', '2025-09-18 01:00:00'),
(1955, '2025-09-18', 0, 136, '2025-09-18 00:00:00', '2025-09-18 01:00:00'),
(1956, '2025-09-18', 0, 137, '2025-09-18 00:00:00', '2025-09-18 01:00:00'),
(1957, '2025-09-18', 0, 138, '2025-09-18 00:00:00', '2025-09-18 01:00:00'),
(1958, '2025-09-18', 0, 139, '2025-09-18 00:00:00', '2025-09-18 01:00:00'),
(1959, '2025-09-18', 0, 140, '2025-09-18 00:00:00', '2025-09-18 01:00:00'),
(1960, '2025-09-18', 0, 141, '2025-09-18 00:00:00', '2025-09-18 01:00:00'),
(1961, '2025-09-18', 0, 142, '2025-09-18 00:00:00', '2025-09-18 01:00:00'),
(1962, '2025-09-18', 0, 143, '2025-09-18 00:00:00', '2025-09-18 01:00:00'),
(1963, '2025-09-18', 0, 144, '2025-09-18 00:00:00', '2025-09-18 01:00:00'),
(1964, '2025-09-18', 0, 145, '2025-09-18 00:00:00', '2025-09-18 01:00:00'),
(1965, '2025-09-18', 0, 146, '2025-09-18 00:00:00', '2025-09-18 01:00:00'),
(1966, '2025-09-18', 0, 147, '2025-09-18 00:00:00', '2025-09-18 01:00:00'),
(1967, '2025-09-18', 0, 148, '2025-09-18 00:00:00', '2025-09-18 01:00:00'),
(1968, '2025-09-18', 0, 149, '2025-09-18 00:00:00', '2025-09-18 01:00:00'),
(1969, '2025-09-18', 0, 150, '2025-09-18 00:00:00', '2025-09-18 01:00:00'),
(1970, '2025-09-18', 0, 151, '2025-09-18 00:00:00', '2025-09-18 01:00:00'),
(1971, '2025-09-18', 0, 152, '2025-09-18 00:00:00', '2025-09-18 01:00:00'),
(1972, '2025-09-18', 0, 153, '2025-09-18 00:00:00', '2025-09-18 01:00:00'),
(1973, '2025-09-18', 0, 154, '2025-09-18 00:00:00', '2025-09-18 01:00:00'),
(1974, '2025-09-18', 0, 155, '2025-09-18 00:00:00', '2025-09-18 01:00:00'),
(1975, '2025-09-18', 0, 156, '2025-09-18 00:00:00', '2025-09-18 01:00:00'),
(1976, '2025-09-18', 0, 157, '2025-09-18 00:00:00', '2025-09-18 01:00:00'),
(1977, '2025-09-18', 0, 158, '2025-09-18 00:00:00', '2025-09-18 01:00:00'),
(1978, '2025-09-18', 0, 159, '2025-09-18 00:00:00', '2025-09-18 01:00:00'),
(1979, '2025-09-18', 0, 160, '2025-09-18 00:00:00', '2025-09-18 01:00:00'),
(1980, '2025-09-18', 0, 161, '2025-09-18 00:00:00', '2025-09-18 01:00:00'),
(1981, '2025-09-18', 0, 162, '2025-09-18 00:00:00', '2025-09-18 01:00:00'),
(1982, '2025-09-18', 0, 163, '2025-09-18 00:00:00', '2025-09-18 01:00:00'),
(1983, '2025-09-18', 0, 164, '2025-09-18 00:00:00', '2025-09-18 01:00:00'),
(1984, '2025-09-18', 0, 165, '2025-09-18 00:00:00', '2025-09-18 01:00:00'),
(1985, '2025-09-18', 0, 166, '2025-09-18 00:00:00', '2025-09-18 01:00:00'),
(1986, '2025-09-18', 0, 167, '2025-09-18 00:00:00', '2025-09-18 01:00:00'),
(1987, '2025-09-18', 0, 168, '2025-09-18 00:00:00', '2025-09-18 01:00:00'),
(1988, '2025-09-18', 0, 169, '2025-09-18 00:00:00', '2025-09-18 01:00:00'),
(1989, '2025-09-18', 0, 170, '2025-09-18 00:00:00', '2025-09-18 01:00:00'),
(1990, '2025-09-18', 0, 171, '2025-09-18 00:00:00', '2025-09-18 01:00:00'),
(1991, '2025-09-18', 0, 172, '2025-09-18 00:00:00', '2025-09-18 01:00:00'),
(1992, '2025-09-18', 0, 173, '2025-09-18 00:00:00', '2025-09-18 01:00:00'),
(1993, '2025-09-18', 0, 174, '2025-09-18 00:00:00', '2025-09-18 01:00:00'),
(1994, '2025-09-18', 0, 175, '2025-09-18 00:00:00', '2025-09-18 01:00:00'),
(1995, '2025-09-18', 0, 176, '2025-09-18 00:00:00', '2025-09-18 01:00:00'),
(1996, '2025-09-18', 0, 177, '2025-09-18 00:00:00', '2025-09-18 01:00:00'),
(1997, '2025-09-18', 0, 178, '2025-09-18 00:00:00', '2025-09-18 01:00:00'),
(1998, '2025-09-18', 0, 179, '2025-09-18 00:00:00', '2025-09-18 01:00:00'),
(1999, '2025-09-18', 0, 180, '2025-09-18 00:00:00', '2025-09-18 01:00:00'),
(2000, '2025-09-18', 0, 181, '2025-09-18 00:00:00', '2025-09-18 01:00:00'),
(2001, '2025-11-25', 1, 82, '2025-11-25 12:00:00', '2025-11-25 13:00:00'),
(2002, '2025-11-25', 1, 83, '2025-11-25 12:00:00', '2025-11-25 13:00:00'),
(2003, '2025-11-25', 1, 84, '2025-11-25 12:00:00', '2025-11-25 13:00:00'),
(2004, '2025-11-25', 1, 85, '2025-11-25 12:00:00', '2025-11-25 13:00:00'),
(2005, '2025-11-25', 1, 86, '2025-11-25 12:00:00', '2025-11-25 13:00:00'),
(2006, '2025-11-25', 1, 87, '2025-11-25 12:00:00', '2025-11-25 13:00:00'),
(2007, '2025-11-25', 1, 88, '2025-11-25 12:00:00', '2025-11-25 13:00:00'),
(2008, '2025-11-25', 1, 89, '2025-11-25 12:00:00', '2025-11-25 13:00:00'),
(2009, '2025-11-25', 1, 90, '2025-11-25 12:00:00', '2025-11-25 13:00:00'),
(2010, '2025-11-25', 1, 91, '2025-11-25 12:00:00', '2025-11-25 13:00:00'),
(2011, '2025-11-25', 1, 92, '2025-11-25 12:00:00', '2025-11-25 13:00:00'),
(2012, '2025-11-25', 1, 93, '2025-11-25 12:00:00', '2025-11-25 13:00:00'),
(2013, '2025-11-25', 1, 94, '2025-11-25 12:00:00', '2025-11-25 13:00:00'),
(2014, '2025-11-25', 1, 95, '2025-11-25 12:00:00', '2025-11-25 13:00:00'),
(2015, '2025-11-25', 1, 96, '2025-11-25 12:00:00', '2025-11-25 13:00:00'),
(2016, '2025-11-25', 1, 97, '2025-11-25 12:00:00', '2025-11-25 13:00:00'),
(2017, '2025-11-25', 1, 98, '2025-11-25 12:00:00', '2025-11-25 13:00:00'),
(2018, '2025-11-25', 1, 99, '2025-11-25 12:00:00', '2025-11-25 13:00:00'),
(2019, '2025-11-25', 1, 100, '2025-11-25 12:00:00', '2025-11-25 13:00:00'),
(2020, '2025-11-25', 1, 101, '2025-11-25 12:00:00', '2025-11-25 13:00:00'),
(2021, '2025-11-25', 1, 102, '2025-11-25 12:00:00', '2025-11-25 13:00:00'),
(2022, '2025-11-25', 1, 103, '2025-11-25 12:00:00', '2025-11-25 13:00:00'),
(2023, '2025-11-25', 1, 104, '2025-11-25 12:00:00', '2025-11-25 13:00:00'),
(2024, '2025-11-25', 1, 105, '2025-11-25 12:00:00', '2025-11-25 13:00:00'),
(2025, '2025-11-25', 1, 106, '2025-11-25 12:00:00', '2025-11-25 13:00:00'),
(2026, '2025-11-25', 1, 107, '2025-11-25 12:00:00', '2025-11-25 13:00:00'),
(2027, '2025-11-25', 1, 108, '2025-11-25 12:00:00', '2025-11-25 13:00:00'),
(2028, '2025-11-25', 1, 109, '2025-11-25 12:00:00', '2025-11-25 13:00:00'),
(2029, '2025-11-25', 1, 110, '2025-11-25 12:00:00', '2025-11-25 13:00:00'),
(2030, '2025-11-25', 1, 111, '2025-11-25 12:00:00', '2025-11-25 13:00:00'),
(2031, '2025-11-25', 1, 112, '2025-11-25 12:00:00', '2025-11-25 13:00:00'),
(2032, '2025-11-25', 1, 113, '2025-11-25 12:00:00', '2025-11-25 13:00:00'),
(2033, '2025-11-25', 1, 114, '2025-11-25 12:00:00', '2025-11-25 13:00:00'),
(2034, '2025-11-25', 1, 115, '2025-11-25 12:00:00', '2025-11-25 13:00:00'),
(2035, '2025-11-25', 1, 116, '2025-11-25 12:00:00', '2025-11-25 13:00:00'),
(2036, '2025-11-25', 1, 117, '2025-11-25 12:00:00', '2025-11-25 13:00:00'),
(2037, '2025-11-25', 1, 118, '2025-11-25 12:00:00', '2025-11-25 13:00:00'),
(2038, '2025-11-25', 1, 119, '2025-11-25 12:00:00', '2025-11-25 13:00:00'),
(2039, '2025-11-25', 1, 120, '2025-11-25 12:00:00', '2025-11-25 13:00:00'),
(2040, '2025-11-25', 1, 121, '2025-11-25 12:00:00', '2025-11-25 13:00:00'),
(2041, '2025-11-25', 1, 122, '2025-11-25 12:00:00', '2025-11-25 13:00:00');
INSERT INTO `workers_breaks` (`break_id`, `date`, `isDay`, `worker_id`, `started_at`, `ended_at`) VALUES
(2042, '2025-11-25', 1, 123, '2025-11-25 12:00:00', '2025-11-25 13:00:00'),
(2043, '2025-11-25', 1, 124, '2025-11-25 12:00:00', '2025-11-25 13:00:00'),
(2044, '2025-11-25', 1, 125, '2025-11-25 12:00:00', '2025-11-25 13:00:00'),
(2045, '2025-11-25', 1, 126, '2025-11-25 12:00:00', '2025-11-25 13:00:00'),
(2046, '2025-11-25', 1, 127, '2025-11-25 12:00:00', '2025-11-25 13:00:00'),
(2047, '2025-11-25', 1, 128, '2025-11-25 12:00:00', '2025-11-25 13:00:00'),
(2048, '2025-11-25', 1, 129, '2025-11-25 12:00:00', '2025-11-25 13:00:00'),
(2049, '2025-11-25', 1, 130, '2025-11-25 12:00:00', '2025-11-25 13:00:00'),
(2050, '2025-11-25', 1, 131, '2025-11-25 12:00:00', '2025-11-25 13:00:00'),
(2051, '2025-11-25', 1, 132, '2025-11-25 12:00:00', '2025-11-25 13:00:00'),
(2052, '2025-11-25', 1, 133, '2025-11-25 12:00:00', '2025-11-25 13:00:00'),
(2053, '2025-11-25', 1, 134, '2025-11-25 12:00:00', '2025-11-25 13:00:00'),
(2054, '2025-11-25', 1, 135, '2025-11-25 12:00:00', '2025-11-25 13:00:00'),
(2055, '2025-11-25', 1, 136, '2025-11-25 12:00:00', '2025-11-25 13:00:00'),
(2056, '2025-11-25', 1, 137, '2025-11-25 12:00:00', '2025-11-25 13:00:00'),
(2057, '2025-11-25', 1, 138, '2025-11-25 12:00:00', '2025-11-25 13:00:00'),
(2058, '2025-11-25', 1, 139, '2025-11-25 12:00:00', '2025-11-25 13:00:00'),
(2059, '2025-11-25', 1, 140, '2025-11-25 12:00:00', '2025-11-25 13:00:00'),
(2060, '2025-11-25', 1, 141, '2025-11-25 12:00:00', '2025-11-25 13:00:00'),
(2061, '2025-11-25', 1, 142, '2025-11-25 12:00:00', '2025-11-25 13:00:00'),
(2062, '2025-11-25', 1, 143, '2025-11-25 12:00:00', '2025-11-25 13:00:00'),
(2063, '2025-11-25', 1, 144, '2025-11-25 12:00:00', '2025-11-25 13:00:00'),
(2064, '2025-11-25', 1, 145, '2025-11-25 12:00:00', '2025-11-25 13:00:00'),
(2065, '2025-11-25', 1, 146, '2025-11-25 12:00:00', '2025-11-25 13:00:00'),
(2066, '2025-11-25', 1, 147, '2025-11-25 12:00:00', '2025-11-25 13:00:00'),
(2067, '2025-11-25', 1, 148, '2025-11-25 12:00:00', '2025-11-25 13:00:00'),
(2068, '2025-11-25', 1, 149, '2025-11-25 12:00:00', '2025-11-25 13:00:00'),
(2069, '2025-11-25', 1, 150, '2025-11-25 12:00:00', '2025-11-25 13:00:00'),
(2070, '2025-11-25', 1, 151, '2025-11-25 12:00:00', '2025-11-25 13:00:00'),
(2071, '2025-11-25', 1, 152, '2025-11-25 12:00:00', '2025-11-25 13:00:00'),
(2072, '2025-11-25', 1, 153, '2025-11-25 12:00:00', '2025-11-25 13:00:00'),
(2073, '2025-11-25', 1, 154, '2025-11-25 12:00:00', '2025-11-25 13:00:00'),
(2074, '2025-11-25', 1, 155, '2025-11-25 12:00:00', '2025-11-25 13:00:00'),
(2075, '2025-11-25', 1, 156, '2025-11-25 12:00:00', '2025-11-25 13:00:00'),
(2076, '2025-11-25', 1, 157, '2025-11-25 12:00:00', '2025-11-25 13:00:00'),
(2077, '2025-11-25', 1, 158, '2025-11-25 12:00:00', '2025-11-25 13:00:00'),
(2078, '2025-11-25', 1, 159, '2025-11-25 12:00:00', '2025-11-25 13:00:00'),
(2079, '2025-11-25', 1, 160, '2025-11-25 12:00:00', '2025-11-25 13:00:00'),
(2080, '2025-11-25', 1, 161, '2025-11-25 12:00:00', '2025-11-25 13:00:00'),
(2081, '2025-11-25', 1, 162, '2025-11-25 12:00:00', '2025-11-25 13:00:00'),
(2082, '2025-11-25', 1, 163, '2025-11-25 12:00:00', '2025-11-25 13:00:00'),
(2083, '2025-11-25', 1, 164, '2025-11-25 12:00:00', '2025-11-25 13:00:00'),
(2084, '2025-11-25', 1, 165, '2025-11-25 12:00:00', '2025-11-25 13:00:00'),
(2085, '2025-11-25', 1, 166, '2025-11-25 12:00:00', '2025-11-25 13:00:00'),
(2086, '2025-11-25', 1, 167, '2025-11-25 12:00:00', '2025-11-25 13:00:00'),
(2087, '2025-11-25', 1, 168, '2025-11-25 12:00:00', '2025-11-25 13:00:00'),
(2088, '2025-11-25', 1, 169, '2025-11-25 12:00:00', '2025-11-25 13:00:00'),
(2089, '2025-11-25', 1, 170, '2025-11-25 12:00:00', '2025-11-25 13:00:00'),
(2090, '2025-11-25', 1, 171, '2025-11-25 12:00:00', '2025-11-25 13:00:00'),
(2091, '2025-11-25', 1, 172, '2025-11-25 12:00:00', '2025-11-25 13:00:00'),
(2092, '2025-11-25', 1, 173, '2025-11-25 12:00:00', '2025-11-25 13:00:00'),
(2093, '2025-11-25', 1, 174, '2025-11-25 12:00:00', '2025-11-25 13:00:00'),
(2094, '2025-11-25', 1, 175, '2025-11-25 12:00:00', '2025-11-25 13:00:00'),
(2095, '2025-11-25', 1, 176, '2025-11-25 12:00:00', '2025-11-25 13:00:00'),
(2096, '2025-11-25', 1, 177, '2025-11-25 12:00:00', '2025-11-25 13:00:00'),
(2097, '2025-11-25', 1, 178, '2025-11-25 12:00:00', '2025-11-25 13:00:00'),
(2098, '2025-11-25', 1, 179, '2025-11-25 12:00:00', '2025-11-25 13:00:00'),
(2099, '2025-11-25', 1, 180, '2025-11-25 12:00:00', '2025-11-25 13:00:00'),
(2100, '2025-11-25', 1, 181, '2025-11-25 12:00:00', '2025-11-25 13:00:00'),
(2101, '2025-11-25', 0, 82, '2025-11-25 00:00:00', '2025-11-25 01:00:00'),
(2102, '2025-11-25', 0, 83, '2025-11-25 00:00:00', '2025-11-25 01:00:00'),
(2103, '2025-11-25', 0, 84, '2025-11-25 00:00:00', '2025-11-25 01:00:00'),
(2104, '2025-11-25', 0, 85, '2025-11-25 00:00:00', '2025-11-25 01:00:00'),
(2105, '2025-11-25', 0, 86, '2025-11-25 00:00:00', '2025-11-25 01:00:00'),
(2106, '2025-11-25', 0, 87, '2025-11-25 00:00:00', '2025-11-25 01:00:00'),
(2107, '2025-11-25', 0, 88, '2025-11-25 00:00:00', '2025-11-25 01:00:00'),
(2108, '2025-11-25', 0, 89, '2025-11-25 00:00:00', '2025-11-25 01:00:00'),
(2109, '2025-11-25', 0, 90, '2025-11-25 00:00:00', '2025-11-25 01:00:00'),
(2110, '2025-11-25', 0, 91, '2025-11-25 00:00:00', '2025-11-25 01:00:00'),
(2111, '2025-11-25', 0, 92, '2025-11-25 00:00:00', '2025-11-25 01:00:00'),
(2112, '2025-11-25', 0, 93, '2025-11-25 00:00:00', '2025-11-25 01:00:00'),
(2113, '2025-11-25', 0, 94, '2025-11-25 00:00:00', '2025-11-25 01:00:00'),
(2114, '2025-11-25', 0, 95, '2025-11-25 00:00:00', '2025-11-25 01:00:00'),
(2115, '2025-11-25', 0, 96, '2025-11-25 00:00:00', '2025-11-25 01:00:00'),
(2116, '2025-11-25', 0, 97, '2025-11-25 00:00:00', '2025-11-25 01:00:00'),
(2117, '2025-11-25', 0, 98, '2025-11-25 00:00:00', '2025-11-25 01:00:00'),
(2118, '2025-11-25', 0, 99, '2025-11-25 00:00:00', '2025-11-25 01:00:00'),
(2119, '2025-11-25', 0, 100, '2025-11-25 00:00:00', '2025-11-25 01:00:00'),
(2120, '2025-11-25', 0, 101, '2025-11-25 00:00:00', '2025-11-25 01:00:00'),
(2121, '2025-11-25', 0, 102, '2025-11-25 00:00:00', '2025-11-25 01:00:00'),
(2122, '2025-11-25', 0, 103, '2025-11-25 00:00:00', '2025-11-25 01:00:00'),
(2123, '2025-11-25', 0, 104, '2025-11-25 00:00:00', '2025-11-25 01:00:00'),
(2124, '2025-11-25', 0, 105, '2025-11-25 00:00:00', '2025-11-25 01:00:00'),
(2125, '2025-11-25', 0, 106, '2025-11-25 00:00:00', '2025-11-25 01:00:00'),
(2126, '2025-11-25', 0, 107, '2025-11-25 00:00:00', '2025-11-25 01:00:00'),
(2127, '2025-11-25', 0, 108, '2025-11-25 00:00:00', '2025-11-25 01:00:00'),
(2128, '2025-11-25', 0, 109, '2025-11-25 00:00:00', '2025-11-25 01:00:00'),
(2129, '2025-11-25', 0, 110, '2025-11-25 00:00:00', '2025-11-25 01:00:00'),
(2130, '2025-11-25', 0, 111, '2025-11-25 00:00:00', '2025-11-25 01:00:00'),
(2131, '2025-11-25', 0, 112, '2025-11-25 00:00:00', '2025-11-25 01:00:00'),
(2132, '2025-11-25', 0, 113, '2025-11-25 00:00:00', '2025-11-25 01:00:00'),
(2133, '2025-11-25', 0, 114, '2025-11-25 00:00:00', '2025-11-25 01:00:00'),
(2134, '2025-11-25', 0, 115, '2025-11-25 00:00:00', '2025-11-25 01:00:00'),
(2135, '2025-11-25', 0, 116, '2025-11-25 00:00:00', '2025-11-25 01:00:00'),
(2136, '2025-11-25', 0, 117, '2025-11-25 00:00:00', '2025-11-25 01:00:00'),
(2137, '2025-11-25', 0, 118, '2025-11-25 00:00:00', '2025-11-25 01:00:00'),
(2138, '2025-11-25', 0, 119, '2025-11-25 00:00:00', '2025-11-25 01:00:00'),
(2139, '2025-11-25', 0, 120, '2025-11-25 00:00:00', '2025-11-25 01:00:00'),
(2140, '2025-11-25', 0, 121, '2025-11-25 00:00:00', '2025-11-25 01:00:00'),
(2141, '2025-11-25', 0, 122, '2025-11-25 00:00:00', '2025-11-25 01:00:00'),
(2142, '2025-11-25', 0, 123, '2025-11-25 00:00:00', '2025-11-25 01:00:00'),
(2143, '2025-11-25', 0, 124, '2025-11-25 00:00:00', '2025-11-25 01:00:00'),
(2144, '2025-11-25', 0, 125, '2025-11-25 00:00:00', '2025-11-25 01:00:00'),
(2145, '2025-11-25', 0, 126, '2025-11-25 00:00:00', '2025-11-25 01:00:00'),
(2146, '2025-11-25', 0, 127, '2025-11-25 00:00:00', '2025-11-25 01:00:00'),
(2147, '2025-11-25', 0, 128, '2025-11-25 00:00:00', '2025-11-25 01:00:00'),
(2148, '2025-11-25', 0, 129, '2025-11-25 00:00:00', '2025-11-25 01:00:00'),
(2149, '2025-11-25', 0, 130, '2025-11-25 00:00:00', '2025-11-25 01:00:00'),
(2150, '2025-11-25', 0, 131, '2025-11-25 00:00:00', '2025-11-25 01:00:00'),
(2151, '2025-11-25', 0, 132, '2025-11-25 00:00:00', '2025-11-25 01:00:00'),
(2152, '2025-11-25', 0, 133, '2025-11-25 00:00:00', '2025-11-25 01:00:00'),
(2153, '2025-11-25', 0, 134, '2025-11-25 00:00:00', '2025-11-25 01:00:00'),
(2154, '2025-11-25', 0, 135, '2025-11-25 00:00:00', '2025-11-25 01:00:00'),
(2155, '2025-11-25', 0, 136, '2025-11-25 00:00:00', '2025-11-25 01:00:00'),
(2156, '2025-11-25', 0, 137, '2025-11-25 00:00:00', '2025-11-25 01:00:00'),
(2157, '2025-11-25', 0, 138, '2025-11-25 00:00:00', '2025-11-25 01:00:00'),
(2158, '2025-11-25', 0, 139, '2025-11-25 00:00:00', '2025-11-25 01:00:00'),
(2159, '2025-11-25', 0, 140, '2025-11-25 00:00:00', '2025-11-25 01:00:00'),
(2160, '2025-11-25', 0, 141, '2025-11-25 00:00:00', '2025-11-25 01:00:00'),
(2161, '2025-11-25', 0, 142, '2025-11-25 00:00:00', '2025-11-25 01:00:00'),
(2162, '2025-11-25', 0, 143, '2025-11-25 00:00:00', '2025-11-25 01:00:00'),
(2163, '2025-11-25', 0, 144, '2025-11-25 00:00:00', '2025-11-25 01:00:00'),
(2164, '2025-11-25', 0, 145, '2025-11-25 00:00:00', '2025-11-25 01:00:00'),
(2165, '2025-11-25', 0, 146, '2025-11-25 00:00:00', '2025-11-25 01:00:00'),
(2166, '2025-11-25', 0, 147, '2025-11-25 00:00:00', '2025-11-25 01:00:00'),
(2167, '2025-11-25', 0, 148, '2025-11-25 00:00:00', '2025-11-25 01:00:00'),
(2168, '2025-11-25', 0, 149, '2025-11-25 00:00:00', '2025-11-25 01:00:00'),
(2169, '2025-11-25', 0, 150, '2025-11-25 00:00:00', '2025-11-25 01:00:00'),
(2170, '2025-11-25', 0, 151, '2025-11-25 00:00:00', '2025-11-25 01:00:00'),
(2171, '2025-11-25', 0, 152, '2025-11-25 00:00:00', '2025-11-25 01:00:00'),
(2172, '2025-11-25', 0, 153, '2025-11-25 00:00:00', '2025-11-25 01:00:00'),
(2173, '2025-11-25', 0, 154, '2025-11-25 00:00:00', '2025-11-25 01:00:00'),
(2174, '2025-11-25', 0, 155, '2025-11-25 00:00:00', '2025-11-25 01:00:00'),
(2175, '2025-11-25', 0, 156, '2025-11-25 00:00:00', '2025-11-25 01:00:00'),
(2176, '2025-11-25', 0, 157, '2025-11-25 00:00:00', '2025-11-25 01:00:00'),
(2177, '2025-11-25', 0, 158, '2025-11-25 00:00:00', '2025-11-25 01:00:00'),
(2178, '2025-11-25', 0, 159, '2025-11-25 00:00:00', '2025-11-25 01:00:00'),
(2179, '2025-11-25', 0, 160, '2025-11-25 00:00:00', '2025-11-25 01:00:00'),
(2180, '2025-11-25', 0, 161, '2025-11-25 00:00:00', '2025-11-25 01:00:00'),
(2181, '2025-11-25', 0, 162, '2025-11-25 00:00:00', '2025-11-25 01:00:00'),
(2182, '2025-11-25', 0, 163, '2025-11-25 00:00:00', '2025-11-25 01:00:00'),
(2183, '2025-11-25', 0, 164, '2025-11-25 00:00:00', '2025-11-25 01:00:00'),
(2184, '2025-11-25', 0, 165, '2025-11-25 00:00:00', '2025-11-25 01:00:00'),
(2185, '2025-11-25', 0, 166, '2025-11-25 00:00:00', '2025-11-25 01:00:00'),
(2186, '2025-11-25', 0, 167, '2025-11-25 00:00:00', '2025-11-25 01:00:00'),
(2187, '2025-11-25', 0, 168, '2025-11-25 00:00:00', '2025-11-25 01:00:00'),
(2188, '2025-11-25', 0, 169, '2025-11-25 00:00:00', '2025-11-25 01:00:00'),
(2189, '2025-11-25', 0, 170, '2025-11-25 00:00:00', '2025-11-25 01:00:00'),
(2190, '2025-11-25', 0, 171, '2025-11-25 00:00:00', '2025-11-25 01:00:00'),
(2191, '2025-11-25', 0, 172, '2025-11-25 00:00:00', '2025-11-25 01:00:00'),
(2192, '2025-11-25', 0, 173, '2025-11-25 00:00:00', '2025-11-25 01:00:00'),
(2193, '2025-11-25', 0, 174, '2025-11-25 00:00:00', '2025-11-25 01:00:00'),
(2194, '2025-11-25', 0, 175, '2025-11-25 00:00:00', '2025-11-25 01:00:00'),
(2195, '2025-11-25', 0, 176, '2025-11-25 00:00:00', '2025-11-25 01:00:00'),
(2196, '2025-11-25', 0, 177, '2025-11-25 00:00:00', '2025-11-25 01:00:00'),
(2197, '2025-11-25', 0, 178, '2025-11-25 00:00:00', '2025-11-25 01:00:00'),
(2198, '2025-11-25', 0, 179, '2025-11-25 00:00:00', '2025-11-25 01:00:00'),
(2199, '2025-11-25', 0, 180, '2025-11-25 00:00:00', '2025-11-25 01:00:00'),
(2200, '2025-11-25', 0, 181, '2025-11-25 00:00:00', '2025-11-25 01:00:00'),
(2201, '2025-12-01', 0, 82, '2025-12-01 00:00:00', '2025-12-01 01:00:00'),
(2202, '2025-12-01', 0, 83, '2025-12-01 00:00:00', '2025-12-01 01:00:00'),
(2203, '2025-12-01', 0, 84, '2025-12-01 00:00:00', '2025-12-01 01:00:00'),
(2204, '2025-12-01', 0, 85, '2025-12-01 00:00:00', '2025-12-01 01:00:00'),
(2205, '2025-12-01', 0, 86, '2025-12-01 00:00:00', '2025-12-01 01:00:00'),
(2206, '2025-12-01', 0, 87, '2025-12-01 00:00:00', '2025-12-01 01:00:00'),
(2207, '2025-12-01', 0, 88, '2025-12-01 00:00:00', '2025-12-01 01:00:00'),
(2208, '2025-12-01', 0, 89, '2025-12-01 00:00:00', '2025-12-01 01:00:00'),
(2209, '2025-12-01', 0, 90, '2025-12-01 00:00:00', '2025-12-01 01:00:00'),
(2210, '2025-12-01', 0, 91, '2025-12-01 00:00:00', '2025-12-01 01:00:00'),
(2211, '2025-12-01', 0, 92, '2025-12-01 00:00:00', '2025-12-01 01:00:00'),
(2212, '2025-12-01', 0, 93, '2025-12-01 00:00:00', '2025-12-01 01:00:00'),
(2213, '2025-12-01', 0, 94, '2025-12-01 00:00:00', '2025-12-01 01:00:00'),
(2214, '2025-12-01', 0, 95, '2025-12-01 00:00:00', '2025-12-01 01:00:00'),
(2215, '2025-12-01', 0, 96, '2025-12-01 00:00:00', '2025-12-01 01:00:00'),
(2216, '2025-12-01', 0, 97, '2025-12-01 00:00:00', '2025-12-01 01:00:00'),
(2217, '2025-12-01', 0, 98, '2025-12-01 00:00:00', '2025-12-01 01:00:00'),
(2218, '2025-12-01', 0, 99, '2025-12-01 00:00:00', '2025-12-01 01:00:00'),
(2219, '2025-12-01', 0, 100, '2025-12-01 00:00:00', '2025-12-01 01:00:00'),
(2220, '2025-12-01', 0, 101, '2025-12-01 00:00:00', '2025-12-01 01:00:00'),
(2221, '2025-12-01', 0, 102, '2025-12-01 00:00:00', '2025-12-01 01:00:00'),
(2222, '2025-12-01', 0, 103, '2025-12-01 00:00:00', '2025-12-01 01:00:00'),
(2223, '2025-12-01', 0, 104, '2025-12-01 00:00:00', '2025-12-01 01:00:00'),
(2224, '2025-12-01', 0, 105, '2025-12-01 00:00:00', '2025-12-01 01:00:00'),
(2225, '2025-12-01', 0, 106, '2025-12-01 00:00:00', '2025-12-01 01:00:00'),
(2226, '2025-12-01', 0, 107, '2025-12-01 00:00:00', '2025-12-01 01:00:00'),
(2227, '2025-12-01', 0, 108, '2025-12-01 00:00:00', '2025-12-01 01:00:00'),
(2228, '2025-12-01', 0, 109, '2025-12-01 00:00:00', '2025-12-01 01:00:00'),
(2229, '2025-12-01', 0, 110, '2025-12-01 00:00:00', '2025-12-01 01:00:00'),
(2230, '2025-12-01', 0, 111, '2025-12-01 00:00:00', '2025-12-01 01:00:00'),
(2231, '2025-12-01', 0, 112, '2025-12-01 00:00:00', '2025-12-01 01:00:00'),
(2232, '2025-12-01', 0, 113, '2025-12-01 00:00:00', '2025-12-01 01:00:00'),
(2233, '2025-12-01', 0, 114, '2025-12-01 00:00:00', '2025-12-01 01:00:00'),
(2234, '2025-12-01', 0, 115, '2025-12-01 00:00:00', '2025-12-01 01:00:00'),
(2235, '2025-12-01', 0, 116, '2025-12-01 00:00:00', '2025-12-01 01:00:00'),
(2236, '2025-12-01', 0, 117, '2025-12-01 00:00:00', '2025-12-01 01:00:00'),
(2237, '2025-12-01', 0, 118, '2025-12-01 00:00:00', '2025-12-01 01:00:00'),
(2238, '2025-12-01', 0, 119, '2025-12-01 00:00:00', '2025-12-01 01:00:00'),
(2239, '2025-12-01', 0, 120, '2025-12-01 00:00:00', '2025-12-01 01:00:00'),
(2240, '2025-12-01', 0, 121, '2025-12-01 00:00:00', '2025-12-01 01:00:00'),
(2241, '2025-12-01', 0, 122, '2025-12-01 00:00:00', '2025-12-01 01:00:00'),
(2242, '2025-12-01', 0, 123, '2025-12-01 00:00:00', '2025-12-01 01:00:00'),
(2243, '2025-12-01', 0, 124, '2025-12-01 00:00:00', '2025-12-01 01:00:00'),
(2244, '2025-12-01', 0, 125, '2025-12-01 00:00:00', '2025-12-01 01:00:00'),
(2245, '2025-12-01', 0, 126, '2025-12-01 00:00:00', '2025-12-01 01:00:00'),
(2246, '2025-12-01', 0, 127, '2025-12-01 00:00:00', '2025-12-01 01:00:00'),
(2247, '2025-12-01', 0, 128, '2025-12-01 00:00:00', '2025-12-01 01:00:00'),
(2248, '2025-12-01', 0, 129, '2025-12-01 00:00:00', '2025-12-01 01:00:00'),
(2249, '2025-12-01', 0, 130, '2025-12-01 00:00:00', '2025-12-01 01:00:00'),
(2250, '2025-12-01', 0, 131, '2025-12-01 00:00:00', '2025-12-01 01:00:00'),
(2251, '2025-12-01', 0, 132, '2025-12-01 00:00:00', '2025-12-01 01:00:00'),
(2252, '2025-12-01', 0, 133, '2025-12-01 00:00:00', '2025-12-01 01:00:00'),
(2253, '2025-12-01', 0, 134, '2025-12-01 00:00:00', '2025-12-01 01:00:00'),
(2254, '2025-12-01', 0, 135, '2025-12-01 00:00:00', '2025-12-01 01:00:00'),
(2255, '2025-12-01', 0, 136, '2025-12-01 00:00:00', '2025-12-01 01:00:00'),
(2256, '2025-12-01', 0, 137, '2025-12-01 00:00:00', '2025-12-01 01:00:00'),
(2257, '2025-12-01', 0, 138, '2025-12-01 00:00:00', '2025-12-01 01:00:00'),
(2258, '2025-12-01', 0, 139, '2025-12-01 00:00:00', '2025-12-01 01:00:00'),
(2259, '2025-12-01', 0, 140, '2025-12-01 00:00:00', '2025-12-01 01:00:00'),
(2260, '2025-12-01', 0, 141, '2025-12-01 00:00:00', '2025-12-01 01:00:00'),
(2261, '2025-12-01', 0, 142, '2025-12-01 00:00:00', '2025-12-01 01:00:00'),
(2262, '2025-12-01', 0, 143, '2025-12-01 00:00:00', '2025-12-01 01:00:00'),
(2263, '2025-12-01', 0, 144, '2025-12-01 00:00:00', '2025-12-01 01:00:00'),
(2264, '2025-12-01', 0, 145, '2025-12-01 00:00:00', '2025-12-01 01:00:00'),
(2265, '2025-12-01', 0, 146, '2025-12-01 00:00:00', '2025-12-01 01:00:00'),
(2266, '2025-12-01', 0, 147, '2025-12-01 00:00:00', '2025-12-01 01:00:00'),
(2267, '2025-12-01', 0, 148, '2025-12-01 00:00:00', '2025-12-01 01:00:00'),
(2268, '2025-12-01', 0, 149, '2025-12-01 00:00:00', '2025-12-01 01:00:00'),
(2269, '2025-12-01', 0, 150, '2025-12-01 00:00:00', '2025-12-01 01:00:00'),
(2270, '2025-12-01', 0, 151, '2025-12-01 00:00:00', '2025-12-01 01:00:00'),
(2271, '2025-12-01', 0, 152, '2025-12-01 00:00:00', '2025-12-01 01:00:00'),
(2272, '2025-12-01', 0, 153, '2025-12-01 00:00:00', '2025-12-01 01:00:00'),
(2273, '2025-12-01', 0, 154, '2025-12-01 00:00:00', '2025-12-01 01:00:00'),
(2274, '2025-12-01', 0, 155, '2025-12-01 00:00:00', '2025-12-01 01:00:00'),
(2275, '2025-12-01', 0, 156, '2025-12-01 00:00:00', '2025-12-01 01:00:00'),
(2276, '2025-12-01', 0, 157, '2025-12-01 00:00:00', '2025-12-01 01:00:00'),
(2277, '2025-12-01', 0, 158, '2025-12-01 00:00:00', '2025-12-01 01:00:00'),
(2278, '2025-12-01', 0, 159, '2025-12-01 00:00:00', '2025-12-01 01:00:00'),
(2279, '2025-12-01', 0, 160, '2025-12-01 00:00:00', '2025-12-01 01:00:00'),
(2280, '2025-12-01', 0, 161, '2025-12-01 00:00:00', '2025-12-01 01:00:00'),
(2281, '2025-12-01', 0, 162, '2025-12-01 00:00:00', '2025-12-01 01:00:00'),
(2282, '2025-12-01', 0, 163, '2025-12-01 00:00:00', '2025-12-01 01:00:00'),
(2283, '2025-12-01', 0, 164, '2025-12-01 00:00:00', '2025-12-01 01:00:00'),
(2284, '2025-12-01', 0, 165, '2025-12-01 00:00:00', '2025-12-01 01:00:00'),
(2285, '2025-12-01', 0, 166, '2025-12-01 00:00:00', '2025-12-01 01:00:00'),
(2286, '2025-12-01', 0, 167, '2025-12-01 00:00:00', '2025-12-01 01:00:00'),
(2287, '2025-12-01', 0, 168, '2025-12-01 00:00:00', '2025-12-01 01:00:00'),
(2288, '2025-12-01', 0, 169, '2025-12-01 00:00:00', '2025-12-01 01:00:00'),
(2289, '2025-12-01', 0, 170, '2025-12-01 00:00:00', '2025-12-01 01:00:00'),
(2290, '2025-12-01', 0, 171, '2025-12-01 00:00:00', '2025-12-01 01:00:00'),
(2291, '2025-12-01', 0, 172, '2025-12-01 00:00:00', '2025-12-01 01:00:00'),
(2292, '2025-12-01', 0, 173, '2025-12-01 00:00:00', '2025-12-01 01:00:00'),
(2293, '2025-12-01', 0, 174, '2025-12-01 00:00:00', '2025-12-01 01:00:00'),
(2294, '2025-12-01', 0, 175, '2025-12-01 00:00:00', '2025-12-01 01:00:00'),
(2295, '2025-12-01', 0, 176, '2025-12-01 00:00:00', '2025-12-01 01:00:00'),
(2296, '2025-12-01', 0, 177, '2025-12-01 00:00:00', '2025-12-01 01:00:00'),
(2297, '2025-12-01', 0, 178, '2025-12-01 00:00:00', '2025-12-01 01:00:00'),
(2298, '2025-12-01', 0, 179, '2025-12-01 00:00:00', '2025-12-01 01:00:00'),
(2299, '2025-12-01', 0, 180, '2025-12-01 00:00:00', '2025-12-01 01:00:00'),
(2300, '2025-12-01', 0, 181, '2025-12-01 00:00:00', '2025-12-01 01:00:00'),
(2301, '2025-12-02', 0, 82, '2025-12-02 00:00:00', '2025-12-02 01:00:00'),
(2302, '2025-12-02', 0, 83, '2025-12-02 00:00:00', '2025-12-02 01:00:00'),
(2303, '2025-12-02', 0, 84, '2025-12-02 00:00:00', '2025-12-02 01:00:00'),
(2304, '2025-12-02', 0, 85, '2025-12-02 00:00:00', '2025-12-02 01:00:00'),
(2305, '2025-12-02', 0, 86, '2025-12-02 00:00:00', '2025-12-02 01:00:00'),
(2306, '2025-12-02', 0, 87, '2025-12-02 00:00:00', '2025-12-02 01:00:00'),
(2307, '2025-12-02', 0, 88, '2025-12-02 00:00:00', '2025-12-02 01:00:00'),
(2308, '2025-12-02', 0, 89, '2025-12-02 00:00:00', '2025-12-02 01:00:00'),
(2309, '2025-12-02', 0, 90, '2025-12-02 00:00:00', '2025-12-02 01:00:00'),
(2310, '2025-12-02', 0, 91, '2025-12-02 00:00:00', '2025-12-02 01:00:00'),
(2311, '2025-12-02', 0, 92, '2025-12-02 00:00:00', '2025-12-02 01:00:00'),
(2312, '2025-12-02', 0, 93, '2025-12-02 00:00:00', '2025-12-02 01:00:00'),
(2313, '2025-12-02', 0, 94, '2025-12-02 00:00:00', '2025-12-02 01:00:00'),
(2314, '2025-12-02', 0, 95, '2025-12-02 00:00:00', '2025-12-02 01:00:00'),
(2315, '2025-12-02', 0, 96, '2025-12-02 00:00:00', '2025-12-02 01:00:00'),
(2316, '2025-12-02', 0, 97, '2025-12-02 00:00:00', '2025-12-02 01:00:00'),
(2317, '2025-12-02', 0, 98, '2025-12-02 00:00:00', '2025-12-02 01:00:00'),
(2318, '2025-12-02', 0, 99, '2025-12-02 00:00:00', '2025-12-02 01:00:00'),
(2319, '2025-12-02', 0, 100, '2025-12-02 00:00:00', '2025-12-02 01:00:00'),
(2320, '2025-12-02', 0, 101, '2025-12-02 00:00:00', '2025-12-02 01:00:00'),
(2321, '2025-12-02', 0, 102, '2025-12-02 00:00:00', '2025-12-02 01:00:00'),
(2322, '2025-12-02', 0, 103, '2025-12-02 00:00:00', '2025-12-02 01:00:00'),
(2323, '2025-12-02', 0, 104, '2025-12-02 00:00:00', '2025-12-02 01:00:00'),
(2324, '2025-12-02', 0, 105, '2025-12-02 00:00:00', '2025-12-02 01:00:00'),
(2325, '2025-12-02', 0, 106, '2025-12-02 00:00:00', '2025-12-02 01:00:00'),
(2326, '2025-12-02', 0, 107, '2025-12-02 00:00:00', '2025-12-02 01:00:00'),
(2327, '2025-12-02', 0, 108, '2025-12-02 00:00:00', '2025-12-02 01:00:00'),
(2328, '2025-12-02', 0, 109, '2025-12-02 00:00:00', '2025-12-02 01:00:00'),
(2329, '2025-12-02', 0, 110, '2025-12-02 00:00:00', '2025-12-02 01:00:00'),
(2330, '2025-12-02', 0, 111, '2025-12-02 00:00:00', '2025-12-02 01:00:00'),
(2331, '2025-12-02', 0, 112, '2025-12-02 00:00:00', '2025-12-02 01:00:00'),
(2332, '2025-12-02', 0, 113, '2025-12-02 00:00:00', '2025-12-02 01:00:00'),
(2333, '2025-12-02', 0, 114, '2025-12-02 00:00:00', '2025-12-02 01:00:00'),
(2334, '2025-12-02', 0, 115, '2025-12-02 00:00:00', '2025-12-02 01:00:00'),
(2335, '2025-12-02', 0, 116, '2025-12-02 00:00:00', '2025-12-02 01:00:00'),
(2336, '2025-12-02', 0, 117, '2025-12-02 00:00:00', '2025-12-02 01:00:00'),
(2337, '2025-12-02', 0, 118, '2025-12-02 00:00:00', '2025-12-02 01:00:00'),
(2338, '2025-12-02', 0, 119, '2025-12-02 00:00:00', '2025-12-02 01:00:00'),
(2339, '2025-12-02', 0, 120, '2025-12-02 00:00:00', '2025-12-02 01:00:00'),
(2340, '2025-12-02', 0, 121, '2025-12-02 00:00:00', '2025-12-02 01:00:00'),
(2341, '2025-12-02', 0, 122, '2025-12-02 00:00:00', '2025-12-02 01:00:00'),
(2342, '2025-12-02', 0, 123, '2025-12-02 00:00:00', '2025-12-02 01:00:00'),
(2343, '2025-12-02', 0, 124, '2025-12-02 00:00:00', '2025-12-02 01:00:00'),
(2344, '2025-12-02', 0, 125, '2025-12-02 00:00:00', '2025-12-02 01:00:00'),
(2345, '2025-12-02', 0, 126, '2025-12-02 00:00:00', '2025-12-02 01:00:00'),
(2346, '2025-12-02', 0, 127, '2025-12-02 00:00:00', '2025-12-02 01:00:00'),
(2347, '2025-12-02', 0, 128, '2025-12-02 00:00:00', '2025-12-02 01:00:00'),
(2348, '2025-12-02', 0, 129, '2025-12-02 00:00:00', '2025-12-02 01:00:00'),
(2349, '2025-12-02', 0, 130, '2025-12-02 00:00:00', '2025-12-02 01:00:00'),
(2350, '2025-12-02', 0, 131, '2025-12-02 00:00:00', '2025-12-02 01:00:00'),
(2351, '2025-12-02', 0, 132, '2025-12-02 00:00:00', '2025-12-02 01:00:00'),
(2352, '2025-12-02', 0, 133, '2025-12-02 00:00:00', '2025-12-02 01:00:00'),
(2353, '2025-12-02', 0, 134, '2025-12-02 00:00:00', '2025-12-02 01:00:00'),
(2354, '2025-12-02', 0, 135, '2025-12-02 00:00:00', '2025-12-02 01:00:00'),
(2355, '2025-12-02', 0, 136, '2025-12-02 00:00:00', '2025-12-02 01:00:00'),
(2356, '2025-12-02', 0, 137, '2025-12-02 00:00:00', '2025-12-02 01:00:00'),
(2357, '2025-12-02', 0, 138, '2025-12-02 00:00:00', '2025-12-02 01:00:00'),
(2358, '2025-12-02', 0, 139, '2025-12-02 00:00:00', '2025-12-02 01:00:00'),
(2359, '2025-12-02', 0, 140, '2025-12-02 00:00:00', '2025-12-02 01:00:00'),
(2360, '2025-12-02', 0, 141, '2025-12-02 00:00:00', '2025-12-02 01:00:00'),
(2361, '2025-12-02', 0, 142, '2025-12-02 00:00:00', '2025-12-02 01:00:00'),
(2362, '2025-12-02', 0, 143, '2025-12-02 00:00:00', '2025-12-02 01:00:00'),
(2363, '2025-12-02', 0, 144, '2025-12-02 00:00:00', '2025-12-02 01:00:00'),
(2364, '2025-12-02', 0, 145, '2025-12-02 00:00:00', '2025-12-02 01:00:00'),
(2365, '2025-12-02', 0, 146, '2025-12-02 00:00:00', '2025-12-02 01:00:00'),
(2366, '2025-12-02', 0, 147, '2025-12-02 00:00:00', '2025-12-02 01:00:00'),
(2367, '2025-12-02', 0, 148, '2025-12-02 00:00:00', '2025-12-02 01:00:00'),
(2368, '2025-12-02', 0, 149, '2025-12-02 00:00:00', '2025-12-02 01:00:00'),
(2369, '2025-12-02', 0, 150, '2025-12-02 00:00:00', '2025-12-02 01:00:00'),
(2370, '2025-12-02', 0, 151, '2025-12-02 00:00:00', '2025-12-02 01:00:00'),
(2371, '2025-12-02', 0, 152, '2025-12-02 00:00:00', '2025-12-02 01:00:00'),
(2372, '2025-12-02', 0, 153, '2025-12-02 00:00:00', '2025-12-02 01:00:00'),
(2373, '2025-12-02', 0, 154, '2025-12-02 00:00:00', '2025-12-02 01:00:00'),
(2374, '2025-12-02', 0, 155, '2025-12-02 00:00:00', '2025-12-02 01:00:00'),
(2375, '2025-12-02', 0, 156, '2025-12-02 00:00:00', '2025-12-02 01:00:00'),
(2376, '2025-12-02', 0, 157, '2025-12-02 00:00:00', '2025-12-02 01:00:00'),
(2377, '2025-12-02', 0, 158, '2025-12-02 00:00:00', '2025-12-02 01:00:00'),
(2378, '2025-12-02', 0, 159, '2025-12-02 00:00:00', '2025-12-02 01:00:00'),
(2379, '2025-12-02', 0, 160, '2025-12-02 00:00:00', '2025-12-02 01:00:00'),
(2380, '2025-12-02', 0, 161, '2025-12-02 00:00:00', '2025-12-02 01:00:00'),
(2381, '2025-12-02', 0, 162, '2025-12-02 00:00:00', '2025-12-02 01:00:00'),
(2382, '2025-12-02', 0, 163, '2025-12-02 00:00:00', '2025-12-02 01:00:00'),
(2383, '2025-12-02', 0, 164, '2025-12-02 00:00:00', '2025-12-02 01:00:00'),
(2384, '2025-12-02', 0, 165, '2025-12-02 00:00:00', '2025-12-02 01:00:00'),
(2385, '2025-12-02', 0, 166, '2025-12-02 00:00:00', '2025-12-02 01:00:00'),
(2386, '2025-12-02', 0, 167, '2025-12-02 00:00:00', '2025-12-02 01:00:00'),
(2387, '2025-12-02', 0, 168, '2025-12-02 00:00:00', '2025-12-02 01:00:00'),
(2388, '2025-12-02', 0, 169, '2025-12-02 00:00:00', '2025-12-02 01:00:00'),
(2389, '2025-12-02', 0, 170, '2025-12-02 00:00:00', '2025-12-02 01:00:00'),
(2390, '2025-12-02', 0, 171, '2025-12-02 00:00:00', '2025-12-02 01:00:00'),
(2391, '2025-12-02', 0, 172, '2025-12-02 00:00:00', '2025-12-02 01:00:00'),
(2392, '2025-12-02', 0, 173, '2025-12-02 00:00:00', '2025-12-02 01:00:00'),
(2393, '2025-12-02', 0, 174, '2025-12-02 00:00:00', '2025-12-02 01:00:00'),
(2394, '2025-12-02', 0, 175, '2025-12-02 00:00:00', '2025-12-02 01:00:00'),
(2395, '2025-12-02', 0, 176, '2025-12-02 00:00:00', '2025-12-02 01:00:00'),
(2396, '2025-12-02', 0, 177, '2025-12-02 00:00:00', '2025-12-02 01:00:00'),
(2397, '2025-12-02', 0, 178, '2025-12-02 00:00:00', '2025-12-02 01:00:00'),
(2398, '2025-12-02', 0, 179, '2025-12-02 00:00:00', '2025-12-02 01:00:00'),
(2399, '2025-12-02', 0, 180, '2025-12-02 00:00:00', '2025-12-02 01:00:00'),
(2400, '2025-12-02', 0, 181, '2025-12-02 00:00:00', '2025-12-02 01:00:00'),
(2401, '2025-12-15', 0, 82, '2025-12-15 00:00:00', '2025-12-15 01:00:00'),
(2402, '2025-12-15', 0, 83, '2025-12-15 00:00:00', '2025-12-15 01:00:00'),
(2403, '2025-12-15', 0, 84, '2025-12-15 00:00:00', '2025-12-15 01:00:00'),
(2404, '2025-12-15', 0, 85, '2025-12-15 00:00:00', '2025-12-15 01:00:00'),
(2405, '2025-12-15', 0, 86, '2025-12-15 00:00:00', '2025-12-15 01:00:00'),
(2406, '2025-12-15', 0, 87, '2025-12-15 00:00:00', '2025-12-15 01:00:00'),
(2407, '2025-12-15', 0, 88, '2025-12-15 00:00:00', '2025-12-15 01:00:00'),
(2408, '2025-12-15', 0, 89, '2025-12-15 00:00:00', '2025-12-15 01:00:00'),
(2409, '2025-12-15', 0, 90, '2025-12-15 00:00:00', '2025-12-15 01:00:00'),
(2410, '2025-12-15', 0, 91, '2025-12-15 00:00:00', '2025-12-15 01:00:00'),
(2411, '2025-12-15', 0, 92, '2025-12-15 00:00:00', '2025-12-15 01:00:00'),
(2412, '2025-12-15', 0, 93, '2025-12-15 00:00:00', '2025-12-15 01:00:00'),
(2413, '2025-12-15', 0, 94, '2025-12-15 00:00:00', '2025-12-15 01:00:00'),
(2414, '2025-12-15', 0, 95, '2025-12-15 00:00:00', '2025-12-15 01:00:00'),
(2415, '2025-12-15', 0, 96, '2025-12-15 00:00:00', '2025-12-15 01:00:00'),
(2416, '2025-12-15', 0, 97, '2025-12-15 00:00:00', '2025-12-15 01:00:00'),
(2417, '2025-12-15', 0, 98, '2025-12-15 00:00:00', '2025-12-15 01:00:00'),
(2418, '2025-12-15', 0, 99, '2025-12-15 00:00:00', '2025-12-15 01:00:00'),
(2419, '2025-12-15', 0, 100, '2025-12-15 00:00:00', '2025-12-15 01:00:00'),
(2420, '2025-12-15', 0, 101, '2025-12-15 00:00:00', '2025-12-15 01:00:00'),
(2421, '2025-12-15', 0, 102, '2025-12-15 00:00:00', '2025-12-15 01:00:00'),
(2422, '2025-12-15', 0, 103, '2025-12-15 00:00:00', '2025-12-15 01:00:00'),
(2423, '2025-12-15', 0, 104, '2025-12-15 00:00:00', '2025-12-15 01:00:00'),
(2424, '2025-12-15', 0, 105, '2025-12-15 00:00:00', '2025-12-15 01:00:00'),
(2425, '2025-12-15', 0, 106, '2025-12-15 00:00:00', '2025-12-15 01:00:00'),
(2426, '2025-12-15', 0, 107, '2025-12-15 00:00:00', '2025-12-15 01:00:00'),
(2427, '2025-12-15', 0, 108, '2025-12-15 00:00:00', '2025-12-15 01:00:00'),
(2428, '2025-12-15', 0, 109, '2025-12-15 00:00:00', '2025-12-15 01:00:00'),
(2429, '2025-12-15', 0, 110, '2025-12-15 00:00:00', '2025-12-15 01:00:00'),
(2430, '2025-12-15', 0, 111, '2025-12-15 00:00:00', '2025-12-15 01:00:00'),
(2431, '2025-12-15', 0, 112, '2025-12-15 00:00:00', '2025-12-15 01:00:00'),
(2432, '2025-12-15', 0, 113, '2025-12-15 00:00:00', '2025-12-15 01:00:00'),
(2433, '2025-12-15', 0, 114, '2025-12-15 00:00:00', '2025-12-15 01:00:00'),
(2434, '2025-12-15', 0, 115, '2025-12-15 00:00:00', '2025-12-15 01:00:00'),
(2435, '2025-12-15', 0, 116, '2025-12-15 00:00:00', '2025-12-15 01:00:00'),
(2436, '2025-12-15', 0, 117, '2025-12-15 00:00:00', '2025-12-15 01:00:00'),
(2437, '2025-12-15', 0, 118, '2025-12-15 00:00:00', '2025-12-15 01:00:00'),
(2438, '2025-12-15', 0, 119, '2025-12-15 00:00:00', '2025-12-15 01:00:00'),
(2439, '2025-12-15', 0, 120, '2025-12-15 00:00:00', '2025-12-15 01:00:00'),
(2440, '2025-12-15', 0, 121, '2025-12-15 00:00:00', '2025-12-15 01:00:00'),
(2441, '2025-12-15', 0, 122, '2025-12-15 00:00:00', '2025-12-15 01:00:00'),
(2442, '2025-12-15', 0, 123, '2025-12-15 00:00:00', '2025-12-15 01:00:00'),
(2443, '2025-12-15', 0, 124, '2025-12-15 00:00:00', '2025-12-15 01:00:00'),
(2444, '2025-12-15', 0, 125, '2025-12-15 00:00:00', '2025-12-15 01:00:00'),
(2445, '2025-12-15', 0, 126, '2025-12-15 00:00:00', '2025-12-15 01:00:00'),
(2446, '2025-12-15', 0, 127, '2025-12-15 00:00:00', '2025-12-15 01:00:00'),
(2447, '2025-12-15', 0, 128, '2025-12-15 00:00:00', '2025-12-15 01:00:00'),
(2448, '2025-12-15', 0, 129, '2025-12-15 00:00:00', '2025-12-15 01:00:00'),
(2449, '2025-12-15', 0, 130, '2025-12-15 00:00:00', '2025-12-15 01:00:00'),
(2450, '2025-12-15', 0, 131, '2025-12-15 00:00:00', '2025-12-15 01:00:00'),
(2451, '2025-12-15', 0, 132, '2025-12-15 00:00:00', '2025-12-15 01:00:00'),
(2452, '2025-12-15', 0, 133, '2025-12-15 00:00:00', '2025-12-15 01:00:00'),
(2453, '2025-12-15', 0, 134, '2025-12-15 00:00:00', '2025-12-15 01:00:00'),
(2454, '2025-12-15', 0, 135, '2025-12-15 00:00:00', '2025-12-15 01:00:00'),
(2455, '2025-12-15', 0, 136, '2025-12-15 00:00:00', '2025-12-15 01:00:00'),
(2456, '2025-12-15', 0, 137, '2025-12-15 00:00:00', '2025-12-15 01:00:00'),
(2457, '2025-12-15', 0, 138, '2025-12-15 00:00:00', '2025-12-15 01:00:00'),
(2458, '2025-12-15', 0, 139, '2025-12-15 00:00:00', '2025-12-15 01:00:00'),
(2459, '2025-12-15', 0, 140, '2025-12-15 00:00:00', '2025-12-15 01:00:00'),
(2460, '2025-12-15', 0, 141, '2025-12-15 00:00:00', '2025-12-15 01:00:00'),
(2461, '2025-12-15', 0, 142, '2025-12-15 00:00:00', '2025-12-15 01:00:00'),
(2462, '2025-12-15', 0, 143, '2025-12-15 00:00:00', '2025-12-15 01:00:00'),
(2463, '2025-12-15', 0, 144, '2025-12-15 00:00:00', '2025-12-15 01:00:00'),
(2464, '2025-12-15', 0, 145, '2025-12-15 00:00:00', '2025-12-15 01:00:00'),
(2465, '2025-12-15', 0, 146, '2025-12-15 00:00:00', '2025-12-15 01:00:00'),
(2466, '2025-12-15', 0, 147, '2025-12-15 00:00:00', '2025-12-15 01:00:00'),
(2467, '2025-12-15', 0, 148, '2025-12-15 00:00:00', '2025-12-15 01:00:00'),
(2468, '2025-12-15', 0, 149, '2025-12-15 00:00:00', '2025-12-15 01:00:00'),
(2469, '2025-12-15', 0, 150, '2025-12-15 00:00:00', '2025-12-15 01:00:00'),
(2470, '2025-12-15', 0, 151, '2025-12-15 00:00:00', '2025-12-15 01:00:00'),
(2471, '2025-12-15', 0, 152, '2025-12-15 00:00:00', '2025-12-15 01:00:00'),
(2472, '2025-12-15', 0, 153, '2025-12-15 00:00:00', '2025-12-15 01:00:00'),
(2473, '2025-12-15', 0, 154, '2025-12-15 00:00:00', '2025-12-15 01:00:00'),
(2474, '2025-12-15', 0, 155, '2025-12-15 00:00:00', '2025-12-15 01:00:00'),
(2475, '2025-12-15', 0, 156, '2025-12-15 00:00:00', '2025-12-15 01:00:00'),
(2476, '2025-12-15', 0, 157, '2025-12-15 00:00:00', '2025-12-15 01:00:00'),
(2477, '2025-12-15', 0, 158, '2025-12-15 00:00:00', '2025-12-15 01:00:00'),
(2478, '2025-12-15', 0, 159, '2025-12-15 00:00:00', '2025-12-15 01:00:00'),
(2479, '2025-12-15', 0, 160, '2025-12-15 00:00:00', '2025-12-15 01:00:00'),
(2480, '2025-12-15', 0, 161, '2025-12-15 00:00:00', '2025-12-15 01:00:00'),
(2481, '2025-12-15', 0, 162, '2025-12-15 00:00:00', '2025-12-15 01:00:00'),
(2482, '2025-12-15', 0, 163, '2025-12-15 00:00:00', '2025-12-15 01:00:00'),
(2483, '2025-12-15', 0, 164, '2025-12-15 00:00:00', '2025-12-15 01:00:00'),
(2484, '2025-12-15', 0, 165, '2025-12-15 00:00:00', '2025-12-15 01:00:00'),
(2485, '2025-12-15', 0, 166, '2025-12-15 00:00:00', '2025-12-15 01:00:00'),
(2486, '2025-12-15', 0, 167, '2025-12-15 00:00:00', '2025-12-15 01:00:00'),
(2487, '2025-12-15', 0, 168, '2025-12-15 00:00:00', '2025-12-15 01:00:00'),
(2488, '2025-12-15', 0, 169, '2025-12-15 00:00:00', '2025-12-15 01:00:00'),
(2489, '2025-12-15', 0, 170, '2025-12-15 00:00:00', '2025-12-15 01:00:00'),
(2490, '2025-12-15', 0, 171, '2025-12-15 00:00:00', '2025-12-15 01:00:00'),
(2491, '2025-12-15', 0, 172, '2025-12-15 00:00:00', '2025-12-15 01:00:00'),
(2492, '2025-12-15', 0, 173, '2025-12-15 00:00:00', '2025-12-15 01:00:00'),
(2493, '2025-12-15', 0, 174, '2025-12-15 00:00:00', '2025-12-15 01:00:00'),
(2494, '2025-12-15', 0, 175, '2025-12-15 00:00:00', '2025-12-15 01:00:00'),
(2495, '2025-12-15', 0, 176, '2025-12-15 00:00:00', '2025-12-15 01:00:00'),
(2496, '2025-12-15', 0, 177, '2025-12-15 00:00:00', '2025-12-15 01:00:00'),
(2497, '2025-12-15', 0, 178, '2025-12-15 00:00:00', '2025-12-15 01:00:00'),
(2498, '2025-12-15', 0, 179, '2025-12-15 00:00:00', '2025-12-15 01:00:00'),
(2499, '2025-12-15', 0, 180, '2025-12-15 00:00:00', '2025-12-15 01:00:00'),
(2500, '2025-12-15', 0, 181, '2025-12-15 00:00:00', '2025-12-15 01:00:00'),
(2501, '2025-12-22', 1, 82, '2025-12-22 12:00:00', '2025-12-22 13:00:00'),
(2502, '2025-12-22', 1, 83, '2025-12-22 12:00:00', '2025-12-22 13:00:00'),
(2503, '2025-12-22', 1, 84, '2025-12-22 12:00:00', '2025-12-22 13:00:00'),
(2504, '2025-12-22', 1, 85, '2025-12-22 12:00:00', '2025-12-22 13:00:00'),
(2505, '2025-12-22', 1, 86, '2025-12-22 12:00:00', '2025-12-22 13:00:00'),
(2506, '2025-12-22', 1, 87, '2025-12-22 12:00:00', '2025-12-22 13:00:00'),
(2507, '2025-12-22', 1, 88, '2025-12-22 12:00:00', '2025-12-22 13:00:00'),
(2508, '2025-12-22', 1, 89, '2025-12-22 12:00:00', '2025-12-22 13:00:00'),
(2509, '2025-12-22', 1, 90, '2025-12-22 12:00:00', '2025-12-22 13:00:00'),
(2510, '2025-12-22', 1, 91, '2025-12-22 12:00:00', '2025-12-22 13:00:00'),
(2511, '2025-12-22', 1, 92, '2025-12-22 12:00:00', '2025-12-22 13:00:00'),
(2512, '2025-12-22', 1, 93, '2025-12-22 12:00:00', '2025-12-22 13:00:00'),
(2513, '2025-12-22', 1, 94, '2025-12-22 12:00:00', '2025-12-22 13:00:00'),
(2514, '2025-12-22', 1, 95, '2025-12-22 12:00:00', '2025-12-22 13:00:00'),
(2515, '2025-12-22', 1, 96, '2025-12-22 12:00:00', '2025-12-22 13:00:00'),
(2516, '2025-12-22', 1, 97, '2025-12-22 12:00:00', '2025-12-22 13:00:00'),
(2517, '2025-12-22', 1, 98, '2025-12-22 12:00:00', '2025-12-22 13:00:00'),
(2518, '2025-12-22', 1, 99, '2025-12-22 12:00:00', '2025-12-22 13:00:00'),
(2519, '2025-12-22', 1, 100, '2025-12-22 12:00:00', '2025-12-22 13:00:00'),
(2520, '2025-12-22', 1, 101, '2025-12-22 12:00:00', '2025-12-22 13:00:00'),
(2521, '2025-12-22', 1, 102, '2025-12-22 12:00:00', '2025-12-22 13:00:00'),
(2522, '2025-12-22', 1, 103, '2025-12-22 12:00:00', '2025-12-22 13:00:00'),
(2523, '2025-12-22', 1, 104, '2025-12-22 12:00:00', '2025-12-22 13:00:00'),
(2524, '2025-12-22', 1, 105, '2025-12-22 12:00:00', '2025-12-22 13:00:00'),
(2525, '2025-12-22', 1, 106, '2025-12-22 12:00:00', '2025-12-22 13:00:00'),
(2526, '2025-12-22', 1, 107, '2025-12-22 12:00:00', '2025-12-22 13:00:00'),
(2527, '2025-12-22', 1, 108, '2025-12-22 12:00:00', '2025-12-22 13:00:00'),
(2528, '2025-12-22', 1, 109, '2025-12-22 12:00:00', '2025-12-22 13:00:00'),
(2529, '2025-12-22', 1, 110, '2025-12-22 12:00:00', '2025-12-22 13:00:00'),
(2530, '2025-12-22', 1, 111, '2025-12-22 12:00:00', '2025-12-22 13:00:00'),
(2531, '2025-12-22', 1, 112, '2025-12-22 12:00:00', '2025-12-22 13:00:00'),
(2532, '2025-12-22', 1, 113, '2025-12-22 12:00:00', '2025-12-22 13:00:00'),
(2533, '2025-12-22', 1, 114, '2025-12-22 12:00:00', '2025-12-22 13:00:00'),
(2534, '2025-12-22', 1, 115, '2025-12-22 12:00:00', '2025-12-22 13:00:00'),
(2535, '2025-12-22', 1, 116, '2025-12-22 12:00:00', '2025-12-22 13:00:00'),
(2536, '2025-12-22', 1, 117, '2025-12-22 12:00:00', '2025-12-22 13:00:00'),
(2537, '2025-12-22', 1, 118, '2025-12-22 12:00:00', '2025-12-22 13:00:00'),
(2538, '2025-12-22', 1, 119, '2025-12-22 12:00:00', '2025-12-22 13:00:00'),
(2539, '2025-12-22', 1, 120, '2025-12-22 12:00:00', '2025-12-22 13:00:00'),
(2540, '2025-12-22', 1, 121, '2025-12-22 12:00:00', '2025-12-22 13:00:00'),
(2541, '2025-12-22', 1, 122, '2025-12-22 12:00:00', '2025-12-22 13:00:00'),
(2542, '2025-12-22', 1, 123, '2025-12-22 12:00:00', '2025-12-22 13:00:00'),
(2543, '2025-12-22', 1, 124, '2025-12-22 12:00:00', '2025-12-22 13:00:00'),
(2544, '2025-12-22', 1, 125, '2025-12-22 12:00:00', '2025-12-22 13:00:00'),
(2545, '2025-12-22', 1, 126, '2025-12-22 12:00:00', '2025-12-22 13:00:00'),
(2546, '2025-12-22', 1, 127, '2025-12-22 12:00:00', '2025-12-22 13:00:00'),
(2547, '2025-12-22', 1, 128, '2025-12-22 12:00:00', '2025-12-22 13:00:00'),
(2548, '2025-12-22', 1, 129, '2025-12-22 12:00:00', '2025-12-22 13:00:00'),
(2549, '2025-12-22', 1, 130, '2025-12-22 12:00:00', '2025-12-22 13:00:00'),
(2550, '2025-12-22', 1, 131, '2025-12-22 12:00:00', '2025-12-22 13:00:00'),
(2551, '2025-12-22', 1, 132, '2025-12-22 12:00:00', '2025-12-22 13:00:00'),
(2552, '2025-12-22', 1, 133, '2025-12-22 12:00:00', '2025-12-22 13:00:00'),
(2553, '2025-12-22', 1, 134, '2025-12-22 12:00:00', '2025-12-22 13:00:00'),
(2554, '2025-12-22', 1, 135, '2025-12-22 12:00:00', '2025-12-22 13:00:00'),
(2555, '2025-12-22', 1, 136, '2025-12-22 12:00:00', '2025-12-22 13:00:00'),
(2556, '2025-12-22', 1, 137, '2025-12-22 12:00:00', '2025-12-22 13:00:00'),
(2557, '2025-12-22', 1, 138, '2025-12-22 12:00:00', '2025-12-22 13:00:00'),
(2558, '2025-12-22', 1, 139, '2025-12-22 12:00:00', '2025-12-22 13:00:00'),
(2559, '2025-12-22', 1, 140, '2025-12-22 12:00:00', '2025-12-22 13:00:00'),
(2560, '2025-12-22', 1, 141, '2025-12-22 12:00:00', '2025-12-22 13:00:00'),
(2561, '2025-12-22', 1, 142, '2025-12-22 12:00:00', '2025-12-22 13:00:00'),
(2562, '2025-12-22', 1, 143, '2025-12-22 12:00:00', '2025-12-22 13:00:00'),
(2563, '2025-12-22', 1, 144, '2025-12-22 12:00:00', '2025-12-22 13:00:00'),
(2564, '2025-12-22', 1, 145, '2025-12-22 12:00:00', '2025-12-22 13:00:00'),
(2565, '2025-12-22', 1, 146, '2025-12-22 12:00:00', '2025-12-22 13:00:00'),
(2566, '2025-12-22', 1, 147, '2025-12-22 12:00:00', '2025-12-22 13:00:00'),
(2567, '2025-12-22', 1, 148, '2025-12-22 12:00:00', '2025-12-22 13:00:00'),
(2568, '2025-12-22', 1, 149, '2025-12-22 12:00:00', '2025-12-22 13:00:00'),
(2569, '2025-12-22', 1, 150, '2025-12-22 12:00:00', '2025-12-22 13:00:00'),
(2570, '2025-12-22', 1, 151, '2025-12-22 12:00:00', '2025-12-22 13:00:00'),
(2571, '2025-12-22', 1, 152, '2025-12-22 12:00:00', '2025-12-22 13:00:00'),
(2572, '2025-12-22', 1, 153, '2025-12-22 12:00:00', '2025-12-22 13:00:00'),
(2573, '2025-12-22', 1, 154, '2025-12-22 12:00:00', '2025-12-22 13:00:00'),
(2574, '2025-12-22', 1, 155, '2025-12-22 12:00:00', '2025-12-22 13:00:00'),
(2575, '2025-12-22', 1, 156, '2025-12-22 12:00:00', '2025-12-22 13:00:00'),
(2576, '2025-12-22', 1, 157, '2025-12-22 12:00:00', '2025-12-22 13:00:00'),
(2577, '2025-12-22', 1, 158, '2025-12-22 12:00:00', '2025-12-22 13:00:00'),
(2578, '2025-12-22', 1, 159, '2025-12-22 12:00:00', '2025-12-22 13:00:00'),
(2579, '2025-12-22', 1, 160, '2025-12-22 12:00:00', '2025-12-22 13:00:00'),
(2580, '2025-12-22', 1, 161, '2025-12-22 12:00:00', '2025-12-22 13:00:00'),
(2581, '2025-12-22', 1, 162, '2025-12-22 12:00:00', '2025-12-22 13:00:00'),
(2582, '2025-12-22', 1, 163, '2025-12-22 12:00:00', '2025-12-22 13:00:00'),
(2583, '2025-12-22', 1, 164, '2025-12-22 12:00:00', '2025-12-22 13:00:00'),
(2584, '2025-12-22', 1, 165, '2025-12-22 12:00:00', '2025-12-22 13:00:00'),
(2585, '2025-12-22', 1, 166, '2025-12-22 12:00:00', '2025-12-22 13:00:00'),
(2586, '2025-12-22', 1, 167, '2025-12-22 12:00:00', '2025-12-22 13:00:00'),
(2587, '2025-12-22', 1, 168, '2025-12-22 12:00:00', '2025-12-22 13:00:00'),
(2588, '2025-12-22', 1, 169, '2025-12-22 12:00:00', '2025-12-22 13:00:00'),
(2589, '2025-12-22', 1, 170, '2025-12-22 12:00:00', '2025-12-22 13:00:00'),
(2590, '2025-12-22', 1, 171, '2025-12-22 12:00:00', '2025-12-22 13:00:00'),
(2591, '2025-12-22', 1, 172, '2025-12-22 12:00:00', '2025-12-22 13:00:00'),
(2592, '2025-12-22', 1, 173, '2025-12-22 12:00:00', '2025-12-22 13:00:00'),
(2593, '2025-12-22', 1, 174, '2025-12-22 12:00:00', '2025-12-22 13:00:00'),
(2594, '2025-12-22', 1, 175, '2025-12-22 12:00:00', '2025-12-22 13:00:00'),
(2595, '2025-12-22', 1, 176, '2025-12-22 12:00:00', '2025-12-22 13:00:00'),
(2596, '2025-12-22', 1, 177, '2025-12-22 12:00:00', '2025-12-22 13:00:00'),
(2597, '2025-12-22', 1, 178, '2025-12-22 12:00:00', '2025-12-22 13:00:00'),
(2598, '2025-12-22', 1, 179, '2025-12-22 12:00:00', '2025-12-22 13:00:00'),
(2599, '2025-12-22', 1, 180, '2025-12-22 12:00:00', '2025-12-22 13:00:00'),
(2600, '2025-12-22', 1, 181, '2025-12-22 12:00:00', '2025-12-22 13:00:00'),
(2601, '2025-12-25', 0, 82, '2025-12-25 00:00:00', '2025-12-25 01:00:00'),
(2602, '2025-12-25', 0, 83, '2025-12-25 00:00:00', '2025-12-25 01:00:00'),
(2603, '2025-12-25', 0, 84, '2025-12-25 00:00:00', '2025-12-25 01:00:00'),
(2604, '2025-12-25', 0, 85, '2025-12-25 00:00:00', '2025-12-25 01:00:00'),
(2605, '2025-12-25', 0, 86, '2025-12-25 00:00:00', '2025-12-25 01:00:00'),
(2606, '2025-12-25', 0, 87, '2025-12-25 00:00:00', '2025-12-25 01:00:00'),
(2607, '2025-12-25', 0, 88, '2025-12-25 00:00:00', '2025-12-25 01:00:00'),
(2608, '2025-12-25', 0, 89, '2025-12-25 00:00:00', '2025-12-25 01:00:00'),
(2609, '2025-12-25', 0, 90, '2025-12-25 00:00:00', '2025-12-25 01:00:00'),
(2610, '2025-12-25', 0, 91, '2025-12-25 00:00:00', '2025-12-25 01:00:00'),
(2611, '2025-12-25', 0, 92, '2025-12-25 00:00:00', '2025-12-25 01:00:00'),
(2612, '2025-12-25', 0, 93, '2025-12-25 00:00:00', '2025-12-25 01:00:00'),
(2613, '2025-12-25', 0, 94, '2025-12-25 00:00:00', '2025-12-25 01:00:00'),
(2614, '2025-12-25', 0, 95, '2025-12-25 00:00:00', '2025-12-25 01:00:00'),
(2615, '2025-12-25', 0, 96, '2025-12-25 00:00:00', '2025-12-25 01:00:00'),
(2616, '2025-12-25', 0, 97, '2025-12-25 00:00:00', '2025-12-25 01:00:00'),
(2617, '2025-12-25', 0, 98, '2025-12-25 00:00:00', '2025-12-25 01:00:00'),
(2618, '2025-12-25', 0, 99, '2025-12-25 00:00:00', '2025-12-25 01:00:00'),
(2619, '2025-12-25', 0, 100, '2025-12-25 00:00:00', '2025-12-25 01:00:00'),
(2620, '2025-12-25', 0, 101, '2025-12-25 00:00:00', '2025-12-25 01:00:00'),
(2621, '2025-12-25', 0, 102, '2025-12-25 00:00:00', '2025-12-25 01:00:00'),
(2622, '2025-12-25', 0, 103, '2025-12-25 00:00:00', '2025-12-25 01:00:00'),
(2623, '2025-12-25', 0, 104, '2025-12-25 00:00:00', '2025-12-25 01:00:00'),
(2624, '2025-12-25', 0, 105, '2025-12-25 00:00:00', '2025-12-25 01:00:00'),
(2625, '2025-12-25', 0, 106, '2025-12-25 00:00:00', '2025-12-25 01:00:00'),
(2626, '2025-12-25', 0, 107, '2025-12-25 00:00:00', '2025-12-25 01:00:00'),
(2627, '2025-12-25', 0, 108, '2025-12-25 00:00:00', '2025-12-25 01:00:00'),
(2628, '2025-12-25', 0, 109, '2025-12-25 00:00:00', '2025-12-25 01:00:00'),
(2629, '2025-12-25', 0, 110, '2025-12-25 00:00:00', '2025-12-25 01:00:00'),
(2630, '2025-12-25', 0, 111, '2025-12-25 00:00:00', '2025-12-25 01:00:00'),
(2631, '2025-12-25', 0, 112, '2025-12-25 00:00:00', '2025-12-25 01:00:00'),
(2632, '2025-12-25', 0, 113, '2025-12-25 00:00:00', '2025-12-25 01:00:00'),
(2633, '2025-12-25', 0, 114, '2025-12-25 00:00:00', '2025-12-25 01:00:00'),
(2634, '2025-12-25', 0, 115, '2025-12-25 00:00:00', '2025-12-25 01:00:00'),
(2635, '2025-12-25', 0, 116, '2025-12-25 00:00:00', '2025-12-25 01:00:00'),
(2636, '2025-12-25', 0, 117, '2025-12-25 00:00:00', '2025-12-25 01:00:00'),
(2637, '2025-12-25', 0, 118, '2025-12-25 00:00:00', '2025-12-25 01:00:00'),
(2638, '2025-12-25', 0, 119, '2025-12-25 00:00:00', '2025-12-25 01:00:00'),
(2639, '2025-12-25', 0, 120, '2025-12-25 00:00:00', '2025-12-25 01:00:00'),
(2640, '2025-12-25', 0, 121, '2025-12-25 00:00:00', '2025-12-25 01:00:00'),
(2641, '2025-12-25', 0, 122, '2025-12-25 00:00:00', '2025-12-25 01:00:00'),
(2642, '2025-12-25', 0, 123, '2025-12-25 00:00:00', '2025-12-25 01:00:00'),
(2643, '2025-12-25', 0, 124, '2025-12-25 00:00:00', '2025-12-25 01:00:00'),
(2644, '2025-12-25', 0, 125, '2025-12-25 00:00:00', '2025-12-25 01:00:00'),
(2645, '2025-12-25', 0, 126, '2025-12-25 00:00:00', '2025-12-25 01:00:00'),
(2646, '2025-12-25', 0, 127, '2025-12-25 00:00:00', '2025-12-25 01:00:00'),
(2647, '2025-12-25', 0, 128, '2025-12-25 00:00:00', '2025-12-25 01:00:00'),
(2648, '2025-12-25', 0, 129, '2025-12-25 00:00:00', '2025-12-25 01:00:00'),
(2649, '2025-12-25', 0, 130, '2025-12-25 00:00:00', '2025-12-25 01:00:00'),
(2650, '2025-12-25', 0, 131, '2025-12-25 00:00:00', '2025-12-25 01:00:00'),
(2651, '2025-12-25', 0, 132, '2025-12-25 00:00:00', '2025-12-25 01:00:00'),
(2652, '2025-12-25', 0, 133, '2025-12-25 00:00:00', '2025-12-25 01:00:00'),
(2653, '2025-12-25', 0, 134, '2025-12-25 00:00:00', '2025-12-25 01:00:00'),
(2654, '2025-12-25', 0, 135, '2025-12-25 00:00:00', '2025-12-25 01:00:00'),
(2655, '2025-12-25', 0, 136, '2025-12-25 00:00:00', '2025-12-25 01:00:00'),
(2656, '2025-12-25', 0, 137, '2025-12-25 00:00:00', '2025-12-25 01:00:00'),
(2657, '2025-12-25', 0, 138, '2025-12-25 00:00:00', '2025-12-25 01:00:00'),
(2658, '2025-12-25', 0, 139, '2025-12-25 00:00:00', '2025-12-25 01:00:00'),
(2659, '2025-12-25', 0, 140, '2025-12-25 00:00:00', '2025-12-25 01:00:00'),
(2660, '2025-12-25', 0, 141, '2025-12-25 00:00:00', '2025-12-25 01:00:00'),
(2661, '2025-12-25', 0, 142, '2025-12-25 00:00:00', '2025-12-25 01:00:00'),
(2662, '2025-12-25', 0, 143, '2025-12-25 00:00:00', '2025-12-25 01:00:00'),
(2663, '2025-12-25', 0, 144, '2025-12-25 00:00:00', '2025-12-25 01:00:00'),
(2664, '2025-12-25', 0, 145, '2025-12-25 00:00:00', '2025-12-25 01:00:00'),
(2665, '2025-12-25', 0, 146, '2025-12-25 00:00:00', '2025-12-25 01:00:00'),
(2666, '2025-12-25', 0, 147, '2025-12-25 00:00:00', '2025-12-25 01:00:00'),
(2667, '2025-12-25', 0, 148, '2025-12-25 00:00:00', '2025-12-25 01:00:00'),
(2668, '2025-12-25', 0, 149, '2025-12-25 00:00:00', '2025-12-25 01:00:00'),
(2669, '2025-12-25', 0, 150, '2025-12-25 00:00:00', '2025-12-25 01:00:00'),
(2670, '2025-12-25', 0, 151, '2025-12-25 00:00:00', '2025-12-25 01:00:00'),
(2671, '2025-12-25', 0, 152, '2025-12-25 00:00:00', '2025-12-25 01:00:00'),
(2672, '2025-12-25', 0, 153, '2025-12-25 00:00:00', '2025-12-25 01:00:00'),
(2673, '2025-12-25', 0, 154, '2025-12-25 00:00:00', '2025-12-25 01:00:00'),
(2674, '2025-12-25', 0, 155, '2025-12-25 00:00:00', '2025-12-25 01:00:00'),
(2675, '2025-12-25', 0, 156, '2025-12-25 00:00:00', '2025-12-25 01:00:00'),
(2676, '2025-12-25', 0, 157, '2025-12-25 00:00:00', '2025-12-25 01:00:00'),
(2677, '2025-12-25', 0, 158, '2025-12-25 00:00:00', '2025-12-25 01:00:00'),
(2678, '2025-12-25', 0, 159, '2025-12-25 00:00:00', '2025-12-25 01:00:00'),
(2679, '2025-12-25', 0, 160, '2025-12-25 00:00:00', '2025-12-25 01:00:00'),
(2680, '2025-12-25', 0, 161, '2025-12-25 00:00:00', '2025-12-25 01:00:00'),
(2681, '2025-12-25', 0, 162, '2025-12-25 00:00:00', '2025-12-25 01:00:00'),
(2682, '2025-12-25', 0, 163, '2025-12-25 00:00:00', '2025-12-25 01:00:00'),
(2683, '2025-12-25', 0, 164, '2025-12-25 00:00:00', '2025-12-25 01:00:00'),
(2684, '2025-12-25', 0, 165, '2025-12-25 00:00:00', '2025-12-25 01:00:00'),
(2685, '2025-12-25', 0, 166, '2025-12-25 00:00:00', '2025-12-25 01:00:00'),
(2686, '2025-12-25', 0, 167, '2025-12-25 00:00:00', '2025-12-25 01:00:00'),
(2687, '2025-12-25', 0, 168, '2025-12-25 00:00:00', '2025-12-25 01:00:00'),
(2688, '2025-12-25', 0, 169, '2025-12-25 00:00:00', '2025-12-25 01:00:00'),
(2689, '2025-12-25', 0, 170, '2025-12-25 00:00:00', '2025-12-25 01:00:00'),
(2690, '2025-12-25', 0, 171, '2025-12-25 00:00:00', '2025-12-25 01:00:00'),
(2691, '2025-12-25', 0, 172, '2025-12-25 00:00:00', '2025-12-25 01:00:00'),
(2692, '2025-12-25', 0, 173, '2025-12-25 00:00:00', '2025-12-25 01:00:00'),
(2693, '2025-12-25', 0, 174, '2025-12-25 00:00:00', '2025-12-25 01:00:00'),
(2694, '2025-12-25', 0, 175, '2025-12-25 00:00:00', '2025-12-25 01:00:00'),
(2695, '2025-12-25', 0, 176, '2025-12-25 00:00:00', '2025-12-25 01:00:00'),
(2696, '2025-12-25', 0, 177, '2025-12-25 00:00:00', '2025-12-25 01:00:00'),
(2697, '2025-12-25', 0, 178, '2025-12-25 00:00:00', '2025-12-25 01:00:00'),
(2698, '2025-12-25', 0, 179, '2025-12-25 00:00:00', '2025-12-25 01:00:00'),
(2699, '2025-12-25', 0, 180, '2025-12-25 00:00:00', '2025-12-25 01:00:00'),
(2700, '2025-12-25', 0, 181, '2025-12-25 00:00:00', '2025-12-25 01:00:00'),
(2701, '2026-01-22', 1, 82, '2026-01-22 12:00:00', '2026-01-22 13:00:00'),
(2702, '2026-01-22', 1, 83, '2026-01-22 12:00:00', '2026-01-22 13:00:00'),
(2703, '2026-01-22', 1, 84, '2026-01-22 12:00:00', '2026-01-22 13:00:00'),
(2704, '2026-01-22', 1, 85, '2026-01-22 12:00:00', '2026-01-22 13:00:00'),
(2705, '2026-01-22', 1, 86, '2026-01-22 12:00:00', '2026-01-22 13:00:00'),
(2706, '2026-01-22', 1, 87, '2026-01-22 12:00:00', '2026-01-22 13:00:00'),
(2707, '2026-01-22', 1, 88, '2026-01-22 12:00:00', '2026-01-22 13:00:00'),
(2708, '2026-01-22', 1, 89, '2026-01-22 12:00:00', '2026-01-22 13:00:00'),
(2709, '2026-01-22', 1, 90, '2026-01-22 12:00:00', '2026-01-22 13:00:00'),
(2710, '2026-01-22', 1, 91, '2026-01-22 12:00:00', '2026-01-22 13:00:00'),
(2711, '2026-01-22', 1, 92, '2026-01-22 12:00:00', '2026-01-22 13:00:00'),
(2712, '2026-01-22', 1, 93, '2026-01-22 12:00:00', '2026-01-22 13:00:00'),
(2713, '2026-01-22', 1, 94, '2026-01-22 12:00:00', '2026-01-22 13:00:00'),
(2714, '2026-01-22', 1, 95, '2026-01-22 12:00:00', '2026-01-22 13:00:00'),
(2715, '2026-01-22', 1, 96, '2026-01-22 12:00:00', '2026-01-22 13:00:00'),
(2716, '2026-01-22', 1, 97, '2026-01-22 12:00:00', '2026-01-22 13:00:00');
INSERT INTO `workers_breaks` (`break_id`, `date`, `isDay`, `worker_id`, `started_at`, `ended_at`) VALUES
(2717, '2026-01-22', 1, 98, '2026-01-22 12:00:00', '2026-01-22 13:00:00'),
(2718, '2026-01-22', 1, 99, '2026-01-22 12:00:00', '2026-01-22 13:00:00'),
(2719, '2026-01-22', 1, 100, '2026-01-22 12:00:00', '2026-01-22 13:00:00'),
(2720, '2026-01-22', 1, 101, '2026-01-22 12:00:00', '2026-01-22 13:00:00'),
(2721, '2026-01-22', 1, 102, '2026-01-22 12:00:00', '2026-01-22 13:00:00'),
(2722, '2026-01-22', 1, 103, '2026-01-22 12:00:00', '2026-01-22 13:00:00'),
(2723, '2026-01-22', 1, 104, '2026-01-22 12:00:00', '2026-01-22 13:00:00'),
(2724, '2026-01-22', 1, 105, '2026-01-22 12:00:00', '2026-01-22 13:00:00'),
(2725, '2026-01-22', 1, 106, '2026-01-22 12:00:00', '2026-01-22 13:00:00'),
(2726, '2026-01-22', 1, 107, '2026-01-22 12:00:00', '2026-01-22 13:00:00'),
(2727, '2026-01-22', 1, 108, '2026-01-22 12:00:00', '2026-01-22 13:00:00'),
(2728, '2026-01-22', 1, 109, '2026-01-22 12:00:00', '2026-01-22 13:00:00'),
(2729, '2026-01-22', 1, 110, '2026-01-22 12:00:00', '2026-01-22 13:00:00'),
(2730, '2026-01-22', 1, 111, '2026-01-22 12:00:00', '2026-01-22 13:00:00'),
(2731, '2026-01-22', 1, 112, '2026-01-22 12:00:00', '2026-01-22 13:00:00'),
(2732, '2026-01-22', 1, 113, '2026-01-22 12:00:00', '2026-01-22 13:00:00'),
(2733, '2026-01-22', 1, 114, '2026-01-22 12:00:00', '2026-01-22 13:00:00'),
(2734, '2026-01-22', 1, 115, '2026-01-22 12:00:00', '2026-01-22 13:00:00'),
(2735, '2026-01-22', 1, 116, '2026-01-22 12:00:00', '2026-01-22 13:00:00'),
(2736, '2026-01-22', 1, 117, '2026-01-22 12:00:00', '2026-01-22 13:00:00'),
(2737, '2026-01-22', 1, 118, '2026-01-22 12:00:00', '2026-01-22 13:00:00'),
(2738, '2026-01-22', 1, 119, '2026-01-22 12:00:00', '2026-01-22 13:00:00'),
(2739, '2026-01-22', 1, 120, '2026-01-22 12:00:00', '2026-01-22 13:00:00'),
(2740, '2026-01-22', 1, 121, '2026-01-22 12:00:00', '2026-01-22 13:00:00'),
(2741, '2026-01-22', 1, 122, '2026-01-22 12:00:00', '2026-01-22 13:00:00'),
(2742, '2026-01-22', 1, 123, '2026-01-22 12:00:00', '2026-01-22 13:00:00'),
(2743, '2026-01-22', 1, 124, '2026-01-22 12:00:00', '2026-01-22 13:00:00'),
(2744, '2026-01-22', 1, 125, '2026-01-22 12:00:00', '2026-01-22 13:00:00'),
(2745, '2026-01-22', 1, 126, '2026-01-22 12:00:00', '2026-01-22 13:00:00'),
(2746, '2026-01-22', 1, 127, '2026-01-22 12:00:00', '2026-01-22 13:00:00'),
(2747, '2026-01-22', 1, 128, '2026-01-22 12:00:00', '2026-01-22 13:00:00'),
(2748, '2026-01-22', 1, 129, '2026-01-22 12:00:00', '2026-01-22 13:00:00'),
(2749, '2026-01-22', 1, 130, '2026-01-22 12:00:00', '2026-01-22 13:00:00'),
(2750, '2026-01-22', 1, 131, '2026-01-22 12:00:00', '2026-01-22 13:00:00'),
(2751, '2026-01-22', 1, 132, '2026-01-22 12:00:00', '2026-01-22 13:00:00'),
(2752, '2026-01-22', 1, 133, '2026-01-22 12:00:00', '2026-01-22 13:00:00'),
(2753, '2026-01-22', 1, 134, '2026-01-22 12:00:00', '2026-01-22 13:00:00'),
(2754, '2026-01-22', 1, 135, '2026-01-22 12:00:00', '2026-01-22 13:00:00'),
(2755, '2026-01-22', 1, 136, '2026-01-22 12:00:00', '2026-01-22 13:00:00'),
(2756, '2026-01-22', 1, 137, '2026-01-22 12:00:00', '2026-01-22 13:00:00'),
(2757, '2026-01-22', 1, 138, '2026-01-22 12:00:00', '2026-01-22 13:00:00'),
(2758, '2026-01-22', 1, 139, '2026-01-22 12:00:00', '2026-01-22 13:00:00'),
(2759, '2026-01-22', 1, 140, '2026-01-22 12:00:00', '2026-01-22 13:00:00'),
(2760, '2026-01-22', 1, 141, '2026-01-22 12:00:00', '2026-01-22 13:00:00'),
(2761, '2026-01-22', 1, 142, '2026-01-22 12:00:00', '2026-01-22 13:00:00'),
(2762, '2026-01-22', 1, 143, '2026-01-22 12:00:00', '2026-01-22 13:00:00'),
(2763, '2026-01-22', 1, 144, '2026-01-22 12:00:00', '2026-01-22 13:00:00'),
(2764, '2026-01-22', 1, 145, '2026-01-22 12:00:00', '2026-01-22 13:00:00'),
(2765, '2026-01-22', 1, 146, '2026-01-22 12:00:00', '2026-01-22 13:00:00'),
(2766, '2026-01-22', 1, 147, '2026-01-22 12:00:00', '2026-01-22 13:00:00'),
(2767, '2026-01-22', 1, 148, '2026-01-22 12:00:00', '2026-01-22 13:00:00'),
(2768, '2026-01-22', 1, 149, '2026-01-22 12:00:00', '2026-01-22 13:00:00'),
(2769, '2026-01-22', 1, 150, '2026-01-22 12:00:00', '2026-01-22 13:00:00'),
(2770, '2026-01-22', 1, 151, '2026-01-22 12:00:00', '2026-01-22 13:00:00'),
(2771, '2026-01-22', 1, 152, '2026-01-22 12:00:00', '2026-01-22 13:00:00'),
(2772, '2026-01-22', 1, 153, '2026-01-22 12:00:00', '2026-01-22 13:00:00'),
(2773, '2026-01-22', 1, 154, '2026-01-22 12:00:00', '2026-01-22 13:00:00'),
(2774, '2026-01-22', 1, 155, '2026-01-22 12:00:00', '2026-01-22 13:00:00'),
(2775, '2026-01-22', 1, 156, '2026-01-22 12:00:00', '2026-01-22 13:00:00'),
(2776, '2026-01-22', 1, 157, '2026-01-22 12:00:00', '2026-01-22 13:00:00'),
(2777, '2026-01-22', 1, 158, '2026-01-22 12:00:00', '2026-01-22 13:00:00'),
(2778, '2026-01-22', 1, 159, '2026-01-22 12:00:00', '2026-01-22 13:00:00'),
(2779, '2026-01-22', 1, 160, '2026-01-22 12:00:00', '2026-01-22 13:00:00'),
(2780, '2026-01-22', 1, 161, '2026-01-22 12:00:00', '2026-01-22 13:00:00'),
(2781, '2026-01-22', 1, 162, '2026-01-22 12:00:00', '2026-01-22 13:00:00'),
(2782, '2026-01-22', 1, 163, '2026-01-22 12:00:00', '2026-01-22 13:00:00'),
(2783, '2026-01-22', 1, 164, '2026-01-22 12:00:00', '2026-01-22 13:00:00'),
(2784, '2026-01-22', 1, 165, '2026-01-22 12:00:00', '2026-01-22 13:00:00'),
(2785, '2026-01-22', 1, 166, '2026-01-22 12:00:00', '2026-01-22 13:00:00'),
(2786, '2026-01-22', 1, 167, '2026-01-22 12:00:00', '2026-01-22 13:00:00'),
(2787, '2026-01-22', 1, 168, '2026-01-22 12:00:00', '2026-01-22 13:00:00'),
(2788, '2026-01-22', 1, 169, '2026-01-22 12:00:00', '2026-01-22 13:00:00'),
(2789, '2026-01-22', 1, 170, '2026-01-22 12:00:00', '2026-01-22 13:00:00'),
(2790, '2026-01-22', 1, 171, '2026-01-22 12:00:00', '2026-01-22 13:00:00'),
(2791, '2026-01-22', 1, 172, '2026-01-22 12:00:00', '2026-01-22 13:00:00'),
(2792, '2026-01-22', 1, 173, '2026-01-22 12:00:00', '2026-01-22 13:00:00'),
(2793, '2026-01-22', 1, 174, '2026-01-22 12:00:00', '2026-01-22 13:00:00'),
(2794, '2026-01-22', 1, 175, '2026-01-22 12:00:00', '2026-01-22 13:00:00'),
(2795, '2026-01-22', 1, 176, '2026-01-22 12:00:00', '2026-01-22 13:00:00'),
(2796, '2026-01-22', 1, 177, '2026-01-22 12:00:00', '2026-01-22 13:00:00'),
(2797, '2026-01-22', 1, 178, '2026-01-22 12:00:00', '2026-01-22 13:00:00'),
(2798, '2026-01-22', 1, 179, '2026-01-22 12:00:00', '2026-01-22 13:00:00'),
(2799, '2026-01-22', 1, 180, '2026-01-22 12:00:00', '2026-01-22 13:00:00'),
(2800, '2026-01-22', 1, 181, '2026-01-22 12:00:00', '2026-01-22 13:00:00'),
(2801, '2026-01-26', 1, 82, '2026-01-26 12:00:00', '2026-01-26 13:00:00'),
(2802, '2026-01-26', 1, 83, '2026-01-26 12:00:00', '2026-01-26 13:00:00'),
(2803, '2026-01-26', 1, 84, '2026-01-26 12:00:00', '2026-01-26 13:00:00'),
(2804, '2026-01-26', 1, 85, '2026-01-26 12:00:00', '2026-01-26 13:00:00'),
(2805, '2026-01-26', 1, 86, '2026-01-26 12:00:00', '2026-01-26 13:00:00'),
(2806, '2026-01-26', 1, 87, '2026-01-26 12:00:00', '2026-01-26 13:00:00'),
(2807, '2026-01-26', 1, 88, '2026-01-26 12:00:00', '2026-01-26 13:00:00'),
(2808, '2026-01-26', 1, 89, '2026-01-26 12:00:00', '2026-01-26 13:00:00'),
(2809, '2026-01-26', 1, 90, '2026-01-26 12:00:00', '2026-01-26 13:00:00'),
(2810, '2026-01-26', 1, 91, '2026-01-26 12:00:00', '2026-01-26 13:00:00'),
(2811, '2026-01-26', 1, 92, '2026-01-26 12:00:00', '2026-01-26 13:00:00'),
(2812, '2026-01-26', 1, 93, '2026-01-26 12:00:00', '2026-01-26 13:00:00'),
(2813, '2026-01-26', 1, 94, '2026-01-26 12:00:00', '2026-01-26 13:00:00'),
(2814, '2026-01-26', 1, 95, '2026-01-26 12:00:00', '2026-01-26 13:00:00'),
(2815, '2026-01-26', 1, 96, '2026-01-26 12:00:00', '2026-01-26 13:00:00'),
(2816, '2026-01-26', 1, 97, '2026-01-26 12:00:00', '2026-01-26 13:00:00'),
(2817, '2026-01-26', 1, 98, '2026-01-26 12:00:00', '2026-01-26 13:00:00'),
(2818, '2026-01-26', 1, 99, '2026-01-26 12:00:00', '2026-01-26 13:00:00'),
(2819, '2026-01-26', 1, 100, '2026-01-26 12:00:00', '2026-01-26 13:00:00'),
(2820, '2026-01-26', 1, 101, '2026-01-26 12:00:00', '2026-01-26 13:00:00'),
(2821, '2026-01-26', 1, 102, '2026-01-26 12:00:00', '2026-01-26 13:00:00'),
(2822, '2026-01-26', 1, 103, '2026-01-26 12:00:00', '2026-01-26 13:00:00'),
(2823, '2026-01-26', 1, 104, '2026-01-26 12:00:00', '2026-01-26 13:00:00'),
(2824, '2026-01-26', 1, 105, '2026-01-26 12:00:00', '2026-01-26 13:00:00'),
(2825, '2026-01-26', 1, 106, '2026-01-26 12:00:00', '2026-01-26 13:00:00'),
(2826, '2026-01-26', 1, 107, '2026-01-26 12:00:00', '2026-01-26 13:00:00'),
(2827, '2026-01-26', 1, 108, '2026-01-26 12:00:00', '2026-01-26 13:00:00'),
(2828, '2026-01-26', 1, 109, '2026-01-26 12:00:00', '2026-01-26 13:00:00'),
(2829, '2026-01-26', 1, 110, '2026-01-26 12:00:00', '2026-01-26 13:00:00'),
(2830, '2026-01-26', 1, 111, '2026-01-26 12:00:00', '2026-01-26 13:00:00'),
(2831, '2026-01-26', 1, 112, '2026-01-26 12:00:00', '2026-01-26 13:00:00'),
(2832, '2026-01-26', 1, 113, '2026-01-26 12:00:00', '2026-01-26 13:00:00'),
(2833, '2026-01-26', 1, 114, '2026-01-26 12:00:00', '2026-01-26 13:00:00'),
(2834, '2026-01-26', 1, 115, '2026-01-26 12:00:00', '2026-01-26 13:00:00'),
(2835, '2026-01-26', 1, 116, '2026-01-26 12:00:00', '2026-01-26 13:00:00'),
(2836, '2026-01-26', 1, 117, '2026-01-26 12:00:00', '2026-01-26 13:00:00'),
(2837, '2026-01-26', 1, 118, '2026-01-26 12:00:00', '2026-01-26 13:00:00'),
(2838, '2026-01-26', 1, 119, '2026-01-26 12:00:00', '2026-01-26 13:00:00'),
(2839, '2026-01-26', 1, 120, '2026-01-26 12:00:00', '2026-01-26 13:00:00'),
(2840, '2026-01-26', 1, 121, '2026-01-26 12:00:00', '2026-01-26 13:00:00'),
(2841, '2026-01-26', 1, 122, '2026-01-26 12:00:00', '2026-01-26 13:00:00'),
(2842, '2026-01-26', 1, 123, '2026-01-26 12:00:00', '2026-01-26 13:00:00'),
(2843, '2026-01-26', 1, 124, '2026-01-26 12:00:00', '2026-01-26 13:00:00'),
(2844, '2026-01-26', 1, 125, '2026-01-26 12:00:00', '2026-01-26 13:00:00'),
(2845, '2026-01-26', 1, 126, '2026-01-26 12:00:00', '2026-01-26 13:00:00'),
(2846, '2026-01-26', 1, 127, '2026-01-26 12:00:00', '2026-01-26 13:00:00'),
(2847, '2026-01-26', 1, 128, '2026-01-26 12:00:00', '2026-01-26 13:00:00'),
(2848, '2026-01-26', 1, 129, '2026-01-26 12:00:00', '2026-01-26 13:00:00'),
(2849, '2026-01-26', 1, 130, '2026-01-26 12:00:00', '2026-01-26 13:00:00'),
(2850, '2026-01-26', 1, 131, '2026-01-26 12:00:00', '2026-01-26 13:00:00'),
(2851, '2026-01-26', 1, 132, '2026-01-26 12:00:00', '2026-01-26 13:00:00'),
(2852, '2026-01-26', 1, 133, '2026-01-26 12:00:00', '2026-01-26 13:00:00'),
(2853, '2026-01-26', 1, 134, '2026-01-26 12:00:00', '2026-01-26 13:00:00'),
(2854, '2026-01-26', 1, 135, '2026-01-26 12:00:00', '2026-01-26 13:00:00'),
(2855, '2026-01-26', 1, 136, '2026-01-26 12:00:00', '2026-01-26 13:00:00'),
(2856, '2026-01-26', 1, 137, '2026-01-26 12:00:00', '2026-01-26 13:00:00'),
(2857, '2026-01-26', 1, 138, '2026-01-26 12:00:00', '2026-01-26 13:00:00'),
(2858, '2026-01-26', 1, 139, '2026-01-26 12:00:00', '2026-01-26 13:00:00'),
(2859, '2026-01-26', 1, 140, '2026-01-26 12:00:00', '2026-01-26 13:00:00'),
(2860, '2026-01-26', 1, 141, '2026-01-26 12:00:00', '2026-01-26 13:00:00'),
(2861, '2026-01-26', 1, 142, '2026-01-26 12:00:00', '2026-01-26 13:00:00'),
(2862, '2026-01-26', 1, 143, '2026-01-26 12:00:00', '2026-01-26 13:00:00'),
(2863, '2026-01-26', 1, 144, '2026-01-26 12:00:00', '2026-01-26 13:00:00'),
(2864, '2026-01-26', 1, 145, '2026-01-26 12:00:00', '2026-01-26 13:00:00'),
(2865, '2026-01-26', 1, 146, '2026-01-26 12:00:00', '2026-01-26 13:00:00'),
(2866, '2026-01-26', 1, 147, '2026-01-26 12:00:00', '2026-01-26 13:00:00'),
(2867, '2026-01-26', 1, 148, '2026-01-26 12:00:00', '2026-01-26 13:00:00'),
(2868, '2026-01-26', 1, 149, '2026-01-26 12:00:00', '2026-01-26 13:00:00'),
(2869, '2026-01-26', 1, 150, '2026-01-26 12:00:00', '2026-01-26 13:00:00'),
(2870, '2026-01-26', 1, 151, '2026-01-26 12:00:00', '2026-01-26 13:00:00'),
(2871, '2026-01-26', 1, 152, '2026-01-26 12:00:00', '2026-01-26 13:00:00'),
(2872, '2026-01-26', 1, 153, '2026-01-26 12:00:00', '2026-01-26 13:00:00'),
(2873, '2026-01-26', 1, 154, '2026-01-26 12:00:00', '2026-01-26 13:00:00'),
(2874, '2026-01-26', 1, 155, '2026-01-26 12:00:00', '2026-01-26 13:00:00'),
(2875, '2026-01-26', 1, 156, '2026-01-26 12:00:00', '2026-01-26 13:00:00'),
(2876, '2026-01-26', 1, 157, '2026-01-26 12:00:00', '2026-01-26 13:00:00'),
(2877, '2026-01-26', 1, 158, '2026-01-26 12:00:00', '2026-01-26 13:00:00'),
(2878, '2026-01-26', 1, 159, '2026-01-26 12:00:00', '2026-01-26 13:00:00'),
(2879, '2026-01-26', 1, 160, '2026-01-26 12:00:00', '2026-01-26 13:00:00'),
(2880, '2026-01-26', 1, 161, '2026-01-26 12:00:00', '2026-01-26 13:00:00'),
(2881, '2026-01-26', 1, 162, '2026-01-26 12:00:00', '2026-01-26 13:00:00'),
(2882, '2026-01-26', 1, 163, '2026-01-26 12:00:00', '2026-01-26 13:00:00'),
(2883, '2026-01-26', 1, 164, '2026-01-26 12:00:00', '2026-01-26 13:00:00'),
(2884, '2026-01-26', 1, 165, '2026-01-26 12:00:00', '2026-01-26 13:00:00'),
(2885, '2026-01-26', 1, 166, '2026-01-26 12:00:00', '2026-01-26 13:00:00'),
(2886, '2026-01-26', 1, 167, '2026-01-26 12:00:00', '2026-01-26 13:00:00'),
(2887, '2026-01-26', 1, 168, '2026-01-26 12:00:00', '2026-01-26 13:00:00'),
(2888, '2026-01-26', 1, 169, '2026-01-26 12:00:00', '2026-01-26 13:00:00'),
(2889, '2026-01-26', 1, 170, '2026-01-26 12:00:00', '2026-01-26 13:00:00'),
(2890, '2026-01-26', 1, 171, '2026-01-26 12:00:00', '2026-01-26 13:00:00'),
(2891, '2026-01-26', 1, 172, '2026-01-26 12:00:00', '2026-01-26 13:00:00'),
(2892, '2026-01-26', 1, 173, '2026-01-26 12:00:00', '2026-01-26 13:00:00'),
(2893, '2026-01-26', 1, 174, '2026-01-26 12:00:00', '2026-01-26 13:00:00'),
(2894, '2026-01-26', 1, 175, '2026-01-26 12:00:00', '2026-01-26 13:00:00'),
(2895, '2026-01-26', 1, 176, '2026-01-26 12:00:00', '2026-01-26 13:00:00'),
(2896, '2026-01-26', 1, 177, '2026-01-26 12:00:00', '2026-01-26 13:00:00'),
(2897, '2026-01-26', 1, 178, '2026-01-26 12:00:00', '2026-01-26 13:00:00'),
(2898, '2026-01-26', 1, 179, '2026-01-26 12:00:00', '2026-01-26 13:00:00'),
(2899, '2026-01-26', 1, 180, '2026-01-26 12:00:00', '2026-01-26 13:00:00'),
(2900, '2026-01-26', 1, 181, '2026-01-26 12:00:00', '2026-01-26 13:00:00'),
(2901, '2026-01-26', 0, 82, '2026-01-26 00:00:00', '2026-01-26 01:00:00'),
(2902, '2026-01-26', 0, 83, '2026-01-26 00:00:00', '2026-01-26 01:00:00'),
(2903, '2026-01-26', 0, 84, '2026-01-26 00:00:00', '2026-01-26 01:00:00'),
(2904, '2026-01-26', 0, 85, '2026-01-26 00:00:00', '2026-01-26 01:00:00'),
(2905, '2026-01-26', 0, 86, '2026-01-26 00:00:00', '2026-01-26 01:00:00'),
(2906, '2026-01-26', 0, 87, '2026-01-26 00:00:00', '2026-01-26 01:00:00'),
(2907, '2026-01-26', 0, 88, '2026-01-26 00:00:00', '2026-01-26 01:00:00'),
(2908, '2026-01-26', 0, 89, '2026-01-26 00:00:00', '2026-01-26 01:00:00'),
(2909, '2026-01-26', 0, 90, '2026-01-26 00:00:00', '2026-01-26 01:00:00'),
(2910, '2026-01-26', 0, 91, '2026-01-26 00:00:00', '2026-01-26 01:00:00'),
(2911, '2026-01-26', 0, 92, '2026-01-26 00:00:00', '2026-01-26 01:00:00'),
(2912, '2026-01-26', 0, 93, '2026-01-26 00:00:00', '2026-01-26 01:00:00'),
(2913, '2026-01-26', 0, 94, '2026-01-26 00:00:00', '2026-01-26 01:00:00'),
(2914, '2026-01-26', 0, 95, '2026-01-26 00:00:00', '2026-01-26 01:00:00'),
(2915, '2026-01-26', 0, 96, '2026-01-26 00:00:00', '2026-01-26 01:00:00'),
(2916, '2026-01-26', 0, 97, '2026-01-26 00:00:00', '2026-01-26 01:00:00'),
(2917, '2026-01-26', 0, 98, '2026-01-26 00:00:00', '2026-01-26 01:00:00'),
(2918, '2026-01-26', 0, 99, '2026-01-26 00:00:00', '2026-01-26 01:00:00'),
(2919, '2026-01-26', 0, 100, '2026-01-26 00:00:00', '2026-01-26 01:00:00'),
(2920, '2026-01-26', 0, 101, '2026-01-26 00:00:00', '2026-01-26 01:00:00'),
(2921, '2026-01-26', 0, 102, '2026-01-26 00:00:00', '2026-01-26 01:00:00'),
(2922, '2026-01-26', 0, 103, '2026-01-26 00:00:00', '2026-01-26 01:00:00'),
(2923, '2026-01-26', 0, 104, '2026-01-26 00:00:00', '2026-01-26 01:00:00'),
(2924, '2026-01-26', 0, 105, '2026-01-26 00:00:00', '2026-01-26 01:00:00'),
(2925, '2026-01-26', 0, 106, '2026-01-26 00:00:00', '2026-01-26 01:00:00'),
(2926, '2026-01-26', 0, 107, '2026-01-26 00:00:00', '2026-01-26 01:00:00'),
(2927, '2026-01-26', 0, 108, '2026-01-26 00:00:00', '2026-01-26 01:00:00'),
(2928, '2026-01-26', 0, 109, '2026-01-26 00:00:00', '2026-01-26 01:00:00'),
(2929, '2026-01-26', 0, 110, '2026-01-26 00:00:00', '2026-01-26 01:00:00'),
(2930, '2026-01-26', 0, 111, '2026-01-26 00:00:00', '2026-01-26 01:00:00'),
(2931, '2026-01-26', 0, 112, '2026-01-26 00:00:00', '2026-01-26 01:00:00'),
(2932, '2026-01-26', 0, 113, '2026-01-26 00:00:00', '2026-01-26 01:00:00'),
(2933, '2026-01-26', 0, 114, '2026-01-26 00:00:00', '2026-01-26 01:00:00'),
(2934, '2026-01-26', 0, 115, '2026-01-26 00:00:00', '2026-01-26 01:00:00'),
(2935, '2026-01-26', 0, 116, '2026-01-26 00:00:00', '2026-01-26 01:00:00'),
(2936, '2026-01-26', 0, 117, '2026-01-26 00:00:00', '2026-01-26 01:00:00'),
(2937, '2026-01-26', 0, 118, '2026-01-26 00:00:00', '2026-01-26 01:00:00'),
(2938, '2026-01-26', 0, 119, '2026-01-26 00:00:00', '2026-01-26 01:00:00'),
(2939, '2026-01-26', 0, 120, '2026-01-26 00:00:00', '2026-01-26 01:00:00'),
(2940, '2026-01-26', 0, 121, '2026-01-26 00:00:00', '2026-01-26 01:00:00'),
(2941, '2026-01-26', 0, 122, '2026-01-26 00:00:00', '2026-01-26 01:00:00'),
(2942, '2026-01-26', 0, 123, '2026-01-26 00:00:00', '2026-01-26 01:00:00'),
(2943, '2026-01-26', 0, 124, '2026-01-26 00:00:00', '2026-01-26 01:00:00'),
(2944, '2026-01-26', 0, 125, '2026-01-26 00:00:00', '2026-01-26 01:00:00'),
(2945, '2026-01-26', 0, 126, '2026-01-26 00:00:00', '2026-01-26 01:00:00'),
(2946, '2026-01-26', 0, 127, '2026-01-26 00:00:00', '2026-01-26 01:00:00'),
(2947, '2026-01-26', 0, 128, '2026-01-26 00:00:00', '2026-01-26 01:00:00'),
(2948, '2026-01-26', 0, 129, '2026-01-26 00:00:00', '2026-01-26 01:00:00'),
(2949, '2026-01-26', 0, 130, '2026-01-26 00:00:00', '2026-01-26 01:00:00'),
(2950, '2026-01-26', 0, 131, '2026-01-26 00:00:00', '2026-01-26 01:00:00'),
(2951, '2026-01-26', 0, 132, '2026-01-26 00:00:00', '2026-01-26 01:00:00'),
(2952, '2026-01-26', 0, 133, '2026-01-26 00:00:00', '2026-01-26 01:00:00'),
(2953, '2026-01-26', 0, 134, '2026-01-26 00:00:00', '2026-01-26 01:00:00'),
(2954, '2026-01-26', 0, 135, '2026-01-26 00:00:00', '2026-01-26 01:00:00'),
(2955, '2026-01-26', 0, 136, '2026-01-26 00:00:00', '2026-01-26 01:00:00'),
(2956, '2026-01-26', 0, 137, '2026-01-26 00:00:00', '2026-01-26 01:00:00'),
(2957, '2026-01-26', 0, 138, '2026-01-26 00:00:00', '2026-01-26 01:00:00'),
(2958, '2026-01-26', 0, 139, '2026-01-26 00:00:00', '2026-01-26 01:00:00'),
(2959, '2026-01-26', 0, 140, '2026-01-26 00:00:00', '2026-01-26 01:00:00'),
(2960, '2026-01-26', 0, 141, '2026-01-26 00:00:00', '2026-01-26 01:00:00'),
(2961, '2026-01-26', 0, 142, '2026-01-26 00:00:00', '2026-01-26 01:00:00'),
(2962, '2026-01-26', 0, 143, '2026-01-26 00:00:00', '2026-01-26 01:00:00'),
(2963, '2026-01-26', 0, 144, '2026-01-26 00:00:00', '2026-01-26 01:00:00'),
(2964, '2026-01-26', 0, 145, '2026-01-26 00:00:00', '2026-01-26 01:00:00'),
(2965, '2026-01-26', 0, 146, '2026-01-26 00:00:00', '2026-01-26 01:00:00'),
(2966, '2026-01-26', 0, 147, '2026-01-26 00:00:00', '2026-01-26 01:00:00'),
(2967, '2026-01-26', 0, 148, '2026-01-26 00:00:00', '2026-01-26 01:00:00'),
(2968, '2026-01-26', 0, 149, '2026-01-26 00:00:00', '2026-01-26 01:00:00'),
(2969, '2026-01-26', 0, 150, '2026-01-26 00:00:00', '2026-01-26 01:00:00'),
(2970, '2026-01-26', 0, 151, '2026-01-26 00:00:00', '2026-01-26 01:00:00'),
(2971, '2026-01-26', 0, 152, '2026-01-26 00:00:00', '2026-01-26 01:00:00'),
(2972, '2026-01-26', 0, 153, '2026-01-26 00:00:00', '2026-01-26 01:00:00'),
(2973, '2026-01-26', 0, 154, '2026-01-26 00:00:00', '2026-01-26 01:00:00'),
(2974, '2026-01-26', 0, 155, '2026-01-26 00:00:00', '2026-01-26 01:00:00'),
(2975, '2026-01-26', 0, 156, '2026-01-26 00:00:00', '2026-01-26 01:00:00'),
(2976, '2026-01-26', 0, 157, '2026-01-26 00:00:00', '2026-01-26 01:00:00'),
(2977, '2026-01-26', 0, 158, '2026-01-26 00:00:00', '2026-01-26 01:00:00'),
(2978, '2026-01-26', 0, 159, '2026-01-26 00:00:00', '2026-01-26 01:00:00'),
(2979, '2026-01-26', 0, 160, '2026-01-26 00:00:00', '2026-01-26 01:00:00'),
(2980, '2026-01-26', 0, 161, '2026-01-26 00:00:00', '2026-01-26 01:00:00'),
(2981, '2026-01-26', 0, 162, '2026-01-26 00:00:00', '2026-01-26 01:00:00'),
(2982, '2026-01-26', 0, 163, '2026-01-26 00:00:00', '2026-01-26 01:00:00'),
(2983, '2026-01-26', 0, 164, '2026-01-26 00:00:00', '2026-01-26 01:00:00'),
(2984, '2026-01-26', 0, 165, '2026-01-26 00:00:00', '2026-01-26 01:00:00'),
(2985, '2026-01-26', 0, 166, '2026-01-26 00:00:00', '2026-01-26 01:00:00'),
(2986, '2026-01-26', 0, 167, '2026-01-26 00:00:00', '2026-01-26 01:00:00'),
(2987, '2026-01-26', 0, 168, '2026-01-26 00:00:00', '2026-01-26 01:00:00'),
(2988, '2026-01-26', 0, 169, '2026-01-26 00:00:00', '2026-01-26 01:00:00'),
(2989, '2026-01-26', 0, 170, '2026-01-26 00:00:00', '2026-01-26 01:00:00'),
(2990, '2026-01-26', 0, 171, '2026-01-26 00:00:00', '2026-01-26 01:00:00'),
(2991, '2026-01-26', 0, 172, '2026-01-26 00:00:00', '2026-01-26 01:00:00'),
(2992, '2026-01-26', 0, 173, '2026-01-26 00:00:00', '2026-01-26 01:00:00'),
(2993, '2026-01-26', 0, 174, '2026-01-26 00:00:00', '2026-01-26 01:00:00'),
(2994, '2026-01-26', 0, 175, '2026-01-26 00:00:00', '2026-01-26 01:00:00'),
(2995, '2026-01-26', 0, 176, '2026-01-26 00:00:00', '2026-01-26 01:00:00'),
(2996, '2026-01-26', 0, 177, '2026-01-26 00:00:00', '2026-01-26 01:00:00'),
(2997, '2026-01-26', 0, 178, '2026-01-26 00:00:00', '2026-01-26 01:00:00'),
(2998, '2026-01-26', 0, 179, '2026-01-26 00:00:00', '2026-01-26 01:00:00'),
(2999, '2026-01-26', 0, 180, '2026-01-26 00:00:00', '2026-01-26 01:00:00'),
(3000, '2026-01-26', 0, 181, '2026-01-26 00:00:00', '2026-01-26 01:00:00'),
(3001, '2026-01-27', 1, 82, '2026-01-27 12:00:00', '2026-01-27 13:00:00'),
(3002, '2026-01-27', 1, 83, '2026-01-27 12:00:00', '2026-01-27 13:00:00'),
(3003, '2026-01-27', 1, 84, '2026-01-27 12:00:00', '2026-01-27 13:00:00'),
(3004, '2026-01-27', 1, 85, '2026-01-27 12:00:00', '2026-01-27 13:00:00'),
(3005, '2026-01-27', 1, 86, '2026-01-27 12:00:00', '2026-01-27 13:00:00'),
(3006, '2026-01-27', 1, 87, '2026-01-27 12:00:00', '2026-01-27 13:00:00'),
(3007, '2026-01-27', 1, 88, '2026-01-27 12:00:00', '2026-01-27 13:00:00'),
(3008, '2026-01-27', 1, 89, '2026-01-27 12:00:00', '2026-01-27 13:00:00'),
(3009, '2026-01-27', 1, 90, '2026-01-27 12:00:00', '2026-01-27 13:00:00'),
(3010, '2026-01-27', 1, 91, '2026-01-27 12:00:00', '2026-01-27 13:00:00'),
(3011, '2026-01-27', 1, 92, '2026-01-27 12:00:00', '2026-01-27 13:00:00'),
(3012, '2026-01-27', 1, 93, '2026-01-27 12:00:00', '2026-01-27 13:00:00'),
(3013, '2026-01-27', 1, 94, '2026-01-27 12:00:00', '2026-01-27 13:00:00'),
(3014, '2026-01-27', 1, 95, '2026-01-27 12:00:00', '2026-01-27 13:00:00'),
(3015, '2026-01-27', 1, 96, '2026-01-27 12:00:00', '2026-01-27 13:00:00'),
(3016, '2026-01-27', 1, 97, '2026-01-27 12:00:00', '2026-01-27 13:00:00'),
(3017, '2026-01-27', 1, 98, '2026-01-27 12:00:00', '2026-01-27 13:00:00'),
(3018, '2026-01-27', 1, 99, '2026-01-27 12:00:00', '2026-01-27 13:00:00'),
(3019, '2026-01-27', 1, 100, '2026-01-27 12:00:00', '2026-01-27 13:00:00'),
(3020, '2026-01-27', 1, 101, '2026-01-27 12:00:00', '2026-01-27 13:00:00'),
(3021, '2026-01-27', 1, 102, '2026-01-27 12:00:00', '2026-01-27 13:00:00'),
(3022, '2026-01-27', 1, 103, '2026-01-27 12:00:00', '2026-01-27 13:00:00'),
(3023, '2026-01-27', 1, 104, '2026-01-27 12:00:00', '2026-01-27 13:00:00'),
(3024, '2026-01-27', 1, 105, '2026-01-27 12:00:00', '2026-01-27 13:00:00'),
(3025, '2026-01-27', 1, 106, '2026-01-27 12:00:00', '2026-01-27 13:00:00'),
(3026, '2026-01-27', 1, 107, '2026-01-27 12:00:00', '2026-01-27 13:00:00'),
(3027, '2026-01-27', 1, 108, '2026-01-27 12:00:00', '2026-01-27 13:00:00'),
(3028, '2026-01-27', 1, 109, '2026-01-27 12:00:00', '2026-01-27 13:00:00'),
(3029, '2026-01-27', 1, 110, '2026-01-27 12:00:00', '2026-01-27 13:00:00'),
(3030, '2026-01-27', 1, 111, '2026-01-27 12:00:00', '2026-01-27 13:00:00'),
(3031, '2026-01-27', 1, 112, '2026-01-27 12:00:00', '2026-01-27 13:00:00'),
(3032, '2026-01-27', 1, 113, '2026-01-27 12:00:00', '2026-01-27 13:00:00'),
(3033, '2026-01-27', 1, 114, '2026-01-27 12:00:00', '2026-01-27 13:00:00'),
(3034, '2026-01-27', 1, 115, '2026-01-27 12:00:00', '2026-01-27 13:00:00'),
(3035, '2026-01-27', 1, 116, '2026-01-27 12:00:00', '2026-01-27 13:00:00'),
(3036, '2026-01-27', 1, 117, '2026-01-27 12:00:00', '2026-01-27 13:00:00'),
(3037, '2026-01-27', 1, 118, '2026-01-27 12:00:00', '2026-01-27 13:00:00'),
(3038, '2026-01-27', 1, 119, '2026-01-27 12:00:00', '2026-01-27 13:00:00'),
(3039, '2026-01-27', 1, 120, '2026-01-27 12:00:00', '2026-01-27 13:00:00'),
(3040, '2026-01-27', 1, 121, '2026-01-27 12:00:00', '2026-01-27 13:00:00'),
(3041, '2026-01-27', 1, 122, '2026-01-27 12:00:00', '2026-01-27 13:00:00'),
(3042, '2026-01-27', 1, 123, '2026-01-27 12:00:00', '2026-01-27 13:00:00'),
(3043, '2026-01-27', 1, 124, '2026-01-27 12:00:00', '2026-01-27 13:00:00'),
(3044, '2026-01-27', 1, 125, '2026-01-27 12:00:00', '2026-01-27 13:00:00'),
(3045, '2026-01-27', 1, 126, '2026-01-27 12:00:00', '2026-01-27 13:00:00'),
(3046, '2026-01-27', 1, 127, '2026-01-27 12:00:00', '2026-01-27 13:00:00'),
(3047, '2026-01-27', 1, 128, '2026-01-27 12:00:00', '2026-01-27 13:00:00'),
(3048, '2026-01-27', 1, 129, '2026-01-27 12:00:00', '2026-01-27 13:00:00'),
(3049, '2026-01-27', 1, 130, '2026-01-27 12:00:00', '2026-01-27 13:00:00'),
(3050, '2026-01-27', 1, 131, '2026-01-27 12:00:00', '2026-01-27 13:00:00'),
(3051, '2026-01-27', 1, 132, '2026-01-27 12:00:00', '2026-01-27 13:00:00'),
(3052, '2026-01-27', 1, 133, '2026-01-27 12:00:00', '2026-01-27 13:00:00'),
(3053, '2026-01-27', 1, 134, '2026-01-27 12:00:00', '2026-01-27 13:00:00'),
(3054, '2026-01-27', 1, 135, '2026-01-27 12:00:00', '2026-01-27 13:00:00'),
(3055, '2026-01-27', 1, 136, '2026-01-27 12:00:00', '2026-01-27 13:00:00'),
(3056, '2026-01-27', 1, 137, '2026-01-27 12:00:00', '2026-01-27 13:00:00'),
(3057, '2026-01-27', 1, 138, '2026-01-27 12:00:00', '2026-01-27 13:00:00'),
(3058, '2026-01-27', 1, 139, '2026-01-27 12:00:00', '2026-01-27 13:00:00'),
(3059, '2026-01-27', 1, 140, '2026-01-27 12:00:00', '2026-01-27 13:00:00'),
(3060, '2026-01-27', 1, 141, '2026-01-27 12:00:00', '2026-01-27 13:00:00'),
(3061, '2026-01-27', 1, 142, '2026-01-27 12:00:00', '2026-01-27 13:00:00'),
(3062, '2026-01-27', 1, 143, '2026-01-27 12:00:00', '2026-01-27 13:00:00'),
(3063, '2026-01-27', 1, 144, '2026-01-27 12:00:00', '2026-01-27 13:00:00'),
(3064, '2026-01-27', 1, 145, '2026-01-27 12:00:00', '2026-01-27 13:00:00'),
(3065, '2026-01-27', 1, 146, '2026-01-27 12:00:00', '2026-01-27 13:00:00'),
(3066, '2026-01-27', 1, 147, '2026-01-27 12:00:00', '2026-01-27 13:00:00'),
(3067, '2026-01-27', 1, 148, '2026-01-27 12:00:00', '2026-01-27 13:00:00'),
(3068, '2026-01-27', 1, 149, '2026-01-27 12:00:00', '2026-01-27 13:00:00'),
(3069, '2026-01-27', 1, 150, '2026-01-27 12:00:00', '2026-01-27 13:00:00'),
(3070, '2026-01-27', 1, 151, '2026-01-27 12:00:00', '2026-01-27 13:00:00'),
(3071, '2026-01-27', 1, 152, '2026-01-27 12:00:00', '2026-01-27 13:00:00'),
(3072, '2026-01-27', 1, 153, '2026-01-27 12:00:00', '2026-01-27 13:00:00'),
(3073, '2026-01-27', 1, 154, '2026-01-27 12:00:00', '2026-01-27 13:00:00'),
(3074, '2026-01-27', 1, 155, '2026-01-27 12:00:00', '2026-01-27 13:00:00'),
(3075, '2026-01-27', 1, 156, '2026-01-27 12:00:00', '2026-01-27 13:00:00'),
(3076, '2026-01-27', 1, 157, '2026-01-27 12:00:00', '2026-01-27 13:00:00'),
(3077, '2026-01-27', 1, 158, '2026-01-27 12:00:00', '2026-01-27 13:00:00'),
(3078, '2026-01-27', 1, 159, '2026-01-27 12:00:00', '2026-01-27 13:00:00'),
(3079, '2026-01-27', 1, 160, '2026-01-27 12:00:00', '2026-01-27 13:00:00'),
(3080, '2026-01-27', 1, 161, '2026-01-27 12:00:00', '2026-01-27 13:00:00'),
(3081, '2026-01-27', 1, 162, '2026-01-27 12:00:00', '2026-01-27 13:00:00'),
(3082, '2026-01-27', 1, 163, '2026-01-27 12:00:00', '2026-01-27 13:00:00'),
(3083, '2026-01-27', 1, 164, '2026-01-27 12:00:00', '2026-01-27 13:00:00'),
(3084, '2026-01-27', 1, 165, '2026-01-27 12:00:00', '2026-01-27 13:00:00'),
(3085, '2026-01-27', 1, 166, '2026-01-27 12:00:00', '2026-01-27 13:00:00'),
(3086, '2026-01-27', 1, 167, '2026-01-27 12:00:00', '2026-01-27 13:00:00'),
(3087, '2026-01-27', 1, 168, '2026-01-27 12:00:00', '2026-01-27 13:00:00'),
(3088, '2026-01-27', 1, 169, '2026-01-27 12:00:00', '2026-01-27 13:00:00'),
(3089, '2026-01-27', 1, 170, '2026-01-27 12:00:00', '2026-01-27 13:00:00'),
(3090, '2026-01-27', 1, 171, '2026-01-27 12:00:00', '2026-01-27 13:00:00'),
(3091, '2026-01-27', 1, 172, '2026-01-27 12:00:00', '2026-01-27 13:00:00'),
(3092, '2026-01-27', 1, 173, '2026-01-27 12:00:00', '2026-01-27 13:00:00'),
(3093, '2026-01-27', 1, 174, '2026-01-27 12:00:00', '2026-01-27 13:00:00'),
(3094, '2026-01-27', 1, 175, '2026-01-27 12:00:00', '2026-01-27 13:00:00'),
(3095, '2026-01-27', 1, 176, '2026-01-27 12:00:00', '2026-01-27 13:00:00'),
(3096, '2026-01-27', 1, 177, '2026-01-27 12:00:00', '2026-01-27 13:00:00'),
(3097, '2026-01-27', 1, 178, '2026-01-27 12:00:00', '2026-01-27 13:00:00'),
(3098, '2026-01-27', 1, 179, '2026-01-27 12:00:00', '2026-01-27 13:00:00'),
(3099, '2026-01-27', 1, 180, '2026-01-27 12:00:00', '2026-01-27 13:00:00'),
(3100, '2026-01-27', 1, 181, '2026-01-27 12:00:00', '2026-01-27 13:00:00'),
(3101, '2026-01-27', 0, 82, '2026-01-27 00:00:00', '2026-01-27 01:00:00'),
(3102, '2026-01-27', 0, 83, '2026-01-27 00:00:00', '2026-01-27 01:00:00'),
(3103, '2026-01-27', 0, 84, '2026-01-27 00:00:00', '2026-01-27 01:00:00'),
(3104, '2026-01-27', 0, 85, '2026-01-27 00:00:00', '2026-01-27 01:00:00'),
(3105, '2026-01-27', 0, 86, '2026-01-27 00:00:00', '2026-01-27 01:00:00'),
(3106, '2026-01-27', 0, 87, '2026-01-27 00:00:00', '2026-01-27 01:00:00'),
(3107, '2026-01-27', 0, 88, '2026-01-27 00:00:00', '2026-01-27 01:00:00'),
(3108, '2026-01-27', 0, 89, '2026-01-27 00:00:00', '2026-01-27 01:00:00'),
(3109, '2026-01-27', 0, 90, '2026-01-27 00:00:00', '2026-01-27 01:00:00'),
(3110, '2026-01-27', 0, 91, '2026-01-27 00:00:00', '2026-01-27 01:00:00'),
(3111, '2026-01-27', 0, 92, '2026-01-27 00:00:00', '2026-01-27 01:00:00'),
(3112, '2026-01-27', 0, 93, '2026-01-27 00:00:00', '2026-01-27 01:00:00'),
(3113, '2026-01-27', 0, 94, '2026-01-27 00:00:00', '2026-01-27 01:00:00'),
(3114, '2026-01-27', 0, 95, '2026-01-27 00:00:00', '2026-01-27 01:00:00'),
(3115, '2026-01-27', 0, 96, '2026-01-27 00:00:00', '2026-01-27 01:00:00'),
(3116, '2026-01-27', 0, 97, '2026-01-27 00:00:00', '2026-01-27 01:00:00'),
(3117, '2026-01-27', 0, 98, '2026-01-27 00:00:00', '2026-01-27 01:00:00'),
(3118, '2026-01-27', 0, 99, '2026-01-27 00:00:00', '2026-01-27 01:00:00'),
(3119, '2026-01-27', 0, 100, '2026-01-27 00:00:00', '2026-01-27 01:00:00'),
(3120, '2026-01-27', 0, 101, '2026-01-27 00:00:00', '2026-01-27 01:00:00'),
(3121, '2026-01-27', 0, 102, '2026-01-27 00:00:00', '2026-01-27 01:00:00'),
(3122, '2026-01-27', 0, 103, '2026-01-27 00:00:00', '2026-01-27 01:00:00'),
(3123, '2026-01-27', 0, 104, '2026-01-27 00:00:00', '2026-01-27 01:00:00'),
(3124, '2026-01-27', 0, 105, '2026-01-27 00:00:00', '2026-01-27 01:00:00'),
(3125, '2026-01-27', 0, 106, '2026-01-27 00:00:00', '2026-01-27 01:00:00'),
(3126, '2026-01-27', 0, 107, '2026-01-27 00:00:00', '2026-01-27 01:00:00'),
(3127, '2026-01-27', 0, 108, '2026-01-27 00:00:00', '2026-01-27 01:00:00'),
(3128, '2026-01-27', 0, 109, '2026-01-27 00:00:00', '2026-01-27 01:00:00'),
(3129, '2026-01-27', 0, 110, '2026-01-27 00:00:00', '2026-01-27 01:00:00'),
(3130, '2026-01-27', 0, 111, '2026-01-27 00:00:00', '2026-01-27 01:00:00'),
(3131, '2026-01-27', 0, 112, '2026-01-27 00:00:00', '2026-01-27 01:00:00'),
(3132, '2026-01-27', 0, 113, '2026-01-27 00:00:00', '2026-01-27 01:00:00'),
(3133, '2026-01-27', 0, 114, '2026-01-27 00:00:00', '2026-01-27 01:00:00'),
(3134, '2026-01-27', 0, 115, '2026-01-27 00:00:00', '2026-01-27 01:00:00'),
(3135, '2026-01-27', 0, 116, '2026-01-27 00:00:00', '2026-01-27 01:00:00'),
(3136, '2026-01-27', 0, 117, '2026-01-27 00:00:00', '2026-01-27 01:00:00'),
(3137, '2026-01-27', 0, 118, '2026-01-27 00:00:00', '2026-01-27 01:00:00'),
(3138, '2026-01-27', 0, 119, '2026-01-27 00:00:00', '2026-01-27 01:00:00'),
(3139, '2026-01-27', 0, 120, '2026-01-27 00:00:00', '2026-01-27 01:00:00'),
(3140, '2026-01-27', 0, 121, '2026-01-27 00:00:00', '2026-01-27 01:00:00'),
(3141, '2026-01-27', 0, 122, '2026-01-27 00:00:00', '2026-01-27 01:00:00'),
(3142, '2026-01-27', 0, 123, '2026-01-27 00:00:00', '2026-01-27 01:00:00'),
(3143, '2026-01-27', 0, 124, '2026-01-27 00:00:00', '2026-01-27 01:00:00'),
(3144, '2026-01-27', 0, 125, '2026-01-27 00:00:00', '2026-01-27 01:00:00'),
(3145, '2026-01-27', 0, 126, '2026-01-27 00:00:00', '2026-01-27 01:00:00'),
(3146, '2026-01-27', 0, 127, '2026-01-27 00:00:00', '2026-01-27 01:00:00'),
(3147, '2026-01-27', 0, 128, '2026-01-27 00:00:00', '2026-01-27 01:00:00'),
(3148, '2026-01-27', 0, 129, '2026-01-27 00:00:00', '2026-01-27 01:00:00'),
(3149, '2026-01-27', 0, 130, '2026-01-27 00:00:00', '2026-01-27 01:00:00'),
(3150, '2026-01-27', 0, 131, '2026-01-27 00:00:00', '2026-01-27 01:00:00'),
(3151, '2026-01-27', 0, 132, '2026-01-27 00:00:00', '2026-01-27 01:00:00'),
(3152, '2026-01-27', 0, 133, '2026-01-27 00:00:00', '2026-01-27 01:00:00'),
(3153, '2026-01-27', 0, 134, '2026-01-27 00:00:00', '2026-01-27 01:00:00'),
(3154, '2026-01-27', 0, 135, '2026-01-27 00:00:00', '2026-01-27 01:00:00'),
(3155, '2026-01-27', 0, 136, '2026-01-27 00:00:00', '2026-01-27 01:00:00'),
(3156, '2026-01-27', 0, 137, '2026-01-27 00:00:00', '2026-01-27 01:00:00'),
(3157, '2026-01-27', 0, 138, '2026-01-27 00:00:00', '2026-01-27 01:00:00'),
(3158, '2026-01-27', 0, 139, '2026-01-27 00:00:00', '2026-01-27 01:00:00'),
(3159, '2026-01-27', 0, 140, '2026-01-27 00:00:00', '2026-01-27 01:00:00'),
(3160, '2026-01-27', 0, 141, '2026-01-27 00:00:00', '2026-01-27 01:00:00'),
(3161, '2026-01-27', 0, 142, '2026-01-27 00:00:00', '2026-01-27 01:00:00'),
(3162, '2026-01-27', 0, 143, '2026-01-27 00:00:00', '2026-01-27 01:00:00'),
(3163, '2026-01-27', 0, 144, '2026-01-27 00:00:00', '2026-01-27 01:00:00'),
(3164, '2026-01-27', 0, 145, '2026-01-27 00:00:00', '2026-01-27 01:00:00'),
(3165, '2026-01-27', 0, 146, '2026-01-27 00:00:00', '2026-01-27 01:00:00'),
(3166, '2026-01-27', 0, 147, '2026-01-27 00:00:00', '2026-01-27 01:00:00'),
(3167, '2026-01-27', 0, 148, '2026-01-27 00:00:00', '2026-01-27 01:00:00'),
(3168, '2026-01-27', 0, 149, '2026-01-27 00:00:00', '2026-01-27 01:00:00'),
(3169, '2026-01-27', 0, 150, '2026-01-27 00:00:00', '2026-01-27 01:00:00'),
(3170, '2026-01-27', 0, 151, '2026-01-27 00:00:00', '2026-01-27 01:00:00'),
(3171, '2026-01-27', 0, 152, '2026-01-27 00:00:00', '2026-01-27 01:00:00'),
(3172, '2026-01-27', 0, 153, '2026-01-27 00:00:00', '2026-01-27 01:00:00'),
(3173, '2026-01-27', 0, 154, '2026-01-27 00:00:00', '2026-01-27 01:00:00'),
(3174, '2026-01-27', 0, 155, '2026-01-27 00:00:00', '2026-01-27 01:00:00'),
(3175, '2026-01-27', 0, 156, '2026-01-27 00:00:00', '2026-01-27 01:00:00'),
(3176, '2026-01-27', 0, 157, '2026-01-27 00:00:00', '2026-01-27 01:00:00'),
(3177, '2026-01-27', 0, 158, '2026-01-27 00:00:00', '2026-01-27 01:00:00'),
(3178, '2026-01-27', 0, 159, '2026-01-27 00:00:00', '2026-01-27 01:00:00'),
(3179, '2026-01-27', 0, 160, '2026-01-27 00:00:00', '2026-01-27 01:00:00'),
(3180, '2026-01-27', 0, 161, '2026-01-27 00:00:00', '2026-01-27 01:00:00'),
(3181, '2026-01-27', 0, 162, '2026-01-27 00:00:00', '2026-01-27 01:00:00'),
(3182, '2026-01-27', 0, 163, '2026-01-27 00:00:00', '2026-01-27 01:00:00'),
(3183, '2026-01-27', 0, 164, '2026-01-27 00:00:00', '2026-01-27 01:00:00'),
(3184, '2026-01-27', 0, 165, '2026-01-27 00:00:00', '2026-01-27 01:00:00'),
(3185, '2026-01-27', 0, 166, '2026-01-27 00:00:00', '2026-01-27 01:00:00'),
(3186, '2026-01-27', 0, 167, '2026-01-27 00:00:00', '2026-01-27 01:00:00'),
(3187, '2026-01-27', 0, 168, '2026-01-27 00:00:00', '2026-01-27 01:00:00'),
(3188, '2026-01-27', 0, 169, '2026-01-27 00:00:00', '2026-01-27 01:00:00'),
(3189, '2026-01-27', 0, 170, '2026-01-27 00:00:00', '2026-01-27 01:00:00'),
(3190, '2026-01-27', 0, 171, '2026-01-27 00:00:00', '2026-01-27 01:00:00'),
(3191, '2026-01-27', 0, 172, '2026-01-27 00:00:00', '2026-01-27 01:00:00'),
(3192, '2026-01-27', 0, 173, '2026-01-27 00:00:00', '2026-01-27 01:00:00'),
(3193, '2026-01-27', 0, 174, '2026-01-27 00:00:00', '2026-01-27 01:00:00'),
(3194, '2026-01-27', 0, 175, '2026-01-27 00:00:00', '2026-01-27 01:00:00'),
(3195, '2026-01-27', 0, 176, '2026-01-27 00:00:00', '2026-01-27 01:00:00'),
(3196, '2026-01-27', 0, 177, '2026-01-27 00:00:00', '2026-01-27 01:00:00'),
(3197, '2026-01-27', 0, 178, '2026-01-27 00:00:00', '2026-01-27 01:00:00'),
(3198, '2026-01-27', 0, 179, '2026-01-27 00:00:00', '2026-01-27 01:00:00'),
(3199, '2026-01-27', 0, 180, '2026-01-27 00:00:00', '2026-01-27 01:00:00'),
(3200, '2026-01-27', 0, 181, '2026-01-27 00:00:00', '2026-01-27 01:00:00'),
(3201, '2026-02-10', 0, 82, '2026-02-10 00:00:00', '2026-02-10 01:00:00'),
(3202, '2026-02-10', 0, 83, '2026-02-10 00:00:00', '2026-02-10 01:00:00'),
(3203, '2026-02-10', 0, 84, '2026-02-10 00:00:00', '2026-02-10 01:00:00'),
(3204, '2026-02-10', 0, 85, '2026-02-10 00:00:00', '2026-02-10 01:00:00'),
(3205, '2026-02-10', 0, 86, '2026-02-10 00:00:00', '2026-02-10 01:00:00'),
(3206, '2026-02-10', 0, 87, '2026-02-10 00:00:00', '2026-02-10 01:00:00'),
(3207, '2026-02-10', 0, 88, '2026-02-10 00:00:00', '2026-02-10 01:00:00'),
(3208, '2026-02-10', 0, 89, '2026-02-10 00:00:00', '2026-02-10 01:00:00'),
(3209, '2026-02-10', 0, 90, '2026-02-10 00:00:00', '2026-02-10 01:00:00'),
(3210, '2026-02-10', 0, 91, '2026-02-10 00:00:00', '2026-02-10 01:00:00'),
(3211, '2026-02-10', 0, 92, '2026-02-10 00:00:00', '2026-02-10 01:00:00'),
(3212, '2026-02-10', 0, 93, '2026-02-10 00:00:00', '2026-02-10 01:00:00'),
(3213, '2026-02-10', 0, 94, '2026-02-10 00:00:00', '2026-02-10 01:00:00'),
(3214, '2026-02-10', 0, 95, '2026-02-10 00:00:00', '2026-02-10 01:00:00'),
(3215, '2026-02-10', 0, 96, '2026-02-10 00:00:00', '2026-02-10 01:00:00'),
(3216, '2026-02-10', 0, 97, '2026-02-10 00:00:00', '2026-02-10 01:00:00'),
(3217, '2026-02-10', 0, 98, '2026-02-10 00:00:00', '2026-02-10 01:00:00'),
(3218, '2026-02-10', 0, 99, '2026-02-10 00:00:00', '2026-02-10 01:00:00'),
(3219, '2026-02-10', 0, 100, '2026-02-10 00:00:00', '2026-02-10 01:00:00'),
(3220, '2026-02-10', 0, 101, '2026-02-10 00:00:00', '2026-02-10 01:00:00'),
(3221, '2026-02-10', 0, 102, '2026-02-10 00:00:00', '2026-02-10 01:00:00'),
(3222, '2026-02-10', 0, 103, '2026-02-10 00:00:00', '2026-02-10 01:00:00'),
(3223, '2026-02-10', 0, 104, '2026-02-10 00:00:00', '2026-02-10 01:00:00'),
(3224, '2026-02-10', 0, 105, '2026-02-10 00:00:00', '2026-02-10 01:00:00'),
(3225, '2026-02-10', 0, 106, '2026-02-10 00:00:00', '2026-02-10 01:00:00'),
(3226, '2026-02-10', 0, 107, '2026-02-10 00:00:00', '2026-02-10 01:00:00'),
(3227, '2026-02-10', 0, 108, '2026-02-10 00:00:00', '2026-02-10 01:00:00'),
(3228, '2026-02-10', 0, 109, '2026-02-10 00:00:00', '2026-02-10 01:00:00'),
(3229, '2026-02-10', 0, 110, '2026-02-10 00:00:00', '2026-02-10 01:00:00'),
(3230, '2026-02-10', 0, 111, '2026-02-10 00:00:00', '2026-02-10 01:00:00'),
(3231, '2026-02-10', 0, 112, '2026-02-10 00:00:00', '2026-02-10 01:00:00'),
(3232, '2026-02-10', 0, 113, '2026-02-10 00:00:00', '2026-02-10 01:00:00'),
(3233, '2026-02-10', 0, 114, '2026-02-10 00:00:00', '2026-02-10 01:00:00'),
(3234, '2026-02-10', 0, 115, '2026-02-10 00:00:00', '2026-02-10 01:00:00'),
(3235, '2026-02-10', 0, 116, '2026-02-10 00:00:00', '2026-02-10 01:00:00'),
(3236, '2026-02-10', 0, 117, '2026-02-10 00:00:00', '2026-02-10 01:00:00'),
(3237, '2026-02-10', 0, 118, '2026-02-10 00:00:00', '2026-02-10 01:00:00'),
(3238, '2026-02-10', 0, 119, '2026-02-10 00:00:00', '2026-02-10 01:00:00'),
(3239, '2026-02-10', 0, 120, '2026-02-10 00:00:00', '2026-02-10 01:00:00'),
(3240, '2026-02-10', 0, 121, '2026-02-10 00:00:00', '2026-02-10 01:00:00'),
(3241, '2026-02-10', 0, 122, '2026-02-10 00:00:00', '2026-02-10 01:00:00'),
(3242, '2026-02-10', 0, 123, '2026-02-10 00:00:00', '2026-02-10 01:00:00'),
(3243, '2026-02-10', 0, 124, '2026-02-10 00:00:00', '2026-02-10 01:00:00'),
(3244, '2026-02-10', 0, 125, '2026-02-10 00:00:00', '2026-02-10 01:00:00'),
(3245, '2026-02-10', 0, 126, '2026-02-10 00:00:00', '2026-02-10 01:00:00'),
(3246, '2026-02-10', 0, 127, '2026-02-10 00:00:00', '2026-02-10 01:00:00'),
(3247, '2026-02-10', 0, 128, '2026-02-10 00:00:00', '2026-02-10 01:00:00'),
(3248, '2026-02-10', 0, 129, '2026-02-10 00:00:00', '2026-02-10 01:00:00'),
(3249, '2026-02-10', 0, 130, '2026-02-10 00:00:00', '2026-02-10 01:00:00'),
(3250, '2026-02-10', 0, 131, '2026-02-10 00:00:00', '2026-02-10 01:00:00'),
(3251, '2026-02-10', 0, 132, '2026-02-10 00:00:00', '2026-02-10 01:00:00'),
(3252, '2026-02-10', 0, 133, '2026-02-10 00:00:00', '2026-02-10 01:00:00'),
(3253, '2026-02-10', 0, 134, '2026-02-10 00:00:00', '2026-02-10 01:00:00'),
(3254, '2026-02-10', 0, 135, '2026-02-10 00:00:00', '2026-02-10 01:00:00'),
(3255, '2026-02-10', 0, 136, '2026-02-10 00:00:00', '2026-02-10 01:00:00'),
(3256, '2026-02-10', 0, 137, '2026-02-10 00:00:00', '2026-02-10 01:00:00'),
(3257, '2026-02-10', 0, 138, '2026-02-10 00:00:00', '2026-02-10 01:00:00'),
(3258, '2026-02-10', 0, 139, '2026-02-10 00:00:00', '2026-02-10 01:00:00'),
(3259, '2026-02-10', 0, 140, '2026-02-10 00:00:00', '2026-02-10 01:00:00'),
(3260, '2026-02-10', 0, 141, '2026-02-10 00:00:00', '2026-02-10 01:00:00'),
(3261, '2026-02-10', 0, 142, '2026-02-10 00:00:00', '2026-02-10 01:00:00'),
(3262, '2026-02-10', 0, 143, '2026-02-10 00:00:00', '2026-02-10 01:00:00'),
(3263, '2026-02-10', 0, 144, '2026-02-10 00:00:00', '2026-02-10 01:00:00'),
(3264, '2026-02-10', 0, 145, '2026-02-10 00:00:00', '2026-02-10 01:00:00'),
(3265, '2026-02-10', 0, 146, '2026-02-10 00:00:00', '2026-02-10 01:00:00'),
(3266, '2026-02-10', 0, 147, '2026-02-10 00:00:00', '2026-02-10 01:00:00'),
(3267, '2026-02-10', 0, 148, '2026-02-10 00:00:00', '2026-02-10 01:00:00'),
(3268, '2026-02-10', 0, 149, '2026-02-10 00:00:00', '2026-02-10 01:00:00'),
(3269, '2026-02-10', 0, 150, '2026-02-10 00:00:00', '2026-02-10 01:00:00'),
(3270, '2026-02-10', 0, 151, '2026-02-10 00:00:00', '2026-02-10 01:00:00'),
(3271, '2026-02-10', 0, 152, '2026-02-10 00:00:00', '2026-02-10 01:00:00'),
(3272, '2026-02-10', 0, 153, '2026-02-10 00:00:00', '2026-02-10 01:00:00'),
(3273, '2026-02-10', 0, 154, '2026-02-10 00:00:00', '2026-02-10 01:00:00'),
(3274, '2026-02-10', 0, 155, '2026-02-10 00:00:00', '2026-02-10 01:00:00'),
(3275, '2026-02-10', 0, 156, '2026-02-10 00:00:00', '2026-02-10 01:00:00'),
(3276, '2026-02-10', 0, 157, '2026-02-10 00:00:00', '2026-02-10 01:00:00'),
(3277, '2026-02-10', 0, 158, '2026-02-10 00:00:00', '2026-02-10 01:00:00'),
(3278, '2026-02-10', 0, 159, '2026-02-10 00:00:00', '2026-02-10 01:00:00'),
(3279, '2026-02-10', 0, 160, '2026-02-10 00:00:00', '2026-02-10 01:00:00'),
(3280, '2026-02-10', 0, 161, '2026-02-10 00:00:00', '2026-02-10 01:00:00'),
(3281, '2026-02-10', 0, 162, '2026-02-10 00:00:00', '2026-02-10 01:00:00'),
(3282, '2026-02-10', 0, 163, '2026-02-10 00:00:00', '2026-02-10 01:00:00'),
(3283, '2026-02-10', 0, 164, '2026-02-10 00:00:00', '2026-02-10 01:00:00'),
(3284, '2026-02-10', 0, 165, '2026-02-10 00:00:00', '2026-02-10 01:00:00'),
(3285, '2026-02-10', 0, 166, '2026-02-10 00:00:00', '2026-02-10 01:00:00'),
(3286, '2026-02-10', 0, 167, '2026-02-10 00:00:00', '2026-02-10 01:00:00'),
(3287, '2026-02-10', 0, 168, '2026-02-10 00:00:00', '2026-02-10 01:00:00'),
(3288, '2026-02-10', 0, 169, '2026-02-10 00:00:00', '2026-02-10 01:00:00'),
(3289, '2026-02-10', 0, 170, '2026-02-10 00:00:00', '2026-02-10 01:00:00'),
(3290, '2026-02-10', 0, 171, '2026-02-10 00:00:00', '2026-02-10 01:00:00'),
(3291, '2026-02-10', 0, 172, '2026-02-10 00:00:00', '2026-02-10 01:00:00'),
(3292, '2026-02-10', 0, 173, '2026-02-10 00:00:00', '2026-02-10 01:00:00'),
(3293, '2026-02-10', 0, 174, '2026-02-10 00:00:00', '2026-02-10 01:00:00'),
(3294, '2026-02-10', 0, 175, '2026-02-10 00:00:00', '2026-02-10 01:00:00'),
(3295, '2026-02-10', 0, 176, '2026-02-10 00:00:00', '2026-02-10 01:00:00'),
(3296, '2026-02-10', 0, 177, '2026-02-10 00:00:00', '2026-02-10 01:00:00'),
(3297, '2026-02-10', 0, 178, '2026-02-10 00:00:00', '2026-02-10 01:00:00'),
(3298, '2026-02-10', 0, 179, '2026-02-10 00:00:00', '2026-02-10 01:00:00'),
(3299, '2026-02-10', 0, 180, '2026-02-10 00:00:00', '2026-02-10 01:00:00'),
(3300, '2026-02-10', 0, 181, '2026-02-10 00:00:00', '2026-02-10 01:00:00'),
(3301, '2026-02-09', 1, 82, '2026-02-09 12:00:00', '2026-02-09 13:00:00'),
(3302, '2026-02-09', 1, 83, '2026-02-09 12:00:00', '2026-02-09 13:00:00'),
(3303, '2026-02-09', 1, 84, '2026-02-09 12:00:00', '2026-02-09 13:00:00'),
(3304, '2026-02-09', 1, 85, '2026-02-09 12:00:00', '2026-02-09 13:00:00'),
(3305, '2026-02-09', 1, 86, '2026-02-09 12:00:00', '2026-02-09 13:00:00'),
(3306, '2026-02-09', 1, 87, '2026-02-09 12:00:00', '2026-02-09 13:00:00'),
(3307, '2026-02-09', 1, 88, '2026-02-09 12:00:00', '2026-02-09 13:00:00'),
(3308, '2026-02-09', 1, 89, '2026-02-09 12:00:00', '2026-02-09 13:00:00'),
(3309, '2026-02-09', 1, 90, '2026-02-09 12:00:00', '2026-02-09 13:00:00'),
(3310, '2026-02-09', 1, 91, '2026-02-09 12:00:00', '2026-02-09 13:00:00'),
(3311, '2026-02-09', 1, 92, '2026-02-09 12:00:00', '2026-02-09 13:00:00'),
(3312, '2026-02-09', 1, 93, '2026-02-09 12:00:00', '2026-02-09 13:00:00'),
(3313, '2026-02-09', 1, 94, '2026-02-09 12:00:00', '2026-02-09 13:00:00'),
(3314, '2026-02-09', 1, 95, '2026-02-09 12:00:00', '2026-02-09 13:00:00'),
(3315, '2026-02-09', 1, 96, '2026-02-09 12:00:00', '2026-02-09 13:00:00'),
(3316, '2026-02-09', 1, 97, '2026-02-09 12:00:00', '2026-02-09 13:00:00'),
(3317, '2026-02-09', 1, 98, '2026-02-09 12:00:00', '2026-02-09 13:00:00'),
(3318, '2026-02-09', 1, 99, '2026-02-09 12:00:00', '2026-02-09 13:00:00'),
(3319, '2026-02-09', 1, 100, '2026-02-09 12:00:00', '2026-02-09 13:00:00'),
(3320, '2026-02-09', 1, 101, '2026-02-09 12:00:00', '2026-02-09 13:00:00'),
(3321, '2026-02-09', 1, 102, '2026-02-09 12:00:00', '2026-02-09 13:00:00'),
(3322, '2026-02-09', 1, 103, '2026-02-09 12:00:00', '2026-02-09 13:00:00'),
(3323, '2026-02-09', 1, 104, '2026-02-09 12:00:00', '2026-02-09 13:00:00'),
(3324, '2026-02-09', 1, 105, '2026-02-09 12:00:00', '2026-02-09 13:00:00'),
(3325, '2026-02-09', 1, 106, '2026-02-09 12:00:00', '2026-02-09 13:00:00'),
(3326, '2026-02-09', 1, 107, '2026-02-09 12:00:00', '2026-02-09 13:00:00'),
(3327, '2026-02-09', 1, 108, '2026-02-09 12:00:00', '2026-02-09 13:00:00'),
(3328, '2026-02-09', 1, 109, '2026-02-09 12:00:00', '2026-02-09 13:00:00'),
(3329, '2026-02-09', 1, 110, '2026-02-09 12:00:00', '2026-02-09 13:00:00'),
(3330, '2026-02-09', 1, 111, '2026-02-09 12:00:00', '2026-02-09 13:00:00'),
(3331, '2026-02-09', 1, 112, '2026-02-09 12:00:00', '2026-02-09 13:00:00'),
(3332, '2026-02-09', 1, 113, '2026-02-09 12:00:00', '2026-02-09 13:00:00'),
(3333, '2026-02-09', 1, 114, '2026-02-09 12:00:00', '2026-02-09 13:00:00'),
(3334, '2026-02-09', 1, 115, '2026-02-09 12:00:00', '2026-02-09 13:00:00'),
(3335, '2026-02-09', 1, 116, '2026-02-09 12:00:00', '2026-02-09 13:00:00'),
(3336, '2026-02-09', 1, 117, '2026-02-09 12:00:00', '2026-02-09 13:00:00'),
(3337, '2026-02-09', 1, 118, '2026-02-09 12:00:00', '2026-02-09 13:00:00'),
(3338, '2026-02-09', 1, 119, '2026-02-09 12:00:00', '2026-02-09 13:00:00'),
(3339, '2026-02-09', 1, 120, '2026-02-09 12:00:00', '2026-02-09 13:00:00'),
(3340, '2026-02-09', 1, 121, '2026-02-09 12:00:00', '2026-02-09 13:00:00'),
(3341, '2026-02-09', 1, 122, '2026-02-09 12:00:00', '2026-02-09 13:00:00'),
(3342, '2026-02-09', 1, 123, '2026-02-09 12:00:00', '2026-02-09 13:00:00'),
(3343, '2026-02-09', 1, 124, '2026-02-09 12:00:00', '2026-02-09 13:00:00'),
(3344, '2026-02-09', 1, 125, '2026-02-09 12:00:00', '2026-02-09 13:00:00'),
(3345, '2026-02-09', 1, 126, '2026-02-09 12:00:00', '2026-02-09 13:00:00'),
(3346, '2026-02-09', 1, 127, '2026-02-09 12:00:00', '2026-02-09 13:00:00'),
(3347, '2026-02-09', 1, 128, '2026-02-09 12:00:00', '2026-02-09 13:00:00'),
(3348, '2026-02-09', 1, 129, '2026-02-09 12:00:00', '2026-02-09 13:00:00'),
(3349, '2026-02-09', 1, 130, '2026-02-09 12:00:00', '2026-02-09 13:00:00'),
(3350, '2026-02-09', 1, 131, '2026-02-09 12:00:00', '2026-02-09 13:00:00'),
(3351, '2026-02-09', 1, 132, '2026-02-09 12:00:00', '2026-02-09 13:00:00'),
(3352, '2026-02-09', 1, 133, '2026-02-09 12:00:00', '2026-02-09 13:00:00'),
(3353, '2026-02-09', 1, 134, '2026-02-09 12:00:00', '2026-02-09 13:00:00'),
(3354, '2026-02-09', 1, 135, '2026-02-09 12:00:00', '2026-02-09 13:00:00'),
(3355, '2026-02-09', 1, 136, '2026-02-09 12:00:00', '2026-02-09 13:00:00'),
(3356, '2026-02-09', 1, 137, '2026-02-09 12:00:00', '2026-02-09 13:00:00'),
(3357, '2026-02-09', 1, 138, '2026-02-09 12:00:00', '2026-02-09 13:00:00'),
(3358, '2026-02-09', 1, 139, '2026-02-09 12:00:00', '2026-02-09 13:00:00'),
(3359, '2026-02-09', 1, 140, '2026-02-09 12:00:00', '2026-02-09 13:00:00'),
(3360, '2026-02-09', 1, 141, '2026-02-09 12:00:00', '2026-02-09 13:00:00'),
(3361, '2026-02-09', 1, 142, '2026-02-09 12:00:00', '2026-02-09 13:00:00'),
(3362, '2026-02-09', 1, 143, '2026-02-09 12:00:00', '2026-02-09 13:00:00'),
(3363, '2026-02-09', 1, 144, '2026-02-09 12:00:00', '2026-02-09 13:00:00'),
(3364, '2026-02-09', 1, 145, '2026-02-09 12:00:00', '2026-02-09 13:00:00'),
(3365, '2026-02-09', 1, 146, '2026-02-09 12:00:00', '2026-02-09 13:00:00'),
(3366, '2026-02-09', 1, 147, '2026-02-09 12:00:00', '2026-02-09 13:00:00'),
(3367, '2026-02-09', 1, 148, '2026-02-09 12:00:00', '2026-02-09 13:00:00'),
(3368, '2026-02-09', 1, 149, '2026-02-09 12:00:00', '2026-02-09 13:00:00'),
(3369, '2026-02-09', 1, 150, '2026-02-09 12:00:00', '2026-02-09 13:00:00'),
(3370, '2026-02-09', 1, 151, '2026-02-09 12:00:00', '2026-02-09 13:00:00'),
(3371, '2026-02-09', 1, 152, '2026-02-09 12:00:00', '2026-02-09 13:00:00'),
(3372, '2026-02-09', 1, 153, '2026-02-09 12:00:00', '2026-02-09 13:00:00'),
(3373, '2026-02-09', 1, 154, '2026-02-09 12:00:00', '2026-02-09 13:00:00'),
(3374, '2026-02-09', 1, 155, '2026-02-09 12:00:00', '2026-02-09 13:00:00'),
(3375, '2026-02-09', 1, 156, '2026-02-09 12:00:00', '2026-02-09 13:00:00'),
(3376, '2026-02-09', 1, 157, '2026-02-09 12:00:00', '2026-02-09 13:00:00'),
(3377, '2026-02-09', 1, 158, '2026-02-09 12:00:00', '2026-02-09 13:00:00'),
(3378, '2026-02-09', 1, 159, '2026-02-09 12:00:00', '2026-02-09 13:00:00'),
(3379, '2026-02-09', 1, 160, '2026-02-09 12:00:00', '2026-02-09 13:00:00'),
(3380, '2026-02-09', 1, 161, '2026-02-09 12:00:00', '2026-02-09 13:00:00'),
(3381, '2026-02-09', 1, 162, '2026-02-09 12:00:00', '2026-02-09 13:00:00'),
(3382, '2026-02-09', 1, 163, '2026-02-09 12:00:00', '2026-02-09 13:00:00'),
(3383, '2026-02-09', 1, 164, '2026-02-09 12:00:00', '2026-02-09 13:00:00'),
(3384, '2026-02-09', 1, 165, '2026-02-09 12:00:00', '2026-02-09 13:00:00'),
(3385, '2026-02-09', 1, 166, '2026-02-09 12:00:00', '2026-02-09 13:00:00'),
(3386, '2026-02-09', 1, 167, '2026-02-09 12:00:00', '2026-02-09 13:00:00'),
(3387, '2026-02-09', 1, 168, '2026-02-09 12:00:00', '2026-02-09 13:00:00'),
(3388, '2026-02-09', 1, 169, '2026-02-09 12:00:00', '2026-02-09 13:00:00'),
(3389, '2026-02-09', 1, 170, '2026-02-09 12:00:00', '2026-02-09 13:00:00'),
(3390, '2026-02-09', 1, 171, '2026-02-09 12:00:00', '2026-02-09 13:00:00'),
(3391, '2026-02-09', 1, 172, '2026-02-09 12:00:00', '2026-02-09 13:00:00');
INSERT INTO `workers_breaks` (`break_id`, `date`, `isDay`, `worker_id`, `started_at`, `ended_at`) VALUES
(3392, '2026-02-09', 1, 173, '2026-02-09 12:00:00', '2026-02-09 13:00:00'),
(3393, '2026-02-09', 1, 174, '2026-02-09 12:00:00', '2026-02-09 13:00:00'),
(3394, '2026-02-09', 1, 175, '2026-02-09 12:00:00', '2026-02-09 13:00:00'),
(3395, '2026-02-09', 1, 176, '2026-02-09 12:00:00', '2026-02-09 13:00:00'),
(3396, '2026-02-09', 1, 177, '2026-02-09 12:00:00', '2026-02-09 13:00:00'),
(3397, '2026-02-09', 1, 178, '2026-02-09 12:00:00', '2026-02-09 13:00:00'),
(3398, '2026-02-09', 1, 179, '2026-02-09 12:00:00', '2026-02-09 13:00:00'),
(3399, '2026-02-09', 1, 180, '2026-02-09 12:00:00', '2026-02-09 13:00:00'),
(3400, '2026-02-09', 1, 181, '2026-02-09 12:00:00', '2026-02-09 13:00:00'),
(3401, '2026-02-16', 0, 82, '2026-02-16 00:00:00', '2026-02-16 01:00:00'),
(3402, '2026-02-16', 0, 83, '2026-02-16 00:00:00', '2026-02-16 01:00:00'),
(3403, '2026-02-16', 0, 84, '2026-02-16 00:00:00', '2026-02-16 01:00:00'),
(3404, '2026-02-16', 0, 85, '2026-02-16 00:00:00', '2026-02-16 01:00:00'),
(3405, '2026-02-16', 0, 86, '2026-02-16 00:00:00', '2026-02-16 01:00:00'),
(3406, '2026-02-16', 0, 87, '2026-02-16 00:00:00', '2026-02-16 01:00:00'),
(3407, '2026-02-16', 0, 88, '2026-02-16 00:00:00', '2026-02-16 01:00:00'),
(3408, '2026-02-16', 0, 89, '2026-02-16 00:00:00', '2026-02-16 01:00:00'),
(3409, '2026-02-16', 0, 90, '2026-02-16 00:00:00', '2026-02-16 01:00:00'),
(3410, '2026-02-16', 0, 91, '2026-02-16 00:00:00', '2026-02-16 01:00:00'),
(3411, '2026-02-16', 0, 92, '2026-02-16 00:00:00', '2026-02-16 01:00:00'),
(3412, '2026-02-16', 0, 93, '2026-02-16 00:00:00', '2026-02-16 01:00:00'),
(3413, '2026-02-16', 0, 94, '2026-02-16 00:00:00', '2026-02-16 01:00:00'),
(3414, '2026-02-16', 0, 95, '2026-02-16 00:00:00', '2026-02-16 01:00:00'),
(3415, '2026-02-16', 0, 96, '2026-02-16 00:00:00', '2026-02-16 01:00:00'),
(3416, '2026-02-16', 0, 97, '2026-02-16 00:00:00', '2026-02-16 01:00:00'),
(3417, '2026-02-16', 0, 98, '2026-02-16 00:00:00', '2026-02-16 01:00:00'),
(3418, '2026-02-16', 0, 99, '2026-02-16 00:00:00', '2026-02-16 01:00:00'),
(3419, '2026-02-16', 0, 100, '2026-02-16 00:00:00', '2026-02-16 01:00:00'),
(3420, '2026-02-16', 0, 101, '2026-02-16 00:00:00', '2026-02-16 01:00:00'),
(3421, '2026-02-16', 0, 102, '2026-02-16 00:00:00', '2026-02-16 01:00:00'),
(3422, '2026-02-16', 0, 103, '2026-02-16 00:00:00', '2026-02-16 01:00:00'),
(3423, '2026-02-16', 0, 104, '2026-02-16 00:00:00', '2026-02-16 01:00:00'),
(3424, '2026-02-16', 0, 105, '2026-02-16 00:00:00', '2026-02-16 01:00:00'),
(3425, '2026-02-16', 0, 106, '2026-02-16 00:00:00', '2026-02-16 01:00:00'),
(3426, '2026-02-16', 0, 107, '2026-02-16 00:00:00', '2026-02-16 01:00:00'),
(3427, '2026-02-16', 0, 108, '2026-02-16 00:00:00', '2026-02-16 01:00:00'),
(3428, '2026-02-16', 0, 109, '2026-02-16 00:00:00', '2026-02-16 01:00:00'),
(3429, '2026-02-16', 0, 110, '2026-02-16 00:00:00', '2026-02-16 01:00:00'),
(3430, '2026-02-16', 0, 111, '2026-02-16 00:00:00', '2026-02-16 01:00:00'),
(3431, '2026-02-16', 0, 112, '2026-02-16 00:00:00', '2026-02-16 01:00:00'),
(3432, '2026-02-16', 0, 113, '2026-02-16 00:00:00', '2026-02-16 01:00:00'),
(3433, '2026-02-16', 0, 114, '2026-02-16 00:00:00', '2026-02-16 01:00:00'),
(3434, '2026-02-16', 0, 115, '2026-02-16 00:00:00', '2026-02-16 01:00:00'),
(3435, '2026-02-16', 0, 116, '2026-02-16 00:00:00', '2026-02-16 01:00:00'),
(3436, '2026-02-16', 0, 117, '2026-02-16 00:00:00', '2026-02-16 01:00:00'),
(3437, '2026-02-16', 0, 118, '2026-02-16 00:00:00', '2026-02-16 01:00:00'),
(3438, '2026-02-16', 0, 119, '2026-02-16 00:00:00', '2026-02-16 01:00:00'),
(3439, '2026-02-16', 0, 120, '2026-02-16 00:00:00', '2026-02-16 01:00:00'),
(3440, '2026-02-16', 0, 121, '2026-02-16 00:00:00', '2026-02-16 01:00:00'),
(3441, '2026-02-16', 0, 122, '2026-02-16 00:00:00', '2026-02-16 01:00:00'),
(3442, '2026-02-16', 0, 123, '2026-02-16 00:00:00', '2026-02-16 01:00:00'),
(3443, '2026-02-16', 0, 124, '2026-02-16 00:00:00', '2026-02-16 01:00:00'),
(3444, '2026-02-16', 0, 125, '2026-02-16 00:00:00', '2026-02-16 01:00:00'),
(3445, '2026-02-16', 0, 126, '2026-02-16 00:00:00', '2026-02-16 01:00:00'),
(3446, '2026-02-16', 0, 127, '2026-02-16 00:00:00', '2026-02-16 01:00:00'),
(3447, '2026-02-16', 0, 128, '2026-02-16 00:00:00', '2026-02-16 01:00:00'),
(3448, '2026-02-16', 0, 129, '2026-02-16 00:00:00', '2026-02-16 01:00:00'),
(3449, '2026-02-16', 0, 130, '2026-02-16 00:00:00', '2026-02-16 01:00:00'),
(3450, '2026-02-16', 0, 131, '2026-02-16 00:00:00', '2026-02-16 01:00:00'),
(3451, '2026-02-16', 0, 132, '2026-02-16 00:00:00', '2026-02-16 01:00:00'),
(3452, '2026-02-16', 0, 133, '2026-02-16 00:00:00', '2026-02-16 01:00:00'),
(3453, '2026-02-16', 0, 134, '2026-02-16 00:00:00', '2026-02-16 01:00:00'),
(3454, '2026-02-16', 0, 135, '2026-02-16 00:00:00', '2026-02-16 01:00:00'),
(3455, '2026-02-16', 0, 136, '2026-02-16 00:00:00', '2026-02-16 01:00:00'),
(3456, '2026-02-16', 0, 137, '2026-02-16 00:00:00', '2026-02-16 01:00:00'),
(3457, '2026-02-16', 0, 138, '2026-02-16 00:00:00', '2026-02-16 01:00:00'),
(3458, '2026-02-16', 0, 139, '2026-02-16 00:00:00', '2026-02-16 01:00:00'),
(3459, '2026-02-16', 0, 140, '2026-02-16 00:00:00', '2026-02-16 01:00:00'),
(3460, '2026-02-16', 0, 141, '2026-02-16 00:00:00', '2026-02-16 01:00:00'),
(3461, '2026-02-16', 0, 142, '2026-02-16 00:00:00', '2026-02-16 01:00:00'),
(3462, '2026-02-16', 0, 143, '2026-02-16 00:00:00', '2026-02-16 01:00:00'),
(3463, '2026-02-16', 0, 144, '2026-02-16 00:00:00', '2026-02-16 01:00:00'),
(3464, '2026-02-16', 0, 145, '2026-02-16 00:00:00', '2026-02-16 01:00:00'),
(3465, '2026-02-16', 0, 146, '2026-02-16 00:00:00', '2026-02-16 01:00:00'),
(3466, '2026-02-16', 0, 147, '2026-02-16 00:00:00', '2026-02-16 01:00:00'),
(3467, '2026-02-16', 0, 148, '2026-02-16 00:00:00', '2026-02-16 01:00:00'),
(3468, '2026-02-16', 0, 149, '2026-02-16 00:00:00', '2026-02-16 01:00:00'),
(3469, '2026-02-16', 0, 150, '2026-02-16 00:00:00', '2026-02-16 01:00:00'),
(3470, '2026-02-16', 0, 151, '2026-02-16 00:00:00', '2026-02-16 01:00:00'),
(3471, '2026-02-16', 0, 152, '2026-02-16 00:00:00', '2026-02-16 01:00:00'),
(3472, '2026-02-16', 0, 153, '2026-02-16 00:00:00', '2026-02-16 01:00:00'),
(3473, '2026-02-16', 0, 154, '2026-02-16 00:00:00', '2026-02-16 01:00:00'),
(3474, '2026-02-16', 0, 155, '2026-02-16 00:00:00', '2026-02-16 01:00:00'),
(3475, '2026-02-16', 0, 156, '2026-02-16 00:00:00', '2026-02-16 01:00:00'),
(3476, '2026-02-16', 0, 157, '2026-02-16 00:00:00', '2026-02-16 01:00:00'),
(3477, '2026-02-16', 0, 158, '2026-02-16 00:00:00', '2026-02-16 01:00:00'),
(3478, '2026-02-16', 0, 159, '2026-02-16 00:00:00', '2026-02-16 01:00:00'),
(3479, '2026-02-16', 0, 160, '2026-02-16 00:00:00', '2026-02-16 01:00:00'),
(3480, '2026-02-16', 0, 161, '2026-02-16 00:00:00', '2026-02-16 01:00:00'),
(3481, '2026-02-16', 0, 162, '2026-02-16 00:00:00', '2026-02-16 01:00:00'),
(3482, '2026-02-16', 0, 163, '2026-02-16 00:00:00', '2026-02-16 01:00:00'),
(3483, '2026-02-16', 0, 164, '2026-02-16 00:00:00', '2026-02-16 01:00:00'),
(3484, '2026-02-16', 0, 165, '2026-02-16 00:00:00', '2026-02-16 01:00:00'),
(3485, '2026-02-16', 0, 166, '2026-02-16 00:00:00', '2026-02-16 01:00:00'),
(3486, '2026-02-16', 0, 167, '2026-02-16 00:00:00', '2026-02-16 01:00:00'),
(3487, '2026-02-16', 0, 168, '2026-02-16 00:00:00', '2026-02-16 01:00:00'),
(3488, '2026-02-16', 0, 169, '2026-02-16 00:00:00', '2026-02-16 01:00:00'),
(3489, '2026-02-16', 0, 170, '2026-02-16 00:00:00', '2026-02-16 01:00:00'),
(3490, '2026-02-16', 0, 171, '2026-02-16 00:00:00', '2026-02-16 01:00:00'),
(3491, '2026-02-16', 0, 172, '2026-02-16 00:00:00', '2026-02-16 01:00:00'),
(3492, '2026-02-16', 0, 173, '2026-02-16 00:00:00', '2026-02-16 01:00:00'),
(3493, '2026-02-16', 0, 174, '2026-02-16 00:00:00', '2026-02-16 01:00:00'),
(3494, '2026-02-16', 0, 175, '2026-02-16 00:00:00', '2026-02-16 01:00:00'),
(3495, '2026-02-16', 0, 176, '2026-02-16 00:00:00', '2026-02-16 01:00:00'),
(3496, '2026-02-16', 0, 177, '2026-02-16 00:00:00', '2026-02-16 01:00:00'),
(3497, '2026-02-16', 0, 178, '2026-02-16 00:00:00', '2026-02-16 01:00:00'),
(3498, '2026-02-16', 0, 179, '2026-02-16 00:00:00', '2026-02-16 01:00:00'),
(3499, '2026-02-16', 0, 180, '2026-02-16 00:00:00', '2026-02-16 01:00:00'),
(3500, '2026-02-16', 0, 181, '2026-02-16 00:00:00', '2026-02-16 01:00:00'),
(3501, '2026-02-20', 1, 82, '2026-02-20 12:00:00', '2026-02-20 13:00:00'),
(3502, '2026-02-20', 1, 83, '2026-02-20 12:00:00', '2026-02-20 13:00:00'),
(3503, '2026-02-20', 1, 84, '2026-02-20 12:00:00', '2026-02-20 13:00:00'),
(3504, '2026-02-20', 1, 85, '2026-02-20 12:00:00', '2026-02-20 13:00:00'),
(3505, '2026-02-20', 1, 86, '2026-02-20 12:00:00', '2026-02-20 13:00:00'),
(3506, '2026-02-20', 1, 87, '2026-02-20 12:00:00', '2026-02-20 13:00:00'),
(3507, '2026-02-20', 1, 88, '2026-02-20 12:00:00', '2026-02-20 13:00:00'),
(3508, '2026-02-20', 1, 89, '2026-02-20 12:00:00', '2026-02-20 13:00:00'),
(3509, '2026-02-20', 1, 90, '2026-02-20 12:00:00', '2026-02-20 13:00:00'),
(3510, '2026-02-20', 1, 91, '2026-02-20 12:00:00', '2026-02-20 13:00:00'),
(3511, '2026-02-20', 1, 92, '2026-02-20 12:00:00', '2026-02-20 13:00:00'),
(3512, '2026-02-20', 1, 93, '2026-02-20 12:00:00', '2026-02-20 13:00:00'),
(3513, '2026-02-20', 1, 94, '2026-02-20 12:00:00', '2026-02-20 13:00:00'),
(3514, '2026-02-20', 1, 95, '2026-02-20 12:00:00', '2026-02-20 13:00:00'),
(3515, '2026-02-20', 1, 96, '2026-02-20 12:00:00', '2026-02-20 13:00:00'),
(3516, '2026-02-20', 1, 97, '2026-02-20 12:00:00', '2026-02-20 13:00:00'),
(3517, '2026-02-20', 1, 98, '2026-02-20 12:00:00', '2026-02-20 13:00:00'),
(3518, '2026-02-20', 1, 99, '2026-02-20 12:00:00', '2026-02-20 13:00:00'),
(3519, '2026-02-20', 1, 100, '2026-02-20 12:00:00', '2026-02-20 13:00:00'),
(3520, '2026-02-20', 1, 101, '2026-02-20 12:00:00', '2026-02-20 13:00:00'),
(3521, '2026-02-20', 1, 102, '2026-02-20 12:00:00', '2026-02-20 13:00:00'),
(3522, '2026-02-20', 1, 103, '2026-02-20 12:00:00', '2026-02-20 13:00:00'),
(3523, '2026-02-20', 1, 104, '2026-02-20 12:00:00', '2026-02-20 13:00:00'),
(3524, '2026-02-20', 1, 105, '2026-02-20 12:00:00', '2026-02-20 13:00:00'),
(3525, '2026-02-20', 1, 106, '2026-02-20 12:00:00', '2026-02-20 13:00:00'),
(3526, '2026-02-20', 1, 107, '2026-02-20 12:00:00', '2026-02-20 13:00:00'),
(3527, '2026-02-20', 1, 108, '2026-02-20 12:00:00', '2026-02-20 13:00:00'),
(3528, '2026-02-20', 1, 109, '2026-02-20 12:00:00', '2026-02-20 13:00:00'),
(3529, '2026-02-20', 1, 110, '2026-02-20 12:00:00', '2026-02-20 13:00:00'),
(3530, '2026-02-20', 1, 111, '2026-02-20 12:00:00', '2026-02-20 13:00:00'),
(3531, '2026-02-20', 1, 112, '2026-02-20 12:00:00', '2026-02-20 13:00:00'),
(3532, '2026-02-20', 1, 113, '2026-02-20 12:00:00', '2026-02-20 13:00:00'),
(3533, '2026-02-20', 1, 114, '2026-02-20 12:00:00', '2026-02-20 13:00:00'),
(3534, '2026-02-20', 1, 115, '2026-02-20 12:00:00', '2026-02-20 13:00:00'),
(3535, '2026-02-20', 1, 116, '2026-02-20 12:00:00', '2026-02-20 13:00:00'),
(3536, '2026-02-20', 1, 117, '2026-02-20 12:00:00', '2026-02-20 13:00:00'),
(3537, '2026-02-20', 1, 118, '2026-02-20 12:00:00', '2026-02-20 13:00:00'),
(3538, '2026-02-20', 1, 119, '2026-02-20 12:00:00', '2026-02-20 13:00:00'),
(3539, '2026-02-20', 1, 120, '2026-02-20 12:00:00', '2026-02-20 13:00:00'),
(3540, '2026-02-20', 1, 121, '2026-02-20 12:00:00', '2026-02-20 13:00:00'),
(3541, '2026-02-20', 1, 122, '2026-02-20 12:00:00', '2026-02-20 13:00:00'),
(3542, '2026-02-20', 1, 123, '2026-02-20 12:00:00', '2026-02-20 13:00:00'),
(3543, '2026-02-20', 1, 124, '2026-02-20 12:00:00', '2026-02-20 13:00:00'),
(3544, '2026-02-20', 1, 125, '2026-02-20 12:00:00', '2026-02-20 13:00:00'),
(3545, '2026-02-20', 1, 126, '2026-02-20 12:00:00', '2026-02-20 13:00:00'),
(3546, '2026-02-20', 1, 127, '2026-02-20 12:00:00', '2026-02-20 13:00:00'),
(3547, '2026-02-20', 1, 128, '2026-02-20 12:00:00', '2026-02-20 13:00:00'),
(3548, '2026-02-20', 1, 129, '2026-02-20 12:00:00', '2026-02-20 13:00:00'),
(3549, '2026-02-20', 1, 130, '2026-02-20 12:00:00', '2026-02-20 13:00:00'),
(3550, '2026-02-20', 1, 131, '2026-02-20 12:00:00', '2026-02-20 13:00:00'),
(3551, '2026-02-20', 1, 132, '2026-02-20 12:00:00', '2026-02-20 13:00:00'),
(3552, '2026-02-20', 1, 133, '2026-02-20 12:00:00', '2026-02-20 13:00:00'),
(3553, '2026-02-20', 1, 134, '2026-02-20 12:00:00', '2026-02-20 13:00:00'),
(3554, '2026-02-20', 1, 135, '2026-02-20 12:00:00', '2026-02-20 13:00:00'),
(3555, '2026-02-20', 1, 136, '2026-02-20 12:00:00', '2026-02-20 13:00:00'),
(3556, '2026-02-20', 1, 137, '2026-02-20 12:00:00', '2026-02-20 13:00:00'),
(3557, '2026-02-20', 1, 138, '2026-02-20 12:00:00', '2026-02-20 13:00:00'),
(3558, '2026-02-20', 1, 139, '2026-02-20 12:00:00', '2026-02-20 13:00:00'),
(3559, '2026-02-20', 1, 140, '2026-02-20 12:00:00', '2026-02-20 13:00:00'),
(3560, '2026-02-20', 1, 141, '2026-02-20 12:00:00', '2026-02-20 13:00:00'),
(3561, '2026-02-20', 1, 142, '2026-02-20 12:00:00', '2026-02-20 13:00:00'),
(3562, '2026-02-20', 1, 143, '2026-02-20 12:00:00', '2026-02-20 13:00:00'),
(3563, '2026-02-20', 1, 144, '2026-02-20 12:00:00', '2026-02-20 13:00:00'),
(3564, '2026-02-20', 1, 145, '2026-02-20 12:00:00', '2026-02-20 13:00:00'),
(3565, '2026-02-20', 1, 146, '2026-02-20 12:00:00', '2026-02-20 13:00:00'),
(3566, '2026-02-20', 1, 147, '2026-02-20 12:00:00', '2026-02-20 13:00:00'),
(3567, '2026-02-20', 1, 148, '2026-02-20 12:00:00', '2026-02-20 13:00:00'),
(3568, '2026-02-20', 1, 149, '2026-02-20 12:00:00', '2026-02-20 13:00:00'),
(3569, '2026-02-20', 1, 150, '2026-02-20 12:00:00', '2026-02-20 13:00:00'),
(3570, '2026-02-20', 1, 151, '2026-02-20 12:00:00', '2026-02-20 13:00:00'),
(3571, '2026-02-20', 1, 152, '2026-02-20 12:00:00', '2026-02-20 13:00:00'),
(3572, '2026-02-20', 1, 153, '2026-02-20 12:00:00', '2026-02-20 13:00:00'),
(3573, '2026-02-20', 1, 154, '2026-02-20 12:00:00', '2026-02-20 13:00:00'),
(3574, '2026-02-20', 1, 155, '2026-02-20 12:00:00', '2026-02-20 13:00:00'),
(3575, '2026-02-20', 1, 156, '2026-02-20 12:00:00', '2026-02-20 13:00:00'),
(3576, '2026-02-20', 1, 157, '2026-02-20 12:00:00', '2026-02-20 13:00:00'),
(3577, '2026-02-20', 1, 158, '2026-02-20 12:00:00', '2026-02-20 13:00:00'),
(3578, '2026-02-20', 1, 159, '2026-02-20 12:00:00', '2026-02-20 13:00:00'),
(3579, '2026-02-20', 1, 160, '2026-02-20 12:00:00', '2026-02-20 13:00:00'),
(3580, '2026-02-20', 1, 161, '2026-02-20 12:00:00', '2026-02-20 13:00:00'),
(3581, '2026-02-20', 1, 162, '2026-02-20 12:00:00', '2026-02-20 13:00:00'),
(3582, '2026-02-20', 1, 163, '2026-02-20 12:00:00', '2026-02-20 13:00:00'),
(3583, '2026-02-20', 1, 164, '2026-02-20 12:00:00', '2026-02-20 13:00:00'),
(3584, '2026-02-20', 1, 165, '2026-02-20 12:00:00', '2026-02-20 13:00:00'),
(3585, '2026-02-20', 1, 166, '2026-02-20 12:00:00', '2026-02-20 13:00:00'),
(3586, '2026-02-20', 1, 167, '2026-02-20 12:00:00', '2026-02-20 13:00:00'),
(3587, '2026-02-20', 1, 168, '2026-02-20 12:00:00', '2026-02-20 13:00:00'),
(3588, '2026-02-20', 1, 169, '2026-02-20 12:00:00', '2026-02-20 13:00:00'),
(3589, '2026-02-20', 1, 170, '2026-02-20 12:00:00', '2026-02-20 13:00:00'),
(3590, '2026-02-20', 1, 171, '2026-02-20 12:00:00', '2026-02-20 13:00:00'),
(3591, '2026-02-20', 1, 172, '2026-02-20 12:00:00', '2026-02-20 13:00:00'),
(3592, '2026-02-20', 1, 173, '2026-02-20 12:00:00', '2026-02-20 13:00:00'),
(3593, '2026-02-20', 1, 174, '2026-02-20 12:00:00', '2026-02-20 13:00:00'),
(3594, '2026-02-20', 1, 175, '2026-02-20 12:00:00', '2026-02-20 13:00:00'),
(3595, '2026-02-20', 1, 176, '2026-02-20 12:00:00', '2026-02-20 13:00:00'),
(3596, '2026-02-20', 1, 177, '2026-02-20 12:00:00', '2026-02-20 13:00:00'),
(3597, '2026-02-20', 1, 178, '2026-02-20 12:00:00', '2026-02-20 13:00:00'),
(3598, '2026-02-20', 1, 179, '2026-02-20 12:00:00', '2026-02-20 13:00:00'),
(3599, '2026-02-20', 1, 180, '2026-02-20 12:00:00', '2026-02-20 13:00:00'),
(3600, '2026-02-20', 1, 181, '2026-02-20 12:00:00', '2026-02-20 13:00:00'),
(3601, '2026-02-16', 1, 82, '2026-02-16 12:00:00', '2026-02-16 13:00:00'),
(3602, '2026-02-16', 1, 83, '2026-02-16 12:00:00', '2026-02-16 13:00:00'),
(3603, '2026-02-16', 1, 84, '2026-02-16 12:00:00', '2026-02-16 13:00:00'),
(3604, '2026-02-16', 1, 85, '2026-02-16 12:00:00', '2026-02-16 13:00:00'),
(3605, '2026-02-16', 1, 86, '2026-02-16 12:00:00', '2026-02-16 13:00:00'),
(3606, '2026-02-16', 1, 87, '2026-02-16 12:00:00', '2026-02-16 13:00:00'),
(3607, '2026-02-16', 1, 88, '2026-02-16 12:00:00', '2026-02-16 13:00:00'),
(3608, '2026-02-16', 1, 89, '2026-02-16 12:00:00', '2026-02-16 13:00:00'),
(3609, '2026-02-16', 1, 90, '2026-02-16 12:00:00', '2026-02-16 13:00:00'),
(3610, '2026-02-16', 1, 91, '2026-02-16 12:00:00', '2026-02-16 13:00:00'),
(3611, '2026-02-16', 1, 92, '2026-02-16 12:00:00', '2026-02-16 13:00:00'),
(3612, '2026-02-16', 1, 93, '2026-02-16 12:00:00', '2026-02-16 13:00:00'),
(3613, '2026-02-16', 1, 94, '2026-02-16 12:00:00', '2026-02-16 13:00:00'),
(3614, '2026-02-16', 1, 95, '2026-02-16 12:00:00', '2026-02-16 13:00:00'),
(3615, '2026-02-16', 1, 96, '2026-02-16 12:00:00', '2026-02-16 13:00:00'),
(3616, '2026-02-16', 1, 97, '2026-02-16 12:00:00', '2026-02-16 13:00:00'),
(3617, '2026-02-16', 1, 98, '2026-02-16 12:00:00', '2026-02-16 13:00:00'),
(3618, '2026-02-16', 1, 99, '2026-02-16 12:00:00', '2026-02-16 13:00:00'),
(3619, '2026-02-16', 1, 100, '2026-02-16 12:00:00', '2026-02-16 13:00:00'),
(3620, '2026-02-16', 1, 101, '2026-02-16 12:00:00', '2026-02-16 13:00:00'),
(3621, '2026-02-16', 1, 102, '2026-02-16 12:00:00', '2026-02-16 13:00:00'),
(3622, '2026-02-16', 1, 103, '2026-02-16 12:00:00', '2026-02-16 13:00:00'),
(3623, '2026-02-16', 1, 104, '2026-02-16 12:00:00', '2026-02-16 13:00:00'),
(3624, '2026-02-16', 1, 105, '2026-02-16 12:00:00', '2026-02-16 13:00:00'),
(3625, '2026-02-16', 1, 106, '2026-02-16 12:00:00', '2026-02-16 13:00:00'),
(3626, '2026-02-16', 1, 107, '2026-02-16 12:00:00', '2026-02-16 13:00:00'),
(3627, '2026-02-16', 1, 108, '2026-02-16 12:00:00', '2026-02-16 13:00:00'),
(3628, '2026-02-16', 1, 109, '2026-02-16 12:00:00', '2026-02-16 13:00:00'),
(3629, '2026-02-16', 1, 110, '2026-02-16 12:00:00', '2026-02-16 13:00:00'),
(3630, '2026-02-16', 1, 111, '2026-02-16 12:00:00', '2026-02-16 13:00:00'),
(3631, '2026-02-16', 1, 112, '2026-02-16 12:00:00', '2026-02-16 13:00:00'),
(3632, '2026-02-16', 1, 113, '2026-02-16 12:00:00', '2026-02-16 13:00:00'),
(3633, '2026-02-16', 1, 114, '2026-02-16 12:00:00', '2026-02-16 13:00:00'),
(3634, '2026-02-16', 1, 115, '2026-02-16 12:00:00', '2026-02-16 13:00:00'),
(3635, '2026-02-16', 1, 116, '2026-02-16 12:00:00', '2026-02-16 13:00:00'),
(3636, '2026-02-16', 1, 117, '2026-02-16 12:00:00', '2026-02-16 13:00:00'),
(3637, '2026-02-16', 1, 118, '2026-02-16 12:00:00', '2026-02-16 13:00:00'),
(3638, '2026-02-16', 1, 119, '2026-02-16 12:00:00', '2026-02-16 13:00:00'),
(3639, '2026-02-16', 1, 120, '2026-02-16 12:00:00', '2026-02-16 13:00:00'),
(3640, '2026-02-16', 1, 121, '2026-02-16 12:00:00', '2026-02-16 13:00:00'),
(3641, '2026-02-16', 1, 122, '2026-02-16 12:00:00', '2026-02-16 13:00:00'),
(3642, '2026-02-16', 1, 123, '2026-02-16 12:00:00', '2026-02-16 13:00:00'),
(3643, '2026-02-16', 1, 124, '2026-02-16 12:00:00', '2026-02-16 13:00:00'),
(3644, '2026-02-16', 1, 125, '2026-02-16 12:00:00', '2026-02-16 13:00:00'),
(3645, '2026-02-16', 1, 126, '2026-02-16 12:00:00', '2026-02-16 13:00:00'),
(3646, '2026-02-16', 1, 127, '2026-02-16 12:00:00', '2026-02-16 13:00:00'),
(3647, '2026-02-16', 1, 128, '2026-02-16 12:00:00', '2026-02-16 13:00:00'),
(3648, '2026-02-16', 1, 129, '2026-02-16 12:00:00', '2026-02-16 13:00:00'),
(3649, '2026-02-16', 1, 130, '2026-02-16 12:00:00', '2026-02-16 13:00:00'),
(3650, '2026-02-16', 1, 131, '2026-02-16 12:00:00', '2026-02-16 13:00:00'),
(3651, '2026-02-16', 1, 132, '2026-02-16 12:00:00', '2026-02-16 13:00:00'),
(3652, '2026-02-16', 1, 133, '2026-02-16 12:00:00', '2026-02-16 13:00:00'),
(3653, '2026-02-16', 1, 134, '2026-02-16 12:00:00', '2026-02-16 13:00:00'),
(3654, '2026-02-16', 1, 135, '2026-02-16 12:00:00', '2026-02-16 13:00:00'),
(3655, '2026-02-16', 1, 136, '2026-02-16 12:00:00', '2026-02-16 13:00:00'),
(3656, '2026-02-16', 1, 137, '2026-02-16 12:00:00', '2026-02-16 13:00:00'),
(3657, '2026-02-16', 1, 138, '2026-02-16 12:00:00', '2026-02-16 13:00:00'),
(3658, '2026-02-16', 1, 139, '2026-02-16 12:00:00', '2026-02-16 13:00:00'),
(3659, '2026-02-16', 1, 140, '2026-02-16 12:00:00', '2026-02-16 13:00:00'),
(3660, '2026-02-16', 1, 141, '2026-02-16 12:00:00', '2026-02-16 13:00:00'),
(3661, '2026-02-16', 1, 142, '2026-02-16 12:00:00', '2026-02-16 13:00:00'),
(3662, '2026-02-16', 1, 143, '2026-02-16 12:00:00', '2026-02-16 13:00:00'),
(3663, '2026-02-16', 1, 144, '2026-02-16 12:00:00', '2026-02-16 13:00:00'),
(3664, '2026-02-16', 1, 145, '2026-02-16 12:00:00', '2026-02-16 13:00:00'),
(3665, '2026-02-16', 1, 146, '2026-02-16 12:00:00', '2026-02-16 13:00:00'),
(3666, '2026-02-16', 1, 147, '2026-02-16 12:00:00', '2026-02-16 13:00:00'),
(3667, '2026-02-16', 1, 148, '2026-02-16 12:00:00', '2026-02-16 13:00:00'),
(3668, '2026-02-16', 1, 149, '2026-02-16 12:00:00', '2026-02-16 13:00:00'),
(3669, '2026-02-16', 1, 150, '2026-02-16 12:00:00', '2026-02-16 13:00:00'),
(3670, '2026-02-16', 1, 151, '2026-02-16 12:00:00', '2026-02-16 13:00:00'),
(3671, '2026-02-16', 1, 152, '2026-02-16 12:00:00', '2026-02-16 13:00:00'),
(3672, '2026-02-16', 1, 153, '2026-02-16 12:00:00', '2026-02-16 13:00:00'),
(3673, '2026-02-16', 1, 154, '2026-02-16 12:00:00', '2026-02-16 13:00:00'),
(3674, '2026-02-16', 1, 155, '2026-02-16 12:00:00', '2026-02-16 13:00:00'),
(3675, '2026-02-16', 1, 156, '2026-02-16 12:00:00', '2026-02-16 13:00:00'),
(3676, '2026-02-16', 1, 157, '2026-02-16 12:00:00', '2026-02-16 13:00:00'),
(3677, '2026-02-16', 1, 158, '2026-02-16 12:00:00', '2026-02-16 13:00:00'),
(3678, '2026-02-16', 1, 159, '2026-02-16 12:00:00', '2026-02-16 13:00:00'),
(3679, '2026-02-16', 1, 160, '2026-02-16 12:00:00', '2026-02-16 13:00:00'),
(3680, '2026-02-16', 1, 161, '2026-02-16 12:00:00', '2026-02-16 13:00:00'),
(3681, '2026-02-16', 1, 162, '2026-02-16 12:00:00', '2026-02-16 13:00:00'),
(3682, '2026-02-16', 1, 163, '2026-02-16 12:00:00', '2026-02-16 13:00:00'),
(3683, '2026-02-16', 1, 164, '2026-02-16 12:00:00', '2026-02-16 13:00:00'),
(3684, '2026-02-16', 1, 165, '2026-02-16 12:00:00', '2026-02-16 13:00:00'),
(3685, '2026-02-16', 1, 166, '2026-02-16 12:00:00', '2026-02-16 13:00:00'),
(3686, '2026-02-16', 1, 167, '2026-02-16 12:00:00', '2026-02-16 13:00:00'),
(3687, '2026-02-16', 1, 168, '2026-02-16 12:00:00', '2026-02-16 13:00:00'),
(3688, '2026-02-16', 1, 169, '2026-02-16 12:00:00', '2026-02-16 13:00:00'),
(3689, '2026-02-16', 1, 170, '2026-02-16 12:00:00', '2026-02-16 13:00:00'),
(3690, '2026-02-16', 1, 171, '2026-02-16 12:00:00', '2026-02-16 13:00:00'),
(3691, '2026-02-16', 1, 172, '2026-02-16 12:00:00', '2026-02-16 13:00:00'),
(3692, '2026-02-16', 1, 173, '2026-02-16 12:00:00', '2026-02-16 13:00:00'),
(3693, '2026-02-16', 1, 174, '2026-02-16 12:00:00', '2026-02-16 13:00:00'),
(3694, '2026-02-16', 1, 175, '2026-02-16 12:00:00', '2026-02-16 13:00:00'),
(3695, '2026-02-16', 1, 176, '2026-02-16 12:00:00', '2026-02-16 13:00:00'),
(3696, '2026-02-16', 1, 177, '2026-02-16 12:00:00', '2026-02-16 13:00:00'),
(3697, '2026-02-16', 1, 178, '2026-02-16 12:00:00', '2026-02-16 13:00:00'),
(3698, '2026-02-16', 1, 179, '2026-02-16 12:00:00', '2026-02-16 13:00:00'),
(3699, '2026-02-16', 1, 180, '2026-02-16 12:00:00', '2026-02-16 13:00:00'),
(3700, '2026-02-16', 1, 181, '2026-02-16 12:00:00', '2026-02-16 13:00:00'),
(3701, '2026-03-02', 0, 82, '2026-03-02 00:00:00', '2026-03-02 01:00:00'),
(3702, '2026-03-02', 0, 83, '2026-03-02 00:00:00', '2026-03-02 01:00:00'),
(3703, '2026-03-02', 0, 84, '2026-03-02 00:00:00', '2026-03-02 01:00:00'),
(3704, '2026-03-02', 0, 85, '2026-03-02 00:00:00', '2026-03-02 01:00:00'),
(3705, '2026-03-02', 0, 86, '2026-03-02 00:00:00', '2026-03-02 01:00:00'),
(3706, '2026-03-02', 0, 87, '2026-03-02 00:00:00', '2026-03-02 01:00:00'),
(3707, '2026-03-02', 0, 88, '2026-03-02 00:00:00', '2026-03-02 01:00:00'),
(3708, '2026-03-02', 0, 89, '2026-03-02 00:00:00', '2026-03-02 01:00:00'),
(3709, '2026-03-02', 0, 90, '2026-03-02 00:00:00', '2026-03-02 01:00:00'),
(3710, '2026-03-02', 0, 91, '2026-03-02 00:00:00', '2026-03-02 01:00:00'),
(3711, '2026-03-02', 0, 92, '2026-03-02 00:00:00', '2026-03-02 01:00:00'),
(3712, '2026-03-02', 0, 93, '2026-03-02 00:00:00', '2026-03-02 01:00:00'),
(3713, '2026-03-02', 0, 94, '2026-03-02 00:00:00', '2026-03-02 01:00:00'),
(3714, '2026-03-02', 0, 95, '2026-03-02 00:00:00', '2026-03-02 01:00:00'),
(3715, '2026-03-02', 0, 96, '2026-03-02 00:00:00', '2026-03-02 01:00:00'),
(3716, '2026-03-02', 0, 97, '2026-03-02 00:00:00', '2026-03-02 01:00:00'),
(3717, '2026-03-02', 0, 98, '2026-03-02 00:00:00', '2026-03-02 01:00:00'),
(3718, '2026-03-02', 0, 99, '2026-03-02 00:00:00', '2026-03-02 01:00:00'),
(3719, '2026-03-02', 0, 100, '2026-03-02 00:00:00', '2026-03-02 01:00:00'),
(3720, '2026-03-02', 0, 101, '2026-03-02 00:00:00', '2026-03-02 01:00:00'),
(3721, '2026-03-02', 0, 102, '2026-03-02 00:00:00', '2026-03-02 01:00:00'),
(3722, '2026-03-02', 0, 103, '2026-03-02 00:00:00', '2026-03-02 01:00:00'),
(3723, '2026-03-02', 0, 104, '2026-03-02 00:00:00', '2026-03-02 01:00:00'),
(3724, '2026-03-02', 0, 105, '2026-03-02 00:00:00', '2026-03-02 01:00:00'),
(3725, '2026-03-02', 0, 106, '2026-03-02 00:00:00', '2026-03-02 01:00:00'),
(3726, '2026-03-02', 0, 107, '2026-03-02 00:00:00', '2026-03-02 01:00:00'),
(3727, '2026-03-02', 0, 108, '2026-03-02 00:00:00', '2026-03-02 01:00:00'),
(3728, '2026-03-02', 0, 109, '2026-03-02 00:00:00', '2026-03-02 01:00:00'),
(3729, '2026-03-02', 0, 110, '2026-03-02 00:00:00', '2026-03-02 01:00:00'),
(3730, '2026-03-02', 0, 111, '2026-03-02 00:00:00', '2026-03-02 01:00:00'),
(3731, '2026-03-02', 0, 112, '2026-03-02 00:00:00', '2026-03-02 01:00:00'),
(3732, '2026-03-02', 0, 113, '2026-03-02 00:00:00', '2026-03-02 01:00:00'),
(3733, '2026-03-02', 0, 114, '2026-03-02 00:00:00', '2026-03-02 01:00:00'),
(3734, '2026-03-02', 0, 115, '2026-03-02 00:00:00', '2026-03-02 01:00:00'),
(3735, '2026-03-02', 0, 116, '2026-03-02 00:00:00', '2026-03-02 01:00:00'),
(3736, '2026-03-02', 0, 117, '2026-03-02 00:00:00', '2026-03-02 01:00:00'),
(3737, '2026-03-02', 0, 118, '2026-03-02 00:00:00', '2026-03-02 01:00:00'),
(3738, '2026-03-02', 0, 119, '2026-03-02 00:00:00', '2026-03-02 01:00:00'),
(3739, '2026-03-02', 0, 120, '2026-03-02 00:00:00', '2026-03-02 01:00:00'),
(3740, '2026-03-02', 0, 121, '2026-03-02 00:00:00', '2026-03-02 01:00:00'),
(3741, '2026-03-02', 0, 122, '2026-03-02 00:00:00', '2026-03-02 01:00:00'),
(3742, '2026-03-02', 0, 123, '2026-03-02 00:00:00', '2026-03-02 01:00:00'),
(3743, '2026-03-02', 0, 124, '2026-03-02 00:00:00', '2026-03-02 01:00:00'),
(3744, '2026-03-02', 0, 125, '2026-03-02 00:00:00', '2026-03-02 01:00:00'),
(3745, '2026-03-02', 0, 126, '2026-03-02 00:00:00', '2026-03-02 01:00:00'),
(3746, '2026-03-02', 0, 127, '2026-03-02 00:00:00', '2026-03-02 01:00:00'),
(3747, '2026-03-02', 0, 128, '2026-03-02 00:00:00', '2026-03-02 01:00:00'),
(3748, '2026-03-02', 0, 129, '2026-03-02 00:00:00', '2026-03-02 01:00:00'),
(3749, '2026-03-02', 0, 130, '2026-03-02 00:00:00', '2026-03-02 01:00:00'),
(3750, '2026-03-02', 0, 131, '2026-03-02 00:00:00', '2026-03-02 01:00:00'),
(3751, '2026-03-02', 0, 132, '2026-03-02 00:00:00', '2026-03-02 01:00:00'),
(3752, '2026-03-02', 0, 133, '2026-03-02 00:00:00', '2026-03-02 01:00:00'),
(3753, '2026-03-02', 0, 134, '2026-03-02 00:00:00', '2026-03-02 01:00:00'),
(3754, '2026-03-02', 0, 135, '2026-03-02 00:00:00', '2026-03-02 01:00:00'),
(3755, '2026-03-02', 0, 136, '2026-03-02 00:00:00', '2026-03-02 01:00:00'),
(3756, '2026-03-02', 0, 137, '2026-03-02 00:00:00', '2026-03-02 01:00:00'),
(3757, '2026-03-02', 0, 138, '2026-03-02 00:00:00', '2026-03-02 01:00:00'),
(3758, '2026-03-02', 0, 139, '2026-03-02 00:00:00', '2026-03-02 01:00:00'),
(3759, '2026-03-02', 0, 140, '2026-03-02 00:00:00', '2026-03-02 01:00:00'),
(3760, '2026-03-02', 0, 141, '2026-03-02 00:00:00', '2026-03-02 01:00:00'),
(3761, '2026-03-02', 0, 142, '2026-03-02 00:00:00', '2026-03-02 01:00:00'),
(3762, '2026-03-02', 0, 143, '2026-03-02 00:00:00', '2026-03-02 01:00:00'),
(3763, '2026-03-02', 0, 144, '2026-03-02 00:00:00', '2026-03-02 01:00:00'),
(3764, '2026-03-02', 0, 145, '2026-03-02 00:00:00', '2026-03-02 01:00:00'),
(3765, '2026-03-02', 0, 146, '2026-03-02 00:00:00', '2026-03-02 01:00:00'),
(3766, '2026-03-02', 0, 147, '2026-03-02 00:00:00', '2026-03-02 01:00:00'),
(3767, '2026-03-02', 0, 148, '2026-03-02 00:00:00', '2026-03-02 01:00:00'),
(3768, '2026-03-02', 0, 149, '2026-03-02 00:00:00', '2026-03-02 01:00:00'),
(3769, '2026-03-02', 0, 150, '2026-03-02 00:00:00', '2026-03-02 01:00:00'),
(3770, '2026-03-02', 0, 151, '2026-03-02 00:00:00', '2026-03-02 01:00:00'),
(3771, '2026-03-02', 0, 152, '2026-03-02 00:00:00', '2026-03-02 01:00:00'),
(3772, '2026-03-02', 0, 153, '2026-03-02 00:00:00', '2026-03-02 01:00:00'),
(3773, '2026-03-02', 0, 154, '2026-03-02 00:00:00', '2026-03-02 01:00:00'),
(3774, '2026-03-02', 0, 155, '2026-03-02 00:00:00', '2026-03-02 01:00:00'),
(3775, '2026-03-02', 0, 156, '2026-03-02 00:00:00', '2026-03-02 01:00:00'),
(3776, '2026-03-02', 0, 157, '2026-03-02 00:00:00', '2026-03-02 01:00:00'),
(3777, '2026-03-02', 0, 158, '2026-03-02 00:00:00', '2026-03-02 01:00:00'),
(3778, '2026-03-02', 0, 159, '2026-03-02 00:00:00', '2026-03-02 01:00:00'),
(3779, '2026-03-02', 0, 160, '2026-03-02 00:00:00', '2026-03-02 01:00:00'),
(3780, '2026-03-02', 0, 161, '2026-03-02 00:00:00', '2026-03-02 01:00:00'),
(3781, '2026-03-02', 0, 162, '2026-03-02 00:00:00', '2026-03-02 01:00:00'),
(3782, '2026-03-02', 0, 163, '2026-03-02 00:00:00', '2026-03-02 01:00:00'),
(3783, '2026-03-02', 0, 164, '2026-03-02 00:00:00', '2026-03-02 01:00:00'),
(3784, '2026-03-02', 0, 165, '2026-03-02 00:00:00', '2026-03-02 01:00:00'),
(3785, '2026-03-02', 0, 166, '2026-03-02 00:00:00', '2026-03-02 01:00:00'),
(3786, '2026-03-02', 0, 167, '2026-03-02 00:00:00', '2026-03-02 01:00:00'),
(3787, '2026-03-02', 0, 168, '2026-03-02 00:00:00', '2026-03-02 01:00:00'),
(3788, '2026-03-02', 0, 169, '2026-03-02 00:00:00', '2026-03-02 01:00:00'),
(3789, '2026-03-02', 0, 170, '2026-03-02 00:00:00', '2026-03-02 01:00:00'),
(3790, '2026-03-02', 0, 171, '2026-03-02 00:00:00', '2026-03-02 01:00:00'),
(3791, '2026-03-02', 0, 172, '2026-03-02 00:00:00', '2026-03-02 01:00:00'),
(3792, '2026-03-02', 0, 173, '2026-03-02 00:00:00', '2026-03-02 01:00:00'),
(3793, '2026-03-02', 0, 174, '2026-03-02 00:00:00', '2026-03-02 01:00:00'),
(3794, '2026-03-02', 0, 175, '2026-03-02 00:00:00', '2026-03-02 01:00:00'),
(3795, '2026-03-02', 0, 176, '2026-03-02 00:00:00', '2026-03-02 01:00:00'),
(3796, '2026-03-02', 0, 177, '2026-03-02 00:00:00', '2026-03-02 01:00:00'),
(3797, '2026-03-02', 0, 178, '2026-03-02 00:00:00', '2026-03-02 01:00:00'),
(3798, '2026-03-02', 0, 179, '2026-03-02 00:00:00', '2026-03-02 01:00:00'),
(3799, '2026-03-02', 0, 180, '2026-03-02 00:00:00', '2026-03-02 01:00:00'),
(3800, '2026-03-02', 0, 181, '2026-03-02 00:00:00', '2026-03-02 01:00:00'),
(3801, '2026-03-02', 1, 82, '2026-03-02 12:00:00', '2026-03-02 13:00:00'),
(3802, '2026-03-02', 1, 83, '2026-03-02 12:00:00', '2026-03-02 13:00:00'),
(3803, '2026-03-02', 1, 84, '2026-03-02 12:00:00', '2026-03-02 13:00:00'),
(3804, '2026-03-02', 1, 85, '2026-03-02 12:00:00', '2026-03-02 13:00:00'),
(3805, '2026-03-02', 1, 86, '2026-03-02 12:00:00', '2026-03-02 13:00:00'),
(3806, '2026-03-02', 1, 87, '2026-03-02 12:00:00', '2026-03-02 13:00:00'),
(3807, '2026-03-02', 1, 88, '2026-03-02 12:00:00', '2026-03-02 13:00:00'),
(3808, '2026-03-02', 1, 89, '2026-03-02 12:00:00', '2026-03-02 13:00:00'),
(3809, '2026-03-02', 1, 90, '2026-03-02 12:00:00', '2026-03-02 13:00:00'),
(3810, '2026-03-02', 1, 91, '2026-03-02 12:00:00', '2026-03-02 13:00:00'),
(3811, '2026-03-02', 1, 92, '2026-03-02 12:00:00', '2026-03-02 13:00:00'),
(3812, '2026-03-02', 1, 93, '2026-03-02 12:00:00', '2026-03-02 13:00:00'),
(3813, '2026-03-02', 1, 94, '2026-03-02 12:00:00', '2026-03-02 13:00:00'),
(3814, '2026-03-02', 1, 95, '2026-03-02 12:00:00', '2026-03-02 13:00:00'),
(3815, '2026-03-02', 1, 96, '2026-03-02 12:00:00', '2026-03-02 13:00:00'),
(3816, '2026-03-02', 1, 97, '2026-03-02 12:00:00', '2026-03-02 13:00:00'),
(3817, '2026-03-02', 1, 98, '2026-03-02 12:00:00', '2026-03-02 13:00:00'),
(3818, '2026-03-02', 1, 99, '2026-03-02 12:00:00', '2026-03-02 13:00:00'),
(3819, '2026-03-02', 1, 100, '2026-03-02 12:00:00', '2026-03-02 13:00:00'),
(3820, '2026-03-02', 1, 101, '2026-03-02 12:00:00', '2026-03-02 13:00:00'),
(3821, '2026-03-02', 1, 102, '2026-03-02 12:00:00', '2026-03-02 13:00:00'),
(3822, '2026-03-02', 1, 103, '2026-03-02 12:00:00', '2026-03-02 13:00:00'),
(3823, '2026-03-02', 1, 104, '2026-03-02 12:00:00', '2026-03-02 13:00:00'),
(3824, '2026-03-02', 1, 105, '2026-03-02 12:00:00', '2026-03-02 13:00:00'),
(3825, '2026-03-02', 1, 106, '2026-03-02 12:00:00', '2026-03-02 13:00:00'),
(3826, '2026-03-02', 1, 107, '2026-03-02 12:00:00', '2026-03-02 13:00:00'),
(3827, '2026-03-02', 1, 108, '2026-03-02 12:00:00', '2026-03-02 13:00:00'),
(3828, '2026-03-02', 1, 109, '2026-03-02 12:00:00', '2026-03-02 13:00:00'),
(3829, '2026-03-02', 1, 110, '2026-03-02 12:00:00', '2026-03-02 13:00:00'),
(3830, '2026-03-02', 1, 111, '2026-03-02 12:00:00', '2026-03-02 13:00:00'),
(3831, '2026-03-02', 1, 112, '2026-03-02 12:00:00', '2026-03-02 13:00:00'),
(3832, '2026-03-02', 1, 113, '2026-03-02 12:00:00', '2026-03-02 13:00:00'),
(3833, '2026-03-02', 1, 114, '2026-03-02 12:00:00', '2026-03-02 13:00:00'),
(3834, '2026-03-02', 1, 115, '2026-03-02 12:00:00', '2026-03-02 13:00:00'),
(3835, '2026-03-02', 1, 116, '2026-03-02 12:00:00', '2026-03-02 13:00:00'),
(3836, '2026-03-02', 1, 117, '2026-03-02 12:00:00', '2026-03-02 13:00:00'),
(3837, '2026-03-02', 1, 118, '2026-03-02 12:00:00', '2026-03-02 13:00:00'),
(3838, '2026-03-02', 1, 119, '2026-03-02 12:00:00', '2026-03-02 13:00:00'),
(3839, '2026-03-02', 1, 120, '2026-03-02 12:00:00', '2026-03-02 13:00:00'),
(3840, '2026-03-02', 1, 121, '2026-03-02 12:00:00', '2026-03-02 13:00:00'),
(3841, '2026-03-02', 1, 122, '2026-03-02 12:00:00', '2026-03-02 13:00:00'),
(3842, '2026-03-02', 1, 123, '2026-03-02 12:00:00', '2026-03-02 13:00:00'),
(3843, '2026-03-02', 1, 124, '2026-03-02 12:00:00', '2026-03-02 13:00:00'),
(3844, '2026-03-02', 1, 125, '2026-03-02 12:00:00', '2026-03-02 13:00:00'),
(3845, '2026-03-02', 1, 126, '2026-03-02 12:00:00', '2026-03-02 13:00:00'),
(3846, '2026-03-02', 1, 127, '2026-03-02 12:00:00', '2026-03-02 13:00:00'),
(3847, '2026-03-02', 1, 128, '2026-03-02 12:00:00', '2026-03-02 13:00:00'),
(3848, '2026-03-02', 1, 129, '2026-03-02 12:00:00', '2026-03-02 13:00:00'),
(3849, '2026-03-02', 1, 130, '2026-03-02 12:00:00', '2026-03-02 13:00:00'),
(3850, '2026-03-02', 1, 131, '2026-03-02 12:00:00', '2026-03-02 13:00:00'),
(3851, '2026-03-02', 1, 132, '2026-03-02 12:00:00', '2026-03-02 13:00:00'),
(3852, '2026-03-02', 1, 133, '2026-03-02 12:00:00', '2026-03-02 13:00:00'),
(3853, '2026-03-02', 1, 134, '2026-03-02 12:00:00', '2026-03-02 13:00:00'),
(3854, '2026-03-02', 1, 135, '2026-03-02 12:00:00', '2026-03-02 13:00:00'),
(3855, '2026-03-02', 1, 136, '2026-03-02 12:00:00', '2026-03-02 13:00:00'),
(3856, '2026-03-02', 1, 137, '2026-03-02 12:00:00', '2026-03-02 13:00:00'),
(3857, '2026-03-02', 1, 138, '2026-03-02 12:00:00', '2026-03-02 13:00:00'),
(3858, '2026-03-02', 1, 139, '2026-03-02 12:00:00', '2026-03-02 13:00:00'),
(3859, '2026-03-02', 1, 140, '2026-03-02 12:00:00', '2026-03-02 13:00:00'),
(3860, '2026-03-02', 1, 141, '2026-03-02 12:00:00', '2026-03-02 13:00:00'),
(3861, '2026-03-02', 1, 142, '2026-03-02 12:00:00', '2026-03-02 13:00:00'),
(3862, '2026-03-02', 1, 143, '2026-03-02 12:00:00', '2026-03-02 13:00:00'),
(3863, '2026-03-02', 1, 144, '2026-03-02 12:00:00', '2026-03-02 13:00:00'),
(3864, '2026-03-02', 1, 145, '2026-03-02 12:00:00', '2026-03-02 13:00:00'),
(3865, '2026-03-02', 1, 146, '2026-03-02 12:00:00', '2026-03-02 13:00:00'),
(3866, '2026-03-02', 1, 147, '2026-03-02 12:00:00', '2026-03-02 13:00:00'),
(3867, '2026-03-02', 1, 148, '2026-03-02 12:00:00', '2026-03-02 13:00:00'),
(3868, '2026-03-02', 1, 149, '2026-03-02 12:00:00', '2026-03-02 13:00:00'),
(3869, '2026-03-02', 1, 150, '2026-03-02 12:00:00', '2026-03-02 13:00:00'),
(3870, '2026-03-02', 1, 151, '2026-03-02 12:00:00', '2026-03-02 13:00:00'),
(3871, '2026-03-02', 1, 152, '2026-03-02 12:00:00', '2026-03-02 13:00:00'),
(3872, '2026-03-02', 1, 153, '2026-03-02 12:00:00', '2026-03-02 13:00:00'),
(3873, '2026-03-02', 1, 154, '2026-03-02 12:00:00', '2026-03-02 13:00:00'),
(3874, '2026-03-02', 1, 155, '2026-03-02 12:00:00', '2026-03-02 13:00:00'),
(3875, '2026-03-02', 1, 156, '2026-03-02 12:00:00', '2026-03-02 13:00:00'),
(3876, '2026-03-02', 1, 157, '2026-03-02 12:00:00', '2026-03-02 13:00:00'),
(3877, '2026-03-02', 1, 158, '2026-03-02 12:00:00', '2026-03-02 13:00:00'),
(3878, '2026-03-02', 1, 159, '2026-03-02 12:00:00', '2026-03-02 13:00:00'),
(3879, '2026-03-02', 1, 160, '2026-03-02 12:00:00', '2026-03-02 13:00:00'),
(3880, '2026-03-02', 1, 161, '2026-03-02 12:00:00', '2026-03-02 13:00:00'),
(3881, '2026-03-02', 1, 162, '2026-03-02 12:00:00', '2026-03-02 13:00:00'),
(3882, '2026-03-02', 1, 163, '2026-03-02 12:00:00', '2026-03-02 13:00:00'),
(3883, '2026-03-02', 1, 164, '2026-03-02 12:00:00', '2026-03-02 13:00:00'),
(3884, '2026-03-02', 1, 165, '2026-03-02 12:00:00', '2026-03-02 13:00:00'),
(3885, '2026-03-02', 1, 166, '2026-03-02 12:00:00', '2026-03-02 13:00:00'),
(3886, '2026-03-02', 1, 167, '2026-03-02 12:00:00', '2026-03-02 13:00:00'),
(3887, '2026-03-02', 1, 168, '2026-03-02 12:00:00', '2026-03-02 13:00:00'),
(3888, '2026-03-02', 1, 169, '2026-03-02 12:00:00', '2026-03-02 13:00:00'),
(3889, '2026-03-02', 1, 170, '2026-03-02 12:00:00', '2026-03-02 13:00:00'),
(3890, '2026-03-02', 1, 171, '2026-03-02 12:00:00', '2026-03-02 13:00:00'),
(3891, '2026-03-02', 1, 172, '2026-03-02 12:00:00', '2026-03-02 13:00:00'),
(3892, '2026-03-02', 1, 173, '2026-03-02 12:00:00', '2026-03-02 13:00:00'),
(3893, '2026-03-02', 1, 174, '2026-03-02 12:00:00', '2026-03-02 13:00:00'),
(3894, '2026-03-02', 1, 175, '2026-03-02 12:00:00', '2026-03-02 13:00:00'),
(3895, '2026-03-02', 1, 176, '2026-03-02 12:00:00', '2026-03-02 13:00:00'),
(3896, '2026-03-02', 1, 177, '2026-03-02 12:00:00', '2026-03-02 13:00:00'),
(3897, '2026-03-02', 1, 178, '2026-03-02 12:00:00', '2026-03-02 13:00:00'),
(3898, '2026-03-02', 1, 179, '2026-03-02 12:00:00', '2026-03-02 13:00:00'),
(3899, '2026-03-02', 1, 180, '2026-03-02 12:00:00', '2026-03-02 13:00:00'),
(3900, '2026-03-02', 1, 181, '2026-03-02 12:00:00', '2026-03-02 13:00:00'),
(3901, '2026-03-03', 1, 82, '2026-03-03 12:00:00', '2026-03-03 13:00:00'),
(3902, '2026-03-03', 1, 83, '2026-03-03 12:00:00', '2026-03-03 13:00:00'),
(3903, '2026-03-03', 1, 84, '2026-03-03 12:00:00', '2026-03-03 13:00:00'),
(3904, '2026-03-03', 1, 85, '2026-03-03 12:00:00', '2026-03-03 13:00:00'),
(3905, '2026-03-03', 1, 86, '2026-03-03 12:00:00', '2026-03-03 13:00:00'),
(3906, '2026-03-03', 1, 87, '2026-03-03 12:00:00', '2026-03-03 13:00:00'),
(3907, '2026-03-03', 1, 88, '2026-03-03 12:00:00', '2026-03-03 13:00:00'),
(3908, '2026-03-03', 1, 89, '2026-03-03 12:00:00', '2026-03-03 13:00:00'),
(3909, '2026-03-03', 1, 90, '2026-03-03 12:00:00', '2026-03-03 13:00:00'),
(3910, '2026-03-03', 1, 91, '2026-03-03 12:00:00', '2026-03-03 13:00:00'),
(3911, '2026-03-03', 1, 92, '2026-03-03 12:00:00', '2026-03-03 13:00:00'),
(3912, '2026-03-03', 1, 93, '2026-03-03 12:00:00', '2026-03-03 13:00:00'),
(3913, '2026-03-03', 1, 94, '2026-03-03 12:00:00', '2026-03-03 13:00:00'),
(3914, '2026-03-03', 1, 95, '2026-03-03 12:00:00', '2026-03-03 13:00:00'),
(3915, '2026-03-03', 1, 96, '2026-03-03 12:00:00', '2026-03-03 13:00:00'),
(3916, '2026-03-03', 1, 97, '2026-03-03 12:00:00', '2026-03-03 13:00:00'),
(3917, '2026-03-03', 1, 98, '2026-03-03 12:00:00', '2026-03-03 13:00:00'),
(3918, '2026-03-03', 1, 99, '2026-03-03 12:00:00', '2026-03-03 13:00:00'),
(3919, '2026-03-03', 1, 100, '2026-03-03 12:00:00', '2026-03-03 13:00:00'),
(3920, '2026-03-03', 1, 101, '2026-03-03 12:00:00', '2026-03-03 13:00:00'),
(3921, '2026-03-03', 1, 102, '2026-03-03 12:00:00', '2026-03-03 13:00:00'),
(3922, '2026-03-03', 1, 103, '2026-03-03 12:00:00', '2026-03-03 13:00:00'),
(3923, '2026-03-03', 1, 104, '2026-03-03 12:00:00', '2026-03-03 13:00:00'),
(3924, '2026-03-03', 1, 105, '2026-03-03 12:00:00', '2026-03-03 13:00:00'),
(3925, '2026-03-03', 1, 106, '2026-03-03 12:00:00', '2026-03-03 13:00:00'),
(3926, '2026-03-03', 1, 107, '2026-03-03 12:00:00', '2026-03-03 13:00:00'),
(3927, '2026-03-03', 1, 108, '2026-03-03 12:00:00', '2026-03-03 13:00:00'),
(3928, '2026-03-03', 1, 109, '2026-03-03 12:00:00', '2026-03-03 13:00:00'),
(3929, '2026-03-03', 1, 110, '2026-03-03 12:00:00', '2026-03-03 13:00:00'),
(3930, '2026-03-03', 1, 111, '2026-03-03 12:00:00', '2026-03-03 13:00:00'),
(3931, '2026-03-03', 1, 112, '2026-03-03 12:00:00', '2026-03-03 13:00:00'),
(3932, '2026-03-03', 1, 113, '2026-03-03 12:00:00', '2026-03-03 13:00:00'),
(3933, '2026-03-03', 1, 114, '2026-03-03 12:00:00', '2026-03-03 13:00:00'),
(3934, '2026-03-03', 1, 115, '2026-03-03 12:00:00', '2026-03-03 13:00:00'),
(3935, '2026-03-03', 1, 116, '2026-03-03 12:00:00', '2026-03-03 13:00:00'),
(3936, '2026-03-03', 1, 117, '2026-03-03 12:00:00', '2026-03-03 13:00:00'),
(3937, '2026-03-03', 1, 118, '2026-03-03 12:00:00', '2026-03-03 13:00:00'),
(3938, '2026-03-03', 1, 119, '2026-03-03 12:00:00', '2026-03-03 13:00:00'),
(3939, '2026-03-03', 1, 120, '2026-03-03 12:00:00', '2026-03-03 13:00:00'),
(3940, '2026-03-03', 1, 121, '2026-03-03 12:00:00', '2026-03-03 13:00:00'),
(3941, '2026-03-03', 1, 122, '2026-03-03 12:00:00', '2026-03-03 13:00:00'),
(3942, '2026-03-03', 1, 123, '2026-03-03 12:00:00', '2026-03-03 13:00:00'),
(3943, '2026-03-03', 1, 124, '2026-03-03 12:00:00', '2026-03-03 13:00:00'),
(3944, '2026-03-03', 1, 125, '2026-03-03 12:00:00', '2026-03-03 13:00:00'),
(3945, '2026-03-03', 1, 126, '2026-03-03 12:00:00', '2026-03-03 13:00:00'),
(3946, '2026-03-03', 1, 127, '2026-03-03 12:00:00', '2026-03-03 13:00:00'),
(3947, '2026-03-03', 1, 128, '2026-03-03 12:00:00', '2026-03-03 13:00:00'),
(3948, '2026-03-03', 1, 129, '2026-03-03 12:00:00', '2026-03-03 13:00:00'),
(3949, '2026-03-03', 1, 130, '2026-03-03 12:00:00', '2026-03-03 13:00:00'),
(3950, '2026-03-03', 1, 131, '2026-03-03 12:00:00', '2026-03-03 13:00:00'),
(3951, '2026-03-03', 1, 132, '2026-03-03 12:00:00', '2026-03-03 13:00:00'),
(3952, '2026-03-03', 1, 133, '2026-03-03 12:00:00', '2026-03-03 13:00:00'),
(3953, '2026-03-03', 1, 134, '2026-03-03 12:00:00', '2026-03-03 13:00:00'),
(3954, '2026-03-03', 1, 135, '2026-03-03 12:00:00', '2026-03-03 13:00:00'),
(3955, '2026-03-03', 1, 136, '2026-03-03 12:00:00', '2026-03-03 13:00:00'),
(3956, '2026-03-03', 1, 137, '2026-03-03 12:00:00', '2026-03-03 13:00:00'),
(3957, '2026-03-03', 1, 138, '2026-03-03 12:00:00', '2026-03-03 13:00:00'),
(3958, '2026-03-03', 1, 139, '2026-03-03 12:00:00', '2026-03-03 13:00:00'),
(3959, '2026-03-03', 1, 140, '2026-03-03 12:00:00', '2026-03-03 13:00:00'),
(3960, '2026-03-03', 1, 141, '2026-03-03 12:00:00', '2026-03-03 13:00:00'),
(3961, '2026-03-03', 1, 142, '2026-03-03 12:00:00', '2026-03-03 13:00:00'),
(3962, '2026-03-03', 1, 143, '2026-03-03 12:00:00', '2026-03-03 13:00:00'),
(3963, '2026-03-03', 1, 144, '2026-03-03 12:00:00', '2026-03-03 13:00:00'),
(3964, '2026-03-03', 1, 145, '2026-03-03 12:00:00', '2026-03-03 13:00:00'),
(3965, '2026-03-03', 1, 146, '2026-03-03 12:00:00', '2026-03-03 13:00:00'),
(3966, '2026-03-03', 1, 147, '2026-03-03 12:00:00', '2026-03-03 13:00:00'),
(3967, '2026-03-03', 1, 148, '2026-03-03 12:00:00', '2026-03-03 13:00:00'),
(3968, '2026-03-03', 1, 149, '2026-03-03 12:00:00', '2026-03-03 13:00:00'),
(3969, '2026-03-03', 1, 150, '2026-03-03 12:00:00', '2026-03-03 13:00:00'),
(3970, '2026-03-03', 1, 151, '2026-03-03 12:00:00', '2026-03-03 13:00:00'),
(3971, '2026-03-03', 1, 152, '2026-03-03 12:00:00', '2026-03-03 13:00:00'),
(3972, '2026-03-03', 1, 153, '2026-03-03 12:00:00', '2026-03-03 13:00:00'),
(3973, '2026-03-03', 1, 154, '2026-03-03 12:00:00', '2026-03-03 13:00:00'),
(3974, '2026-03-03', 1, 155, '2026-03-03 12:00:00', '2026-03-03 13:00:00'),
(3975, '2026-03-03', 1, 156, '2026-03-03 12:00:00', '2026-03-03 13:00:00'),
(3976, '2026-03-03', 1, 157, '2026-03-03 12:00:00', '2026-03-03 13:00:00'),
(3977, '2026-03-03', 1, 158, '2026-03-03 12:00:00', '2026-03-03 13:00:00'),
(3978, '2026-03-03', 1, 159, '2026-03-03 12:00:00', '2026-03-03 13:00:00'),
(3979, '2026-03-03', 1, 160, '2026-03-03 12:00:00', '2026-03-03 13:00:00'),
(3980, '2026-03-03', 1, 161, '2026-03-03 12:00:00', '2026-03-03 13:00:00'),
(3981, '2026-03-03', 1, 162, '2026-03-03 12:00:00', '2026-03-03 13:00:00'),
(3982, '2026-03-03', 1, 163, '2026-03-03 12:00:00', '2026-03-03 13:00:00'),
(3983, '2026-03-03', 1, 164, '2026-03-03 12:00:00', '2026-03-03 13:00:00'),
(3984, '2026-03-03', 1, 165, '2026-03-03 12:00:00', '2026-03-03 13:00:00'),
(3985, '2026-03-03', 1, 166, '2026-03-03 12:00:00', '2026-03-03 13:00:00'),
(3986, '2026-03-03', 1, 167, '2026-03-03 12:00:00', '2026-03-03 13:00:00'),
(3987, '2026-03-03', 1, 168, '2026-03-03 12:00:00', '2026-03-03 13:00:00'),
(3988, '2026-03-03', 1, 169, '2026-03-03 12:00:00', '2026-03-03 13:00:00'),
(3989, '2026-03-03', 1, 170, '2026-03-03 12:00:00', '2026-03-03 13:00:00'),
(3990, '2026-03-03', 1, 171, '2026-03-03 12:00:00', '2026-03-03 13:00:00'),
(3991, '2026-03-03', 1, 172, '2026-03-03 12:00:00', '2026-03-03 13:00:00'),
(3992, '2026-03-03', 1, 173, '2026-03-03 12:00:00', '2026-03-03 13:00:00'),
(3993, '2026-03-03', 1, 174, '2026-03-03 12:00:00', '2026-03-03 13:00:00'),
(3994, '2026-03-03', 1, 175, '2026-03-03 12:00:00', '2026-03-03 13:00:00'),
(3995, '2026-03-03', 1, 176, '2026-03-03 12:00:00', '2026-03-03 13:00:00'),
(3996, '2026-03-03', 1, 177, '2026-03-03 12:00:00', '2026-03-03 13:00:00'),
(3997, '2026-03-03', 1, 178, '2026-03-03 12:00:00', '2026-03-03 13:00:00'),
(3998, '2026-03-03', 1, 179, '2026-03-03 12:00:00', '2026-03-03 13:00:00'),
(3999, '2026-03-03', 1, 180, '2026-03-03 12:00:00', '2026-03-03 13:00:00'),
(4000, '2026-03-03', 1, 181, '2026-03-03 12:00:00', '2026-03-03 13:00:00');

--
-- Индексы сохранённых таблиц
--

--
-- Индексы таблицы `companies`
--
ALTER TABLE `companies`
  ADD PRIMARY KEY (`company_id`);

--
-- Индексы таблицы `lines`
--
ALTER TABLE `lines`
  ADD PRIMARY KEY (`line_id`);

--
-- Индексы таблицы `lines_extra`
--
ALTER TABLE `lines_extra`
  ADD PRIMARY KEY (`line_extra_id`),
  ADD KEY `lines_extra_line_id_foreign` (`line_id`);

--
-- Индексы таблицы `logs`
--
ALTER TABLE `logs`
  ADD PRIMARY KEY (`log_id`);

--
-- Индексы таблицы `migrations`
--
ALTER TABLE `migrations`
  ADD PRIMARY KEY (`id`);

--
-- Индексы таблицы `products_categories`
--
ALTER TABLE `products_categories`
  ADD PRIMARY KEY (`category_id`);

--
-- Индексы таблицы `products_dictionary`
--
ALTER TABLE `products_dictionary`
  ADD PRIMARY KEY (`product_id`);

--
-- Индексы таблицы `products_order`
--
ALTER TABLE `products_order`
  ADD PRIMARY KEY (`order_id`),
  ADD KEY `products_order_product_id_foreign` (`product_id`);

--
-- Индексы таблицы `products_plan`
--
ALTER TABLE `products_plan`
  ADD PRIMARY KEY (`plan_product_id`),
  ADD KEY `products_plan_slot_id_foreign` (`slot_id`);

--
-- Индексы таблицы `products_slots`
--
ALTER TABLE `products_slots`
  ADD PRIMARY KEY (`product_slot_id`),
  ADD KEY `products_slots_product_id_foreign` (`product_id`),
  ADD KEY `products_slots_line_id_foreign` (`line_id`);

--
-- Индексы таблицы `responsible`
--
ALTER TABLE `responsible`
  ADD PRIMARY KEY (`responsible_id`);

--
-- Индексы таблицы `slots`
--
ALTER TABLE `slots`
  ADD PRIMARY KEY (`slot_id`),
  ADD KEY `slots_worker_id_foreign` (`worker_id`),
  ADD KEY `slots_line_id_foreign` (`line_id`);

--
-- Индексы таблицы `workers`
--
ALTER TABLE `workers`
  ADD PRIMARY KEY (`worker_id`);

--
-- Индексы таблицы `workers_breaks`
--
ALTER TABLE `workers_breaks`
  ADD PRIMARY KEY (`break_id`),
  ADD KEY `workers_breaks_worker_id_foreign` (`worker_id`);

--
-- AUTO_INCREMENT для сохранённых таблиц
--

--
-- AUTO_INCREMENT для таблицы `companies`
--
ALTER TABLE `companies`
  MODIFY `company_id` bigint UNSIGNED NOT NULL AUTO_INCREMENT, AUTO_INCREMENT=6;

--
-- AUTO_INCREMENT для таблицы `lines`
--
ALTER TABLE `lines`
  MODIFY `line_id` bigint UNSIGNED NOT NULL AUTO_INCREMENT, AUTO_INCREMENT=50;

--
-- AUTO_INCREMENT для таблицы `lines_extra`
--
ALTER TABLE `lines_extra`
  MODIFY `line_extra_id` bigint UNSIGNED NOT NULL AUTO_INCREMENT, AUTO_INCREMENT=1622;

--
-- AUTO_INCREMENT для таблицы `logs`
--
ALTER TABLE `logs`
  MODIFY `log_id` bigint UNSIGNED NOT NULL AUTO_INCREMENT, AUTO_INCREMENT=23;

--
-- AUTO_INCREMENT для таблицы `migrations`
--
ALTER TABLE `migrations`
  MODIFY `id` int UNSIGNED NOT NULL AUTO_INCREMENT, AUTO_INCREMENT=57;

--
-- AUTO_INCREMENT для таблицы `products_categories`
--
ALTER TABLE `products_categories`
  MODIFY `category_id` bigint UNSIGNED NOT NULL AUTO_INCREMENT, AUTO_INCREMENT=33;

--
-- AUTO_INCREMENT для таблицы `products_dictionary`
--
ALTER TABLE `products_dictionary`
  MODIFY `product_id` bigint UNSIGNED NOT NULL AUTO_INCREMENT, AUTO_INCREMENT=511;

--
-- AUTO_INCREMENT для таблицы `products_order`
--
ALTER TABLE `products_order`
  MODIFY `order_id` bigint UNSIGNED NOT NULL AUTO_INCREMENT, AUTO_INCREMENT=2695;

--
-- AUTO_INCREMENT для таблицы `products_plan`
--
ALTER TABLE `products_plan`
  MODIFY `plan_product_id` bigint UNSIGNED NOT NULL AUTO_INCREMENT, AUTO_INCREMENT=576;

--
-- AUTO_INCREMENT для таблицы `products_slots`
--
ALTER TABLE `products_slots`
  MODIFY `product_slot_id` bigint UNSIGNED NOT NULL AUTO_INCREMENT, AUTO_INCREMENT=4793;

--
-- AUTO_INCREMENT для таблицы `responsible`
--
ALTER TABLE `responsible`
  MODIFY `responsible_id` bigint UNSIGNED NOT NULL AUTO_INCREMENT, AUTO_INCREMENT=15;

--
-- AUTO_INCREMENT для таблицы `slots`
--
ALTER TABLE `slots`
  MODIFY `slot_id` bigint UNSIGNED NOT NULL AUTO_INCREMENT, AUTO_INCREMENT=17;

--
-- AUTO_INCREMENT для таблицы `workers`
--
ALTER TABLE `workers`
  MODIFY `worker_id` bigint UNSIGNED NOT NULL AUTO_INCREMENT, AUTO_INCREMENT=182;

--
-- AUTO_INCREMENT для таблицы `workers_breaks`
--
ALTER TABLE `workers_breaks`
  MODIFY `break_id` bigint UNSIGNED NOT NULL AUTO_INCREMENT, AUTO_INCREMENT=4001;

--
-- Ограничения внешнего ключа сохраненных таблиц
--

--
-- Ограничения внешнего ключа таблицы `lines_extra`
--
ALTER TABLE `lines_extra`
  ADD CONSTRAINT `lines_extra_line_id_foreign` FOREIGN KEY (`line_id`) REFERENCES `lines` (`line_id`) ON DELETE CASCADE;

--
-- Ограничения внешнего ключа таблицы `products_order`
--
ALTER TABLE `products_order`
  ADD CONSTRAINT `products_order_product_id_foreign` FOREIGN KEY (`product_id`) REFERENCES `products_dictionary` (`product_id`) ON DELETE CASCADE;

--
-- Ограничения внешнего ключа таблицы `products_plan`
--
ALTER TABLE `products_plan`
  ADD CONSTRAINT `products_plan_slot_id_foreign` FOREIGN KEY (`slot_id`) REFERENCES `products_slots` (`product_slot_id`) ON DELETE CASCADE;

--
-- Ограничения внешнего ключа таблицы `products_slots`
--
ALTER TABLE `products_slots`
  ADD CONSTRAINT `products_slots_line_id_foreign` FOREIGN KEY (`line_id`) REFERENCES `lines` (`line_id`) ON DELETE CASCADE,
  ADD CONSTRAINT `products_slots_product_id_foreign` FOREIGN KEY (`product_id`) REFERENCES `products_dictionary` (`product_id`) ON DELETE CASCADE;

--
-- Ограничения внешнего ключа таблицы `slots`
--
ALTER TABLE `slots`
  ADD CONSTRAINT `slots_line_id_foreign` FOREIGN KEY (`line_id`) REFERENCES `lines` (`line_id`) ON DELETE CASCADE,
  ADD CONSTRAINT `slots_worker_id_foreign` FOREIGN KEY (`worker_id`) REFERENCES `workers` (`worker_id`) ON DELETE CASCADE;

--
-- Ограничения внешнего ключа таблицы `workers_breaks`
--
ALTER TABLE `workers_breaks`
  ADD CONSTRAINT `workers_breaks_worker_id_foreign` FOREIGN KEY (`worker_id`) REFERENCES `workers` (`worker_id`) ON DELETE CASCADE;
COMMIT;

/*!40101 SET CHARACTER_SET_CLIENT=@OLD_CHARACTER_SET_CLIENT */;
/*!40101 SET CHARACTER_SET_RESULTS=@OLD_CHARACTER_SET_RESULTS */;
/*!40101 SET COLLATION_CONNECTION=@OLD_COLLATION_CONNECTION */;
